write-string-0	OK:2:96a296d224f285c67bee93c30f8a309157f0daa35dc5b87e410b78630a09cfc7
read-string-0	OK:2:96a296d224f285c67bee93c30f8a309157f0daa35dc5b87e410b78630a09cfc7:remaining=0
write-string-1	OK:16:ca389539a153fb5ee49ebf12a0a0a1cba11e6ddcc87c3759af1bb07ad37be43b
read-string-1	OK:16:ca389539a153fb5ee49ebf12a0a0a1cba11e6ddcc87c3759af1bb07ad37be43b:remaining=0
write-string-2	OK:14:1e6bc9ccb18d96492c9fdd6e9518b9bd70fe023eb29511d88959297f5ffc95c7
read-string-2	OK:14:1e6bc9ccb18d96492c9fdd6e9518b9bd70fe023eb29511d88959297f5ffc95c7:remaining=0
write-string-3	OK:4:c93b1203e799458cc92a0f32f1602cd77c4fd75d9f3d69aa1be1d9b75a3c09b0
read-string-3	OK:4:c93b1203e799458cc92a0f32f1602cd77c4fd75d9f3d69aa1be1d9b75a3c09b0:remaining=0
write-string-4	OK:4:c0df7a1a63fc0676e7c7824bac8bc785b5bcbeccc9b60fd23e898087c3789273
read-string-4	OK:4:c0df7a1a63fc0676e7c7824bac8bc785b5bcbeccc9b60fd23e898087c3789273:remaining=0
write-string-5	OK:66:20b6a5d8b3753e7dcdfb09118e2f0dbf7ed1a0dda18eb1e99ce572fd41745a5f
read-string-5	OK:66:20b6a5d8b3753e7dcdfb09118e2f0dbf7ed1a0dda18eb1e99ce572fd41745a5f:remaining=0
write-string-6	OK:68:b5d299cf76bea7370a9481138fd1453805f1b2f6f2c04d94ce9676a71ac9f49a
read-string-6	OK:68:b5d299cf76bea7370a9481138fd1453805f1b2f6f2c04d94ce9676a71ac9f49a:remaining=0
write-string-7	OK:202:85651fdea5433136dac7d7b5fa3fb5eb480da53b4fae4842df4f432cb87072f8
read-string-7	OK:202:85651fdea5433136dac7d7b5fa3fb5eb480da53b4fae4842df4f432cb87072f8:remaining=0
write-string-8	OK:204:27f2261d93dd83de4b3ce55fd438ba430e73298ef48003736933ef5141253adf
read-string-8	OK:204:27f2261d93dd83de4b3ce55fd438ba430e73298ef48003736933ef5141253adf:remaining=0
write-string-9	OK:240:8ec3cbe316c6b9416d8331d572db2ac1292fee6b43d618ce3d760e6a2519d4da
read-string-9	OK:240:8ec3cbe316c6b9416d8331d572db2ac1292fee6b43d618ce3d760e6a2519d4da:remaining=0
write-string-10	OK:242:b861ca029906f8392be87b4795ed5f838aa9fb47d74a1a75e10f09905cc01101
read-string-10	OK:242:b861ca029906f8392be87b4795ed5f838aa9fb47d74a1a75e10f09905cc01101:remaining=0
write-string-11	OK:65536:a019c9606b92162efe6d3fc41a17c778e66f642dcab5ec50055105187843332a
read-string-11	OK:65536:a019c9606b92162efe6d3fc41a17c778e66f642dcab5ec50055105187843332a:remaining=0
write-string-12	ERROR:java.io.IOException:String too big
read-string-12	ERROR:java.io.IOException:Received string length is less than zero! Weird string!
negative-length	ERROR:java.io.IOException:Received string length is less than zero! Weird string!
over-limit	ERROR:java.io.IOException:Received string length longer than maximum allowed (33 > 32)
negative-maximum	ERROR:java.io.IOException:Received string length longer than maximum allowed (0 > -1)
truncated-string-0	ERROR:java.io.EOFException:null
truncated-string-1	ERROR:java.io.EOFException:null
truncated-string-2	ERROR:java.io.EOFException:null
truncated-string-3	ERROR:java.io.EOFException:null
truncated-string-4	ERROR:java.io.EOFException:null
truncated-string-5	ERROR:java.io.EOFException:null
construct-0-0	OK:1:6e340b9cffb37a989ca544e6bb780a2c78901d3fb33738768511a30617afa01d:size=0
packet-0-0-false	OK:id=0:size=0:wire=1:6e340b9cffb37a989ca544e6bb780a2c78901d3fb33738768511a30617afa01d:remaining=0
packet-0-0-true	OK:id=0:size=0:wire=1:6e340b9cffb37a989ca544e6bb780a2c78901d3fb33738768511a30617afa01d:remaining=0
construct-2-0	OK:3:070b13c004e9475fa155cd84d90de9f87db1b7dea6707329638a6ce66043d246:size=8
packet-2-0-false	OK:id=2:size=8:wire=3:070b13c004e9475fa155cd84d90de9f87db1b7dea6707329638a6ce66043d246:remaining=0
packet-2-0-true	OK:id=2:size=8:wire=3:070b13c004e9475fa155cd84d90de9f87db1b7dea6707329638a6ce66043d246:remaining=0
construct-2-1	OK:17:fc6720de21cd46f5aaf06dbbc8653bfc9e1c0f6772db2d9c223a21ce3b9f3e47:size=15
packet-2-1-false	OK:id=2:size=15:wire=17:fc6720de21cd46f5aaf06dbbc8653bfc9e1c0f6772db2d9c223a21ce3b9f3e47:remaining=0
packet-2-1-true	OK:id=2:size=15:wire=17:fc6720de21cd46f5aaf06dbbc8653bfc9e1c0f6772db2d9c223a21ce3b9f3e47:remaining=0
construct-2-2	OK:15:3d9470fb32bc6d523ab6d22a478a98bc2260e70b3c5347a3df2d02aa1b7d10fd:size=14
packet-2-2-false	OK:id=2:size=14:wire=15:3d9470fb32bc6d523ab6d22a478a98bc2260e70b3c5347a3df2d02aa1b7d10fd:remaining=0
packet-2-2-true	OK:id=2:size=14:wire=15:3d9470fb32bc6d523ab6d22a478a98bc2260e70b3c5347a3df2d02aa1b7d10fd:remaining=0
construct-2-3	OK:5:dd20394e2647988e44370ee82e3ef8c59def2d3753440c9b2af89db0e3c46bad:size=9
packet-2-3-false	OK:id=2:size=9:wire=5:dd20394e2647988e44370ee82e3ef8c59def2d3753440c9b2af89db0e3c46bad:remaining=0
packet-2-3-true	OK:id=2:size=9:wire=5:dd20394e2647988e44370ee82e3ef8c59def2d3753440c9b2af89db0e3c46bad:remaining=0
construct-2-4	OK:5:9dce446b63c2272f2804f803a5720c4b1272b466724d99af420ef7b6edf1e4c6:size=9
packet-2-4-false	OK:id=2:size=9:wire=5:9dce446b63c2272f2804f803a5720c4b1272b466724d99af420ef7b6edf1e4c6:remaining=0
packet-2-4-true	OK:id=2:size=9:wire=5:9dce446b63c2272f2804f803a5720c4b1272b466724d99af420ef7b6edf1e4c6:remaining=0
construct-2-5	OK:67:c16ab3fbb1e3ccd19bb0f2168ff197e738b538a9a3e93e94e5856de1cd864c2e:size=40
packet-2-5-false	OK:id=2:size=40:wire=67:c16ab3fbb1e3ccd19bb0f2168ff197e738b538a9a3e93e94e5856de1cd864c2e:remaining=0
packet-2-5-true	OK:id=2:size=40:wire=67:c16ab3fbb1e3ccd19bb0f2168ff197e738b538a9a3e93e94e5856de1cd864c2e:remaining=0
construct-2-6	OK:69:f9020438e0417cc01ea5814eb6f761182844e8f20532f5f493b44c5248692506:size=41
packet-2-6-false	ERROR:java.io.IOException:Received string length longer than maximum allowed (33 > 32)
packet-2-6-true	ERROR:java.io.IOException:Received string length longer than maximum allowed (33 > 32)
construct-2-7	OK:203:ac0031d84ad7020a236f0dffc66038d10249fcc36fbe804ff807f675634056eb:size=108
packet-2-7-false	ERROR:java.io.IOException:Received string length longer than maximum allowed (100 > 32)
packet-2-7-true	ERROR:java.io.IOException:Received string length longer than maximum allowed (100 > 32)
construct-2-8	OK:205:8e06d007b6e18068e985cd899d13c7fd5582c5fc52af1e8ea7c4a0cb8841d4ab:size=109
packet-2-8-false	ERROR:java.io.IOException:Received string length longer than maximum allowed (101 > 32)
packet-2-8-true	ERROR:java.io.IOException:Received string length longer than maximum allowed (101 > 32)
construct-2-9	OK:241:f97c2f36565e466b5057cb37b5f96a89b8de08305baf0d54be5fed2b55c93925:size=127
packet-2-9-false	ERROR:java.io.IOException:Received string length longer than maximum allowed (119 > 32)
packet-2-9-true	ERROR:java.io.IOException:Received string length longer than maximum allowed (119 > 32)
construct-2-10	OK:243:5845e0da606c7d063a07934ec46213647e6439a996179fc52fe898c2852a54cf:size=128
packet-2-10-false	ERROR:java.io.IOException:Received string length longer than maximum allowed (120 > 32)
packet-2-10-true	ERROR:java.io.IOException:Received string length longer than maximum allowed (120 > 32)
construct-2-11	OK:65537:d76dd758a98c72bc370d2c42560ee4c7360ab44ae65d4cb4f612c5cb41ef7318:size=32775
packet-2-11-false	ERROR:java.io.IOException:Received string length longer than maximum allowed (32767 > 32)
packet-2-11-true	ERROR:java.io.IOException:Received string length longer than maximum allowed (32767 > 32)
construct-2-12	ERROR:java.io.IOException:String too big
packet-2-12-false	ERROR:java.io.IOException:Received string length is less than zero! Weird string!
packet-2-12-true	ERROR:java.io.IOException:Received string length is less than zero! Weird string!
construct-3-0	OK:3:3e4479e6b5a0a3bed1440325ca4bb09327a1dfb39c28bdd59de53a687ade0105:size=0
packet-3-0-false	OK:id=3:size=0:wire=3:3e4479e6b5a0a3bed1440325ca4bb09327a1dfb39c28bdd59de53a687ade0105:remaining=0
packet-3-0-true	OK:id=3:size=0:wire=3:3e4479e6b5a0a3bed1440325ca4bb09327a1dfb39c28bdd59de53a687ade0105:remaining=0
construct-3-1	OK:17:fb2512e37c42a875029dd749d71224bbf630c5c69578fcb4cf8182cd2455094c:size=7
packet-3-1-false	OK:id=3:size=7:wire=17:fb2512e37c42a875029dd749d71224bbf630c5c69578fcb4cf8182cd2455094c:remaining=0
packet-3-1-true	OK:id=3:size=7:wire=17:fb2512e37c42a875029dd749d71224bbf630c5c69578fcb4cf8182cd2455094c:remaining=0
construct-3-2	OK:15:ef1a32f7c3065920b728900f4334d2dfba17f205a822cbc93fbd3f1690de6a25:size=6
packet-3-2-false	OK:id=3:size=6:wire=15:ef1a32f7c3065920b728900f4334d2dfba17f205a822cbc93fbd3f1690de6a25:remaining=0
packet-3-2-true	OK:id=3:size=6:wire=15:ef1a32f7c3065920b728900f4334d2dfba17f205a822cbc93fbd3f1690de6a25:remaining=0
construct-3-3	OK:5:3305b7751a8527be1410a3477d61b488842223758e2883f0d58d48c24fb944d3:size=1
packet-3-3-false	OK:id=3:size=1:wire=5:3305b7751a8527be1410a3477d61b488842223758e2883f0d58d48c24fb944d3:remaining=0
packet-3-3-true	OK:id=3:size=1:wire=5:3305b7751a8527be1410a3477d61b488842223758e2883f0d58d48c24fb944d3:remaining=0
construct-3-4	OK:5:27a6aeae0f4754f1ae3324a6d17d87badbf15b6b28e55fc25dcd1be74f1007d8:size=1
packet-3-4-false	OK:id=3:size=1:wire=5:27a6aeae0f4754f1ae3324a6d17d87badbf15b6b28e55fc25dcd1be74f1007d8:remaining=0
packet-3-4-true	OK:id=3:size=1:wire=5:27a6aeae0f4754f1ae3324a6d17d87badbf15b6b28e55fc25dcd1be74f1007d8:remaining=0
construct-3-5	OK:67:263f03854e024daf943ff758bf48df09fb1d6de8c291ca0eb6e4e358fb99be8f:size=32
packet-3-5-false	OK:id=3:size=32:wire=67:263f03854e024daf943ff758bf48df09fb1d6de8c291ca0eb6e4e358fb99be8f:remaining=0
packet-3-5-true	OK:id=3:size=32:wire=67:263f03854e024daf943ff758bf48df09fb1d6de8c291ca0eb6e4e358fb99be8f:remaining=0
construct-3-6	OK:69:29414ec6fad49c21e4ced6a518e332441269ffd95ad45297d3d5bbbf6c26a383:size=33
packet-3-6-false	OK:id=3:size=33:wire=69:29414ec6fad49c21e4ced6a518e332441269ffd95ad45297d3d5bbbf6c26a383:remaining=0
packet-3-6-true	OK:id=3:size=33:wire=69:29414ec6fad49c21e4ced6a518e332441269ffd95ad45297d3d5bbbf6c26a383:remaining=0
construct-3-7	OK:203:a09f6eee77a2ae7a2e403a22c58fe4540f39b6566bbff2babe770946a1d31252:size=100
packet-3-7-false	OK:id=3:size=100:wire=203:a09f6eee77a2ae7a2e403a22c58fe4540f39b6566bbff2babe770946a1d31252:remaining=0
packet-3-7-true	OK:id=3:size=100:wire=203:a09f6eee77a2ae7a2e403a22c58fe4540f39b6566bbff2babe770946a1d31252:remaining=0
construct-3-8	OK:205:537534362b3844eaa9093005bbafd89fd95be0bb65f6e3eadc58dd6236454f49:size=101
packet-3-8-false	OK:id=3:size=101:wire=205:537534362b3844eaa9093005bbafd89fd95be0bb65f6e3eadc58dd6236454f49:remaining=0
packet-3-8-true	OK:id=3:size=101:wire=205:537534362b3844eaa9093005bbafd89fd95be0bb65f6e3eadc58dd6236454f49:remaining=0
construct-3-9	OK:241:3f61caaee7c9906d8e295dcd7fc128b447767f8445ef9e2e81746d9a07d11334:size=119
packet-3-9-false	OK:id=3:size=119:wire=241:3f61caaee7c9906d8e295dcd7fc128b447767f8445ef9e2e81746d9a07d11334:remaining=0
packet-3-9-true	OK:id=3:size=119:wire=241:3f61caaee7c9906d8e295dcd7fc128b447767f8445ef9e2e81746d9a07d11334:remaining=0
construct-3-10	OK:241:3f61caaee7c9906d8e295dcd7fc128b447767f8445ef9e2e81746d9a07d11334:size=119
packet-3-10-false	ERROR:java.io.IOException:Received string length longer than maximum allowed (120 > 119)
packet-3-10-true	ERROR:java.io.IOException:Received string length longer than maximum allowed (120 > 119)
construct-3-11	OK:241:3f61caaee7c9906d8e295dcd7fc128b447767f8445ef9e2e81746d9a07d11334:size=119
packet-3-11-false	ERROR:java.io.IOException:Received string length longer than maximum allowed (32767 > 119)
packet-3-11-true	ERROR:java.io.IOException:Received string length longer than maximum allowed (32767 > 119)
construct-3-12	OK:241:3f61caaee7c9906d8e295dcd7fc128b447767f8445ef9e2e81746d9a07d11334:size=119
packet-3-12-false	ERROR:java.io.IOException:Received string length is less than zero! Weird string!
packet-3-12-true	ERROR:java.io.IOException:Received string length is less than zero! Weird string!
construct-255-0	OK:3:7fa54a42524916a1648ec76ce75d295024840b7a3a4f4bbaf3e43155d0014767:size=0
packet-255-0-false	OK:id=255:size=0:wire=3:7fa54a42524916a1648ec76ce75d295024840b7a3a4f4bbaf3e43155d0014767:remaining=0
packet-255-0-true	OK:id=255:size=0:wire=3:7fa54a42524916a1648ec76ce75d295024840b7a3a4f4bbaf3e43155d0014767:remaining=0
construct-255-1	OK:17:8f8eca8bb0b0cfcd5642d07bea6eaf4ffd8a1490e4538c76831df295152ea5d5:size=7
packet-255-1-false	OK:id=255:size=7:wire=17:8f8eca8bb0b0cfcd5642d07bea6eaf4ffd8a1490e4538c76831df295152ea5d5:remaining=0
packet-255-1-true	OK:id=255:size=7:wire=17:8f8eca8bb0b0cfcd5642d07bea6eaf4ffd8a1490e4538c76831df295152ea5d5:remaining=0
construct-255-2	OK:15:c26de75d55c83f70abd7c920f6c6ec6feb852912e609efffa42470710ad9904b:size=6
packet-255-2-false	OK:id=255:size=6:wire=15:c26de75d55c83f70abd7c920f6c6ec6feb852912e609efffa42470710ad9904b:remaining=0
packet-255-2-true	OK:id=255:size=6:wire=15:c26de75d55c83f70abd7c920f6c6ec6feb852912e609efffa42470710ad9904b:remaining=0
construct-255-3	OK:5:15c13f2d64fa84942a9914ad3505ed8248c5de094c64a9dd1f30e96089e1d2d3:size=1
packet-255-3-false	OK:id=255:size=1:wire=5:15c13f2d64fa84942a9914ad3505ed8248c5de094c64a9dd1f30e96089e1d2d3:remaining=0
packet-255-3-true	OK:id=255:size=1:wire=5:15c13f2d64fa84942a9914ad3505ed8248c5de094c64a9dd1f30e96089e1d2d3:remaining=0
construct-255-4	OK:5:b9307f52cb4d496b4f4f282ad0491e2fb91c08c9b04a06cf5ea5d3a854fab284:size=1
packet-255-4-false	OK:id=255:size=1:wire=5:b9307f52cb4d496b4f4f282ad0491e2fb91c08c9b04a06cf5ea5d3a854fab284:remaining=0
packet-255-4-true	OK:id=255:size=1:wire=5:b9307f52cb4d496b4f4f282ad0491e2fb91c08c9b04a06cf5ea5d3a854fab284:remaining=0
construct-255-5	OK:67:92747edcea00a0d5b786119b85757c5c93a928fa1da4b8ab4363c78751a76f27:size=32
packet-255-5-false	OK:id=255:size=32:wire=67:92747edcea00a0d5b786119b85757c5c93a928fa1da4b8ab4363c78751a76f27:remaining=0
packet-255-5-true	OK:id=255:size=32:wire=67:92747edcea00a0d5b786119b85757c5c93a928fa1da4b8ab4363c78751a76f27:remaining=0
construct-255-6	OK:69:c155fdf48751872669998c0b79b7137cbe66a68f15a86077ed0783c6c69c1682:size=33
packet-255-6-false	OK:id=255:size=33:wire=69:c155fdf48751872669998c0b79b7137cbe66a68f15a86077ed0783c6c69c1682:remaining=0
packet-255-6-true	OK:id=255:size=33:wire=69:c155fdf48751872669998c0b79b7137cbe66a68f15a86077ed0783c6c69c1682:remaining=0
construct-255-7	OK:203:506adbf67653370a2a173e005a8de36a39bbb117df870d59fd009c65a0d7de96:size=100
packet-255-7-false	OK:id=255:size=100:wire=203:506adbf67653370a2a173e005a8de36a39bbb117df870d59fd009c65a0d7de96:remaining=0
packet-255-7-true	OK:id=255:size=100:wire=203:506adbf67653370a2a173e005a8de36a39bbb117df870d59fd009c65a0d7de96:remaining=0
construct-255-8	OK:205:287235a5e9d2c867f1716e2f7e7114fc9c937ab796b7d3e6f4cac8fe667149e5:size=101
packet-255-8-false	ERROR:java.io.IOException:Received string length longer than maximum allowed (101 > 100)
packet-255-8-true	ERROR:java.io.IOException:Received string length longer than maximum allowed (101 > 100)
construct-255-9	OK:241:74dde432e52dfdb343d9214b13722696481b806408859d5c6c308b94145333fe:size=119
packet-255-9-false	ERROR:java.io.IOException:Received string length longer than maximum allowed (119 > 100)
packet-255-9-true	ERROR:java.io.IOException:Received string length longer than maximum allowed (119 > 100)
construct-255-10	OK:243:152edaa9176411300403486aee45036c2454d676afb756e144130ab0dd3b8014:size=120
packet-255-10-false	ERROR:java.io.IOException:Received string length longer than maximum allowed (120 > 100)
packet-255-10-true	ERROR:java.io.IOException:Received string length longer than maximum allowed (120 > 100)
construct-255-11	OK:65537:18c7addbf69aed5535fc3b83bee480e8142e3bd292fab86590bc75e0f3dd3538:size=32767
packet-255-11-false	ERROR:java.io.IOException:Received string length longer than maximum allowed (32767 > 100)
packet-255-11-true	ERROR:java.io.IOException:Received string length longer than maximum allowed (32767 > 100)
construct-255-12	ERROR:java.io.IOException:String too big
packet-255-12-false	ERROR:java.io.IOException:Received string length is less than zero! Weird string!
packet-255-12-true	ERROR:java.io.IOException:Received string length is less than zero! Weird string!
empty-false	OK:null:remaining=0
unknown-id-false	ERROR:java.io.IOException:Bad packet id 254
direction-4-false	OK:id=4:size=8:wire=9:93e60f669b99ad3e3ee6284b139e57adfb419960f390858e46ea565bbf82d001:remaining=1
direction-7-false	ERROR:java.io.IOException:Bad packet id 7
truncated-packet-1-false	OK:null:remaining=0
truncated-packet-2-false	OK:null:remaining=0
truncated-packet-3-false	OK:null:remaining=0
truncated-packet-4-false	OK:null:remaining=0
truncated-packet-5-false	OK:null:remaining=0
truncated-packet-6-false	OK:null:remaining=0
empty-true	OK:null:remaining=0
unknown-id-true	ERROR:java.io.IOException:Bad packet id 254
direction-4-true	ERROR:java.io.IOException:Bad packet id 4
direction-7-true	OK:id=7:size=9:wire=10:960469fe52008c3bcd16dbb2b6a327608d71734e55476b988176b257d682988f:remaining=0
truncated-packet-1-true	OK:null:remaining=0
truncated-packet-2-true	OK:null:remaining=0
truncated-packet-3-true	OK:null:remaining=0
truncated-packet-4-true	OK:null:remaining=0
truncated-packet-5-true	OK:null:remaining=0
truncated-packet-6-true	OK:null:remaining=0
movement-10-0-0-false	OK:wire=2:102b51b9765a56a3e899f7cf0ee38e5251f9c503b357b330a49183eb7b155604:size=1:state=0,0,0,0,0,0,:ground=false:moving=false:rotating=false:remaining=0
movement-10-0-0-true	OK:wire=2:102b51b9765a56a3e899f7cf0ee38e5251f9c503b357b330a49183eb7b155604:size=1:state=0,0,0,0,0,0,:ground=false:moving=false:rotating=false:remaining=0
movement-10-0-1-false	OK:wire=2:426e75c2b5c719ae46005abc57144fde1b70294c0d2adf82a36a4de6e0578830:size=1:state=0,0,0,0,0,0,:ground=true:moving=false:rotating=false:remaining=0
movement-10-0-1-true	OK:wire=2:426e75c2b5c719ae46005abc57144fde1b70294c0d2adf82a36a4de6e0578830:size=1:state=0,0,0,0,0,0,:ground=true:moving=false:rotating=false:remaining=0
movement-10-0-2-false	OK:wire=2:426e75c2b5c719ae46005abc57144fde1b70294c0d2adf82a36a4de6e0578830:size=1:state=0,0,0,0,0,0,:ground=true:moving=false:rotating=false:remaining=0
movement-10-0-2-true	OK:wire=2:426e75c2b5c719ae46005abc57144fde1b70294c0d2adf82a36a4de6e0578830:size=1:state=0,0,0,0,0,0,:ground=true:moving=false:rotating=false:remaining=0
movement-10-0-127-false	OK:wire=2:426e75c2b5c719ae46005abc57144fde1b70294c0d2adf82a36a4de6e0578830:size=1:state=0,0,0,0,0,0,:ground=true:moving=false:rotating=false:remaining=0
movement-10-0-127-true	OK:wire=2:426e75c2b5c719ae46005abc57144fde1b70294c0d2adf82a36a4de6e0578830:size=1:state=0,0,0,0,0,0,:ground=true:moving=false:rotating=false:remaining=0
movement-10-0-255-false	OK:wire=2:426e75c2b5c719ae46005abc57144fde1b70294c0d2adf82a36a4de6e0578830:size=1:state=0,0,0,0,0,0,:ground=true:moving=false:rotating=false:remaining=0
movement-10-0-255-true	OK:wire=2:426e75c2b5c719ae46005abc57144fde1b70294c0d2adf82a36a4de6e0578830:size=1:state=0,0,0,0,0,0,:ground=true:moving=false:rotating=false:remaining=0
movement-10-1-0-false	OK:wire=2:102b51b9765a56a3e899f7cf0ee38e5251f9c503b357b330a49183eb7b155604:size=1:state=0,0,0,0,0,0,:ground=false:moving=false:rotating=false:remaining=0
movement-10-1-0-true	OK:wire=2:102b51b9765a56a3e899f7cf0ee38e5251f9c503b357b330a49183eb7b155604:size=1:state=0,0,0,0,0,0,:ground=false:moving=false:rotating=false:remaining=0
movement-10-1-1-false	OK:wire=2:426e75c2b5c719ae46005abc57144fde1b70294c0d2adf82a36a4de6e0578830:size=1:state=0,0,0,0,0,0,:ground=true:moving=false:rotating=false:remaining=0
movement-10-1-1-true	OK:wire=2:426e75c2b5c719ae46005abc57144fde1b70294c0d2adf82a36a4de6e0578830:size=1:state=0,0,0,0,0,0,:ground=true:moving=false:rotating=false:remaining=0
movement-10-1-2-false	OK:wire=2:426e75c2b5c719ae46005abc57144fde1b70294c0d2adf82a36a4de6e0578830:size=1:state=0,0,0,0,0,0,:ground=true:moving=false:rotating=false:remaining=0
movement-10-1-2-true	OK:wire=2:426e75c2b5c719ae46005abc57144fde1b70294c0d2adf82a36a4de6e0578830:size=1:state=0,0,0,0,0,0,:ground=true:moving=false:rotating=false:remaining=0
movement-10-1-127-false	OK:wire=2:426e75c2b5c719ae46005abc57144fde1b70294c0d2adf82a36a4de6e0578830:size=1:state=0,0,0,0,0,0,:ground=true:moving=false:rotating=false:remaining=0
movement-10-1-127-true	OK:wire=2:426e75c2b5c719ae46005abc57144fde1b70294c0d2adf82a36a4de6e0578830:size=1:state=0,0,0,0,0,0,:ground=true:moving=false:rotating=false:remaining=0
movement-10-1-255-false	OK:wire=2:426e75c2b5c719ae46005abc57144fde1b70294c0d2adf82a36a4de6e0578830:size=1:state=0,0,0,0,0,0,:ground=true:moving=false:rotating=false:remaining=0
movement-10-1-255-true	OK:wire=2:426e75c2b5c719ae46005abc57144fde1b70294c0d2adf82a36a4de6e0578830:size=1:state=0,0,0,0,0,0,:ground=true:moving=false:rotating=false:remaining=0
movement-10-2-0-false	OK:wire=2:102b51b9765a56a3e899f7cf0ee38e5251f9c503b357b330a49183eb7b155604:size=1:state=0,0,0,0,0,0,:ground=false:moving=false:rotating=false:remaining=0
movement-10-2-0-true	OK:wire=2:102b51b9765a56a3e899f7cf0ee38e5251f9c503b357b330a49183eb7b155604:size=1:state=0,0,0,0,0,0,:ground=false:moving=false:rotating=false:remaining=0
movement-10-2-1-false	OK:wire=2:426e75c2b5c719ae46005abc57144fde1b70294c0d2adf82a36a4de6e0578830:size=1:state=0,0,0,0,0,0,:ground=true:moving=false:rotating=false:remaining=0
movement-10-2-1-true	OK:wire=2:426e75c2b5c719ae46005abc57144fde1b70294c0d2adf82a36a4de6e0578830:size=1:state=0,0,0,0,0,0,:ground=true:moving=false:rotating=false:remaining=0
movement-10-2-2-false	OK:wire=2:426e75c2b5c719ae46005abc57144fde1b70294c0d2adf82a36a4de6e0578830:size=1:state=0,0,0,0,0,0,:ground=true:moving=false:rotating=false:remaining=0
movement-10-2-2-true	OK:wire=2:426e75c2b5c719ae46005abc57144fde1b70294c0d2adf82a36a4de6e0578830:size=1:state=0,0,0,0,0,0,:ground=true:moving=false:rotating=false:remaining=0
movement-10-2-127-false	OK:wire=2:426e75c2b5c719ae46005abc57144fde1b70294c0d2adf82a36a4de6e0578830:size=1:state=0,0,0,0,0,0,:ground=true:moving=false:rotating=false:remaining=0
movement-10-2-127-true	OK:wire=2:426e75c2b5c719ae46005abc57144fde1b70294c0d2adf82a36a4de6e0578830:size=1:state=0,0,0,0,0,0,:ground=true:moving=false:rotating=false:remaining=0
movement-10-2-255-false	OK:wire=2:426e75c2b5c719ae46005abc57144fde1b70294c0d2adf82a36a4de6e0578830:size=1:state=0,0,0,0,0,0,:ground=true:moving=false:rotating=false:remaining=0
movement-10-2-255-true	OK:wire=2:426e75c2b5c719ae46005abc57144fde1b70294c0d2adf82a36a4de6e0578830:size=1:state=0,0,0,0,0,0,:ground=true:moving=false:rotating=false:remaining=0
movement-10-3-0-false	OK:wire=2:102b51b9765a56a3e899f7cf0ee38e5251f9c503b357b330a49183eb7b155604:size=1:state=0,0,0,0,0,0,:ground=false:moving=false:rotating=false:remaining=0
movement-10-3-0-true	OK:wire=2:102b51b9765a56a3e899f7cf0ee38e5251f9c503b357b330a49183eb7b155604:size=1:state=0,0,0,0,0,0,:ground=false:moving=false:rotating=false:remaining=0
movement-10-3-1-false	OK:wire=2:426e75c2b5c719ae46005abc57144fde1b70294c0d2adf82a36a4de6e0578830:size=1:state=0,0,0,0,0,0,:ground=true:moving=false:rotating=false:remaining=0
movement-10-3-1-true	OK:wire=2:426e75c2b5c719ae46005abc57144fde1b70294c0d2adf82a36a4de6e0578830:size=1:state=0,0,0,0,0,0,:ground=true:moving=false:rotating=false:remaining=0
movement-10-3-2-false	OK:wire=2:426e75c2b5c719ae46005abc57144fde1b70294c0d2adf82a36a4de6e0578830:size=1:state=0,0,0,0,0,0,:ground=true:moving=false:rotating=false:remaining=0
movement-10-3-2-true	OK:wire=2:426e75c2b5c719ae46005abc57144fde1b70294c0d2adf82a36a4de6e0578830:size=1:state=0,0,0,0,0,0,:ground=true:moving=false:rotating=false:remaining=0
movement-10-3-127-false	OK:wire=2:426e75c2b5c719ae46005abc57144fde1b70294c0d2adf82a36a4de6e0578830:size=1:state=0,0,0,0,0,0,:ground=true:moving=false:rotating=false:remaining=0
movement-10-3-127-true	OK:wire=2:426e75c2b5c719ae46005abc57144fde1b70294c0d2adf82a36a4de6e0578830:size=1:state=0,0,0,0,0,0,:ground=true:moving=false:rotating=false:remaining=0
movement-10-3-255-false	OK:wire=2:426e75c2b5c719ae46005abc57144fde1b70294c0d2adf82a36a4de6e0578830:size=1:state=0,0,0,0,0,0,:ground=true:moving=false:rotating=false:remaining=0
movement-10-3-255-true	OK:wire=2:426e75c2b5c719ae46005abc57144fde1b70294c0d2adf82a36a4de6e0578830:size=1:state=0,0,0,0,0,0,:ground=true:moving=false:rotating=false:remaining=0
movement-10-4-0-false	OK:wire=2:102b51b9765a56a3e899f7cf0ee38e5251f9c503b357b330a49183eb7b155604:size=1:state=0,0,0,0,0,0,:ground=false:moving=false:rotating=false:remaining=0
movement-10-4-0-true	OK:wire=2:102b51b9765a56a3e899f7cf0ee38e5251f9c503b357b330a49183eb7b155604:size=1:state=0,0,0,0,0,0,:ground=false:moving=false:rotating=false:remaining=0
movement-10-4-1-false	OK:wire=2:426e75c2b5c719ae46005abc57144fde1b70294c0d2adf82a36a4de6e0578830:size=1:state=0,0,0,0,0,0,:ground=true:moving=false:rotating=false:remaining=0
movement-10-4-1-true	OK:wire=2:426e75c2b5c719ae46005abc57144fde1b70294c0d2adf82a36a4de6e0578830:size=1:state=0,0,0,0,0,0,:ground=true:moving=false:rotating=false:remaining=0
movement-10-4-2-false	OK:wire=2:426e75c2b5c719ae46005abc57144fde1b70294c0d2adf82a36a4de6e0578830:size=1:state=0,0,0,0,0,0,:ground=true:moving=false:rotating=false:remaining=0
movement-10-4-2-true	OK:wire=2:426e75c2b5c719ae46005abc57144fde1b70294c0d2adf82a36a4de6e0578830:size=1:state=0,0,0,0,0,0,:ground=true:moving=false:rotating=false:remaining=0
movement-10-4-127-false	OK:wire=2:426e75c2b5c719ae46005abc57144fde1b70294c0d2adf82a36a4de6e0578830:size=1:state=0,0,0,0,0,0,:ground=true:moving=false:rotating=false:remaining=0
movement-10-4-127-true	OK:wire=2:426e75c2b5c719ae46005abc57144fde1b70294c0d2adf82a36a4de6e0578830:size=1:state=0,0,0,0,0,0,:ground=true:moving=false:rotating=false:remaining=0
movement-10-4-255-false	OK:wire=2:426e75c2b5c719ae46005abc57144fde1b70294c0d2adf82a36a4de6e0578830:size=1:state=0,0,0,0,0,0,:ground=true:moving=false:rotating=false:remaining=0
movement-10-4-255-true	OK:wire=2:426e75c2b5c719ae46005abc57144fde1b70294c0d2adf82a36a4de6e0578830:size=1:state=0,0,0,0,0,0,:ground=true:moving=false:rotating=false:remaining=0
movement-truncated-10-0-false	OK:null:remaining=0
movement-truncated-10-0-true	OK:null:remaining=0
movement-truncated-10-1-false	OK:wire=2:426e75c2b5c719ae46005abc57144fde1b70294c0d2adf82a36a4de6e0578830:size=1:state=0,0,0,0,0,0,:ground=true:moving=false:rotating=false:remaining=0
movement-truncated-10-1-true	OK:wire=2:426e75c2b5c719ae46005abc57144fde1b70294c0d2adf82a36a4de6e0578830:size=1:state=0,0,0,0,0,0,:ground=true:moving=false:rotating=false:remaining=0
movement-11-0-0-false	OK:wire=34:d7d4ff6cda493f90e7aa6afa7b85ab86a69d15636c2519212653ac80405790c1:size=33:state=c029000000000000,4050000000000000,405067ae147ae148,4040a00000000000,0,0,:ground=false:moving=true:rotating=false:remaining=0
movement-11-0-0-true	OK:wire=34:d7d4ff6cda493f90e7aa6afa7b85ab86a69d15636c2519212653ac80405790c1:size=33:state=c029000000000000,4050000000000000,405067ae147ae148,4040a00000000000,0,0,:ground=false:moving=true:rotating=false:remaining=0
movement-11-0-1-false	OK:wire=34:9d4c45548f13299e18e8bfd086bbd0aedc0bcb17d14e02aee1efe5e10a0b262d:size=33:state=c029000000000000,4050000000000000,405067ae147ae148,4040a00000000000,0,0,:ground=true:moving=true:rotating=false:remaining=0
movement-11-0-1-true	OK:wire=34:9d4c45548f13299e18e8bfd086bbd0aedc0bcb17d14e02aee1efe5e10a0b262d:size=33:state=c029000000000000,4050000000000000,405067ae147ae148,4040a00000000000,0,0,:ground=true:moving=true:rotating=false:remaining=0
movement-11-0-2-false	OK:wire=34:9d4c45548f13299e18e8bfd086bbd0aedc0bcb17d14e02aee1efe5e10a0b262d:size=33:state=c029000000000000,4050000000000000,405067ae147ae148,4040a00000000000,0,0,:ground=true:moving=true:rotating=false:remaining=0
movement-11-0-2-true	OK:wire=34:9d4c45548f13299e18e8bfd086bbd0aedc0bcb17d14e02aee1efe5e10a0b262d:size=33:state=c029000000000000,4050000000000000,405067ae147ae148,4040a00000000000,0,0,:ground=true:moving=true:rotating=false:remaining=0
movement-11-0-127-false	OK:wire=34:9d4c45548f13299e18e8bfd086bbd0aedc0bcb17d14e02aee1efe5e10a0b262d:size=33:state=c029000000000000,4050000000000000,405067ae147ae148,4040a00000000000,0,0,:ground=true:moving=true:rotating=false:remaining=0
movement-11-0-127-true	OK:wire=34:9d4c45548f13299e18e8bfd086bbd0aedc0bcb17d14e02aee1efe5e10a0b262d:size=33:state=c029000000000000,4050000000000000,405067ae147ae148,4040a00000000000,0,0,:ground=true:moving=true:rotating=false:remaining=0
movement-11-0-255-false	OK:wire=34:9d4c45548f13299e18e8bfd086bbd0aedc0bcb17d14e02aee1efe5e10a0b262d:size=33:state=c029000000000000,4050000000000000,405067ae147ae148,4040a00000000000,0,0,:ground=true:moving=true:rotating=false:remaining=0
movement-11-0-255-true	OK:wire=34:9d4c45548f13299e18e8bfd086bbd0aedc0bcb17d14e02aee1efe5e10a0b262d:size=33:state=c029000000000000,4050000000000000,405067ae147ae148,4040a00000000000,0,0,:ground=true:moving=true:rotating=false:remaining=0
movement-11-1-0-false	OK:wire=34:c4f57248a5a6472f9e949f34f981b62c6954ed675779edc91ab339e85978e3aa:size=33:state=8000000000000000,0,8000000000000000,0,0,0,:ground=false:moving=true:rotating=false:remaining=0
movement-11-1-0-true	OK:wire=34:c4f57248a5a6472f9e949f34f981b62c6954ed675779edc91ab339e85978e3aa:size=33:state=8000000000000000,0,8000000000000000,0,0,0,:ground=false:moving=true:rotating=false:remaining=0
movement-11-1-1-false	OK:wire=34:4f514a36562705272a72a767c302ae9a9c9c89bf4cc79b594091948682b89094:size=33:state=8000000000000000,0,8000000000000000,0,0,0,:ground=true:moving=true:rotating=false:remaining=0
movement-11-1-1-true	OK:wire=34:4f514a36562705272a72a767c302ae9a9c9c89bf4cc79b594091948682b89094:size=33:state=8000000000000000,0,8000000000000000,0,0,0,:ground=true:moving=true:rotating=false:remaining=0
movement-11-1-2-false	OK:wire=34:4f514a36562705272a72a767c302ae9a9c9c89bf4cc79b594091948682b89094:size=33:state=8000000000000000,0,8000000000000000,0,0,0,:ground=true:moving=true:rotating=false:remaining=0
movement-11-1-2-true	OK:wire=34:4f514a36562705272a72a767c302ae9a9c9c89bf4cc79b594091948682b89094:size=33:state=8000000000000000,0,8000000000000000,0,0,0,:ground=true:moving=true:rotating=false:remaining=0
movement-11-1-127-false	OK:wire=34:4f514a36562705272a72a767c302ae9a9c9c89bf4cc79b594091948682b89094:size=33:state=8000000000000000,0,8000000000000000,0,0,0,:ground=true:moving=true:rotating=false:remaining=0
movement-11-1-127-true	OK:wire=34:4f514a36562705272a72a767c302ae9a9c9c89bf4cc79b594091948682b89094:size=33:state=8000000000000000,0,8000000000000000,0,0,0,:ground=true:moving=true:rotating=false:remaining=0
movement-11-1-255-false	OK:wire=34:4f514a36562705272a72a767c302ae9a9c9c89bf4cc79b594091948682b89094:size=33:state=8000000000000000,0,8000000000000000,0,0,0,:ground=true:moving=true:rotating=false:remaining=0
movement-11-1-255-true	OK:wire=34:4f514a36562705272a72a767c302ae9a9c9c89bf4cc79b594091948682b89094:size=33:state=8000000000000000,0,8000000000000000,0,0,0,:ground=true:moving=true:rotating=false:remaining=0
movement-11-2-0-false	OK:wire=34:692b58fd3b31a892290e82052b3a9491d744b3d85615205c4e6f8335dfcf25dc:size=33:state=3fc0000000000000,c08f380000000000,c08f380000000000,bfd0000000000000,0,0,:ground=false:moving=true:rotating=false:remaining=0
movement-11-2-0-true	OK:wire=34:692b58fd3b31a892290e82052b3a9491d744b3d85615205c4e6f8335dfcf25dc:size=33:state=3fc0000000000000,c08f380000000000,c08f380000000000,bfd0000000000000,0,0,:ground=false:moving=true:rotating=false:remaining=0
movement-11-2-1-false	OK:wire=34:f94e126694da0e33f04eb218272e7525ba8ef4265f1c5f6b365c4c22e12c38a5:size=33:state=3fc0000000000000,c08f380000000000,c08f380000000000,bfd0000000000000,0,0,:ground=true:moving=true:rotating=false:remaining=0
movement-11-2-1-true	OK:wire=34:f94e126694da0e33f04eb218272e7525ba8ef4265f1c5f6b365c4c22e12c38a5:size=33:state=3fc0000000000000,c08f380000000000,c08f380000000000,bfd0000000000000,0,0,:ground=true:moving=true:rotating=false:remaining=0
movement-11-2-2-false	OK:wire=34:f94e126694da0e33f04eb218272e7525ba8ef4265f1c5f6b365c4c22e12c38a5:size=33:state=3fc0000000000000,c08f380000000000,c08f380000000000,bfd0000000000000,0,0,:ground=true:moving=true:rotating=false:remaining=0
movement-11-2-2-true	OK:wire=34:f94e126694da0e33f04eb218272e7525ba8ef4265f1c5f6b365c4c22e12c38a5:size=33:state=3fc0000000000000,c08f380000000000,c08f380000000000,bfd0000000000000,0,0,:ground=true:moving=true:rotating=false:remaining=0
movement-11-2-127-false	OK:wire=34:f94e126694da0e33f04eb218272e7525ba8ef4265f1c5f6b365c4c22e12c38a5:size=33:state=3fc0000000000000,c08f380000000000,c08f380000000000,bfd0000000000000,0,0,:ground=true:moving=true:rotating=false:remaining=0
movement-11-2-127-true	OK:wire=34:f94e126694da0e33f04eb218272e7525ba8ef4265f1c5f6b365c4c22e12c38a5:size=33:state=3fc0000000000000,c08f380000000000,c08f380000000000,bfd0000000000000,0,0,:ground=true:moving=true:rotating=false:remaining=0
movement-11-2-255-false	OK:wire=34:f94e126694da0e33f04eb218272e7525ba8ef4265f1c5f6b365c4c22e12c38a5:size=33:state=3fc0000000000000,c08f380000000000,c08f380000000000,bfd0000000000000,0,0,:ground=true:moving=true:rotating=false:remaining=0
movement-11-2-255-true	OK:wire=34:f94e126694da0e33f04eb218272e7525ba8ef4265f1c5f6b365c4c22e12c38a5:size=33:state=3fc0000000000000,c08f380000000000,c08f380000000000,bfd0000000000000,0,0,:ground=true:moving=true:rotating=false:remaining=0
movement-11-3-0-false	OK:wire=34:9fb0ecb2fd2ec449f0496903052f672097bbd769e8aa896156d11d556d15454f:size=33:state=417c9c3800000000,405fffef9db22d0e,406033d70a3d70a4,c17c9c3800000000,0,0,:ground=false:moving=true:rotating=false:remaining=0
movement-11-3-0-true	OK:wire=34:9fb0ecb2fd2ec449f0496903052f672097bbd769e8aa896156d11d556d15454f:size=33:state=417c9c3800000000,405fffef9db22d0e,406033d70a3d70a4,c17c9c3800000000,0,0,:ground=false:moving=true:rotating=false:remaining=0
movement-11-3-1-false	OK:wire=34:e2995f6819e2848d8a6f2ced1083ccb164e149204044a3101611a126d75d1de8:size=33:state=417c9c3800000000,405fffef9db22d0e,406033d70a3d70a4,c17c9c3800000000,0,0,:ground=true:moving=true:rotating=false:remaining=0
movement-11-3-1-true	OK:wire=34:e2995f6819e2848d8a6f2ced1083ccb164e149204044a3101611a126d75d1de8:size=33:state=417c9c3800000000,405fffef9db22d0e,406033d70a3d70a4,c17c9c3800000000,0,0,:ground=true:moving=true:rotating=false:remaining=0
movement-11-3-2-false	OK:wire=34:e2995f6819e2848d8a6f2ced1083ccb164e149204044a3101611a126d75d1de8:size=33:state=417c9c3800000000,405fffef9db22d0e,406033d70a3d70a4,c17c9c3800000000,0,0,:ground=true:moving=true:rotating=false:remaining=0
movement-11-3-2-true	OK:wire=34:e2995f6819e2848d8a6f2ced1083ccb164e149204044a3101611a126d75d1de8:size=33:state=417c9c3800000000,405fffef9db22d0e,406033d70a3d70a4,c17c9c3800000000,0,0,:ground=true:moving=true:rotating=false:remaining=0
movement-11-3-127-false	OK:wire=34:e2995f6819e2848d8a6f2ced1083ccb164e149204044a3101611a126d75d1de8:size=33:state=417c9c3800000000,405fffef9db22d0e,406033d70a3d70a4,c17c9c3800000000,0,0,:ground=true:moving=true:rotating=false:remaining=0
movement-11-3-127-true	OK:wire=34:e2995f6819e2848d8a6f2ced1083ccb164e149204044a3101611a126d75d1de8:size=33:state=417c9c3800000000,405fffef9db22d0e,406033d70a3d70a4,c17c9c3800000000,0,0,:ground=true:moving=true:rotating=false:remaining=0
movement-11-3-255-false	OK:wire=34:e2995f6819e2848d8a6f2ced1083ccb164e149204044a3101611a126d75d1de8:size=33:state=417c9c3800000000,405fffef9db22d0e,406033d70a3d70a4,c17c9c3800000000,0,0,:ground=true:moving=true:rotating=false:remaining=0
movement-11-3-255-true	OK:wire=34:e2995f6819e2848d8a6f2ced1083ccb164e149204044a3101611a126d75d1de8:size=33:state=417c9c3800000000,405fffef9db22d0e,406033d70a3d70a4,c17c9c3800000000,0,0,:ground=true:moving=true:rotating=false:remaining=0
movement-11-4-0-false	OK:wire=34:6ea226d09bc4cfbb1c2c6265554c68f2d7b8817ba3aa7d775c5c705b1a079538:size=33:state=7ff8000000000000,7ff0000000000000,fff0000000000000,1,0,0,:ground=false:moving=true:rotating=false:remaining=0
movement-11-4-0-true	OK:wire=34:6ea226d09bc4cfbb1c2c6265554c68f2d7b8817ba3aa7d775c5c705b1a079538:size=33:state=7ff8000000000000,7ff0000000000000,fff0000000000000,1,0,0,:ground=false:moving=true:rotating=false:remaining=0
movement-11-4-1-false	OK:wire=34:6e3e986dd9efcf447b7dedd7fc9a9783d705827151a7df65c0451d2062de468a:size=33:state=7ff8000000000000,7ff0000000000000,fff0000000000000,1,0,0,:ground=true:moving=true:rotating=false:remaining=0
movement-11-4-1-true	OK:wire=34:6e3e986dd9efcf447b7dedd7fc9a9783d705827151a7df65c0451d2062de468a:size=33:state=7ff8000000000000,7ff0000000000000,fff0000000000000,1,0,0,:ground=true:moving=true:rotating=false:remaining=0
movement-11-4-2-false	OK:wire=34:6e3e986dd9efcf447b7dedd7fc9a9783d705827151a7df65c0451d2062de468a:size=33:state=7ff8000000000000,7ff0000000000000,fff0000000000000,1,0,0,:ground=true:moving=true:rotating=false:remaining=0
movement-11-4-2-true	OK:wire=34:6e3e986dd9efcf447b7dedd7fc9a9783d705827151a7df65c0451d2062de468a:size=33:state=7ff8000000000000,7ff0000000000000,fff0000000000000,1,0,0,:ground=true:moving=true:rotating=false:remaining=0
movement-11-4-127-false	OK:wire=34:6e3e986dd9efcf447b7dedd7fc9a9783d705827151a7df65c0451d2062de468a:size=33:state=7ff8000000000000,7ff0000000000000,fff0000000000000,1,0,0,:ground=true:moving=true:rotating=false:remaining=0
movement-11-4-127-true	OK:wire=34:6e3e986dd9efcf447b7dedd7fc9a9783d705827151a7df65c0451d2062de468a:size=33:state=7ff8000000000000,7ff0000000000000,fff0000000000000,1,0,0,:ground=true:moving=true:rotating=false:remaining=0
movement-11-4-255-false	OK:wire=34:6e3e986dd9efcf447b7dedd7fc9a9783d705827151a7df65c0451d2062de468a:size=33:state=7ff8000000000000,7ff0000000000000,fff0000000000000,1,0,0,:ground=true:moving=true:rotating=false:remaining=0
movement-11-4-255-true	OK:wire=34:6e3e986dd9efcf447b7dedd7fc9a9783d705827151a7df65c0451d2062de468a:size=33:state=7ff8000000000000,7ff0000000000000,fff0000000000000,1,0,0,:ground=true:moving=true:rotating=false:remaining=0
movement-truncated-11-0-false	OK:null:remaining=0
movement-truncated-11-0-true	OK:null:remaining=0
movement-truncated-11-1-false	OK:null:remaining=0
movement-truncated-11-1-true	OK:null:remaining=0
movement-truncated-11-2-false	OK:null:remaining=0
movement-truncated-11-2-true	OK:null:remaining=0
movement-truncated-11-3-false	OK:null:remaining=0
movement-truncated-11-3-true	OK:null:remaining=0
movement-truncated-11-4-false	OK:null:remaining=0
movement-truncated-11-4-true	OK:null:remaining=0
movement-truncated-11-5-false	OK:null:remaining=0
movement-truncated-11-5-true	OK:null:remaining=0
movement-truncated-11-6-false	OK:null:remaining=0
movement-truncated-11-6-true	OK:null:remaining=0
movement-truncated-11-7-false	OK:null:remaining=0
movement-truncated-11-7-true	OK:null:remaining=0
movement-truncated-11-8-false	OK:null:remaining=0
movement-truncated-11-8-true	OK:null:remaining=0
movement-truncated-11-9-false	OK:null:remaining=0
movement-truncated-11-9-true	OK:null:remaining=0
movement-truncated-11-10-false	OK:null:remaining=0
movement-truncated-11-10-true	OK:null:remaining=0
movement-truncated-11-11-false	OK:null:remaining=0
movement-truncated-11-11-true	OK:null:remaining=0
movement-truncated-11-12-false	OK:null:remaining=0
movement-truncated-11-12-true	OK:null:remaining=0
movement-truncated-11-13-false	OK:null:remaining=0
movement-truncated-11-13-true	OK:null:remaining=0
movement-truncated-11-14-false	OK:null:remaining=0
movement-truncated-11-14-true	OK:null:remaining=0
movement-truncated-11-15-false	OK:null:remaining=0
movement-truncated-11-15-true	OK:null:remaining=0
movement-truncated-11-16-false	OK:null:remaining=0
movement-truncated-11-16-true	OK:null:remaining=0
movement-truncated-11-17-false	OK:null:remaining=0
movement-truncated-11-17-true	OK:null:remaining=0
movement-truncated-11-18-false	OK:null:remaining=0
movement-truncated-11-18-true	OK:null:remaining=0
movement-truncated-11-19-false	OK:null:remaining=0
movement-truncated-11-19-true	OK:null:remaining=0
movement-truncated-11-20-false	OK:null:remaining=0
movement-truncated-11-20-true	OK:null:remaining=0
movement-truncated-11-21-false	OK:null:remaining=0
movement-truncated-11-21-true	OK:null:remaining=0
movement-truncated-11-22-false	OK:null:remaining=0
movement-truncated-11-22-true	OK:null:remaining=0
movement-truncated-11-23-false	OK:null:remaining=0
movement-truncated-11-23-true	OK:null:remaining=0
movement-truncated-11-24-false	OK:null:remaining=0
movement-truncated-11-24-true	OK:null:remaining=0
movement-truncated-11-25-false	OK:null:remaining=0
movement-truncated-11-25-true	OK:null:remaining=0
movement-truncated-11-26-false	OK:null:remaining=0
movement-truncated-11-26-true	OK:null:remaining=0
movement-truncated-11-27-false	OK:null:remaining=0
movement-truncated-11-27-true	OK:null:remaining=0
movement-truncated-11-28-false	OK:null:remaining=0
movement-truncated-11-28-true	OK:null:remaining=0
movement-truncated-11-29-false	OK:null:remaining=0
movement-truncated-11-29-true	OK:null:remaining=0
movement-truncated-11-30-false	OK:null:remaining=0
movement-truncated-11-30-true	OK:null:remaining=0
movement-truncated-11-31-false	OK:null:remaining=0
movement-truncated-11-31-true	OK:null:remaining=0
movement-truncated-11-32-false	OK:null:remaining=0
movement-truncated-11-32-true	OK:null:remaining=0
movement-truncated-11-33-false	OK:wire=34:9d4c45548f13299e18e8bfd086bbd0aedc0bcb17d14e02aee1efe5e10a0b262d:size=33:state=c029000000000000,4050000000000000,405067ae147ae148,4040a00000000000,0,0,:ground=true:moving=true:rotating=false:remaining=0
movement-truncated-11-33-true	OK:wire=34:9d4c45548f13299e18e8bfd086bbd0aedc0bcb17d14e02aee1efe5e10a0b262d:size=33:state=c029000000000000,4050000000000000,405067ae147ae148,4040a00000000000,0,0,:ground=true:moving=true:rotating=false:remaining=0
movement-12-0-0-false	OK:wire=10:b85fb3adc37cecb7bcfb5db68b2e53990130f8d4037cbddbcd8162c68a9dfd2b:size=9:state=0,0,0,0,43340000,c2b40000,:ground=false:moving=false:rotating=true:remaining=0
movement-12-0-0-true	OK:wire=10:b85fb3adc37cecb7bcfb5db68b2e53990130f8d4037cbddbcd8162c68a9dfd2b:size=9:state=0,0,0,0,43340000,c2b40000,:ground=false:moving=false:rotating=true:remaining=0
movement-12-0-1-false	OK:wire=10:ba8b5aa63e02e8fd021fd9142ea911199bdf64817f690f93c3e98c7c4942933b:size=9:state=0,0,0,0,43340000,c2b40000,:ground=true:moving=false:rotating=true:remaining=0
movement-12-0-1-true	OK:wire=10:ba8b5aa63e02e8fd021fd9142ea911199bdf64817f690f93c3e98c7c4942933b:size=9:state=0,0,0,0,43340000,c2b40000,:ground=true:moving=false:rotating=true:remaining=0
movement-12-0-2-false	OK:wire=10:ba8b5aa63e02e8fd021fd9142ea911199bdf64817f690f93c3e98c7c4942933b:size=9:state=0,0,0,0,43340000,c2b40000,:ground=true:moving=false:rotating=true:remaining=0
movement-12-0-2-true	OK:wire=10:ba8b5aa63e02e8fd021fd9142ea911199bdf64817f690f93c3e98c7c4942933b:size=9:state=0,0,0,0,43340000,c2b40000,:ground=true:moving=false:rotating=true:remaining=0
movement-12-0-127-false	OK:wire=10:ba8b5aa63e02e8fd021fd9142ea911199bdf64817f690f93c3e98c7c4942933b:size=9:state=0,0,0,0,43340000,c2b40000,:ground=true:moving=false:rotating=true:remaining=0
movement-12-0-127-true	OK:wire=10:ba8b5aa63e02e8fd021fd9142ea911199bdf64817f690f93c3e98c7c4942933b:size=9:state=0,0,0,0,43340000,c2b40000,:ground=true:moving=false:rotating=true:remaining=0
movement-12-0-255-false	OK:wire=10:ba8b5aa63e02e8fd021fd9142ea911199bdf64817f690f93c3e98c7c4942933b:size=9:state=0,0,0,0,43340000,c2b40000,:ground=true:moving=false:rotating=true:remaining=0
movement-12-0-255-true	OK:wire=10:ba8b5aa63e02e8fd021fd9142ea911199bdf64817f690f93c3e98c7c4942933b:size=9:state=0,0,0,0,43340000,c2b40000,:ground=true:moving=false:rotating=true:remaining=0
movement-12-1-0-false	OK:wire=10:e58b0e6c59f8ba8c97a2b96601a2d1601532a6d55dd72ea9cd29c927b65f17ff:size=9:state=0,0,0,0,80000000,0,:ground=false:moving=false:rotating=true:remaining=0
movement-12-1-0-true	OK:wire=10:e58b0e6c59f8ba8c97a2b96601a2d1601532a6d55dd72ea9cd29c927b65f17ff:size=9:state=0,0,0,0,80000000,0,:ground=false:moving=false:rotating=true:remaining=0
movement-12-1-1-false	OK:wire=10:f238c6e67bfbca866f3b24a9c8815d95c6b46864d5cbbf0157c1e024c97fec59:size=9:state=0,0,0,0,80000000,0,:ground=true:moving=false:rotating=true:remaining=0
movement-12-1-1-true	OK:wire=10:f238c6e67bfbca866f3b24a9c8815d95c6b46864d5cbbf0157c1e024c97fec59:size=9:state=0,0,0,0,80000000,0,:ground=true:moving=false:rotating=true:remaining=0
movement-12-1-2-false	OK:wire=10:f238c6e67bfbca866f3b24a9c8815d95c6b46864d5cbbf0157c1e024c97fec59:size=9:state=0,0,0,0,80000000,0,:ground=true:moving=false:rotating=true:remaining=0
movement-12-1-2-true	OK:wire=10:f238c6e67bfbca866f3b24a9c8815d95c6b46864d5cbbf0157c1e024c97fec59:size=9:state=0,0,0,0,80000000,0,:ground=true:moving=false:rotating=true:remaining=0
movement-12-1-127-false	OK:wire=10:f238c6e67bfbca866f3b24a9c8815d95c6b46864d5cbbf0157c1e024c97fec59:size=9:state=0,0,0,0,80000000,0,:ground=true:moving=false:rotating=true:remaining=0
movement-12-1-127-true	OK:wire=10:f238c6e67bfbca866f3b24a9c8815d95c6b46864d5cbbf0157c1e024c97fec59:size=9:state=0,0,0,0,80000000,0,:ground=true:moving=false:rotating=true:remaining=0
movement-12-1-255-false	OK:wire=10:f238c6e67bfbca866f3b24a9c8815d95c6b46864d5cbbf0157c1e024c97fec59:size=9:state=0,0,0,0,80000000,0,:ground=true:moving=false:rotating=true:remaining=0
movement-12-1-255-true	OK:wire=10:f238c6e67bfbca866f3b24a9c8815d95c6b46864d5cbbf0157c1e024c97fec59:size=9:state=0,0,0,0,80000000,0,:ground=true:moving=false:rotating=true:remaining=0
movement-12-2-0-false	OK:wire=10:8019752cd599d700192012c2fcea94aeeb251e90b9a36a5040d4d27c3478e14a:size=9:state=0,0,0,0,44345000,c3b44000,:ground=false:moving=false:rotating=true:remaining=0
movement-12-2-0-true	OK:wire=10:8019752cd599d700192012c2fcea94aeeb251e90b9a36a5040d4d27c3478e14a:size=9:state=0,0,0,0,44345000,c3b44000,:ground=false:moving=false:rotating=true:remaining=0
movement-12-2-1-false	OK:wire=10:23560c9a7732fa4798d806ada74ab03674642250e7e463680f593df8872df84c:size=9:state=0,0,0,0,44345000,c3b44000,:ground=true:moving=false:rotating=true:remaining=0
movement-12-2-1-true	OK:wire=10:23560c9a7732fa4798d806ada74ab03674642250e7e463680f593df8872df84c:size=9:state=0,0,0,0,44345000,c3b44000,:ground=true:moving=false:rotating=true:remaining=0
movement-12-2-2-false	OK:wire=10:23560c9a7732fa4798d806ada74ab03674642250e7e463680f593df8872df84c:size=9:state=0,0,0,0,44345000,c3b44000,:ground=true:moving=false:rotating=true:remaining=0
movement-12-2-2-true	OK:wire=10:23560c9a7732fa4798d806ada74ab03674642250e7e463680f593df8872df84c:size=9:state=0,0,0,0,44345000,c3b44000,:ground=true:moving=false:rotating=true:remaining=0
movement-12-2-127-false	OK:wire=10:23560c9a7732fa4798d806ada74ab03674642250e7e463680f593df8872df84c:size=9:state=0,0,0,0,44345000,c3b44000,:ground=true:moving=false:rotating=true:remaining=0
movement-12-2-127-true	OK:wire=10:23560c9a7732fa4798d806ada74ab03674642250e7e463680f593df8872df84c:size=9:state=0,0,0,0,44345000,c3b44000,:ground=true:moving=false:rotating=true:remaining=0
movement-12-2-255-false	OK:wire=10:23560c9a7732fa4798d806ada74ab03674642250e7e463680f593df8872df84c:size=9:state=0,0,0,0,44345000,c3b44000,:ground=true:moving=false:rotating=true:remaining=0
movement-12-2-255-true	OK:wire=10:23560c9a7732fa4798d806ada74ab03674642250e7e463680f593df8872df84c:size=9:state=0,0,0,0,44345000,c3b44000,:ground=true:moving=false:rotating=true:remaining=0
movement-12-3-0-false	OK:wire=10:cf2dadf8451a585998a4d6c9de337d8bcf3391f537f05c5d8cba4fd60bd4432d:size=9:state=0,0,0,0,7f7fffff,1,:ground=false:moving=false:rotating=true:remaining=0
movement-12-3-0-true	OK:wire=10:cf2dadf8451a585998a4d6c9de337d8bcf3391f537f05c5d8cba4fd60bd4432d:size=9:state=0,0,0,0,7f7fffff,1,:ground=false:moving=false:rotating=true:remaining=0
movement-12-3-1-false	OK:wire=10:e271d7762a7a824dfc06e4dd1bf385fa291a9485f2f12b18b3554334c0c8b587:size=9:state=0,0,0,0,7f7fffff,1,:ground=true:moving=false:rotating=true:remaining=0
movement-12-3-1-true	OK:wire=10:e271d7762a7a824dfc06e4dd1bf385fa291a9485f2f12b18b3554334c0c8b587:size=9:state=0,0,0,0,7f7fffff,1,:ground=true:moving=false:rotating=true:remaining=0
movement-12-3-2-false	OK:wire=10:e271d7762a7a824dfc06e4dd1bf385fa291a9485f2f12b18b3554334c0c8b587:size=9:state=0,0,0,0,7f7fffff,1,:ground=true:moving=false:rotating=true:remaining=0
movement-12-3-2-true	OK:wire=10:e271d7762a7a824dfc06e4dd1bf385fa291a9485f2f12b18b3554334c0c8b587:size=9:state=0,0,0,0,7f7fffff,1,:ground=true:moving=false:rotating=true:remaining=0
movement-12-3-127-false	OK:wire=10:e271d7762a7a824dfc06e4dd1bf385fa291a9485f2f12b18b3554334c0c8b587:size=9:state=0,0,0,0,7f7fffff,1,:ground=true:moving=false:rotating=true:remaining=0
movement-12-3-127-true	OK:wire=10:e271d7762a7a824dfc06e4dd1bf385fa291a9485f2f12b18b3554334c0c8b587:size=9:state=0,0,0,0,7f7fffff,1,:ground=true:moving=false:rotating=true:remaining=0
movement-12-3-255-false	OK:wire=10:e271d7762a7a824dfc06e4dd1bf385fa291a9485f2f12b18b3554334c0c8b587:size=9:state=0,0,0,0,7f7fffff,1,:ground=true:moving=false:rotating=true:remaining=0
movement-12-3-255-true	OK:wire=10:e271d7762a7a824dfc06e4dd1bf385fa291a9485f2f12b18b3554334c0c8b587:size=9:state=0,0,0,0,7f7fffff,1,:ground=true:moving=false:rotating=true:remaining=0
movement-12-4-0-false	OK:wire=10:076a01af6b02464ec7689c5c6f98d8c5de50e4a3193ba4ce82fdd27ff003431d:size=9:state=0,0,0,0,7fc00000,7f800000,:ground=false:moving=false:rotating=true:remaining=0
movement-12-4-0-true	OK:wire=10:076a01af6b02464ec7689c5c6f98d8c5de50e4a3193ba4ce82fdd27ff003431d:size=9:state=0,0,0,0,7fc00000,7f800000,:ground=false:moving=false:rotating=true:remaining=0
movement-12-4-1-false	OK:wire=10:62ba298f0d5ff1e06078bf7ce7415967f4fbf78852a185f30969a6458f143164:size=9:state=0,0,0,0,7fc00000,7f800000,:ground=true:moving=false:rotating=true:remaining=0
movement-12-4-1-true	OK:wire=10:62ba298f0d5ff1e06078bf7ce7415967f4fbf78852a185f30969a6458f143164:size=9:state=0,0,0,0,7fc00000,7f800000,:ground=true:moving=false:rotating=true:remaining=0
movement-12-4-2-false	OK:wire=10:62ba298f0d5ff1e06078bf7ce7415967f4fbf78852a185f30969a6458f143164:size=9:state=0,0,0,0,7fc00000,7f800000,:ground=true:moving=false:rotating=true:remaining=0
movement-12-4-2-true	OK:wire=10:62ba298f0d5ff1e06078bf7ce7415967f4fbf78852a185f30969a6458f143164:size=9:state=0,0,0,0,7fc00000,7f800000,:ground=true:moving=false:rotating=true:remaining=0
movement-12-4-127-false	OK:wire=10:62ba298f0d5ff1e06078bf7ce7415967f4fbf78852a185f30969a6458f143164:size=9:state=0,0,0,0,7fc00000,7f800000,:ground=true:moving=false:rotating=true:remaining=0
movement-12-4-127-true	OK:wire=10:62ba298f0d5ff1e06078bf7ce7415967f4fbf78852a185f30969a6458f143164:size=9:state=0,0,0,0,7fc00000,7f800000,:ground=true:moving=false:rotating=true:remaining=0
movement-12-4-255-false	OK:wire=10:62ba298f0d5ff1e06078bf7ce7415967f4fbf78852a185f30969a6458f143164:size=9:state=0,0,0,0,7fc00000,7f800000,:ground=true:moving=false:rotating=true:remaining=0
movement-12-4-255-true	OK:wire=10:62ba298f0d5ff1e06078bf7ce7415967f4fbf78852a185f30969a6458f143164:size=9:state=0,0,0,0,7fc00000,7f800000,:ground=true:moving=false:rotating=true:remaining=0
movement-truncated-12-0-false	OK:null:remaining=0
movement-truncated-12-0-true	OK:null:remaining=0
movement-truncated-12-1-false	OK:null:remaining=0
movement-truncated-12-1-true	OK:null:remaining=0
movement-truncated-12-2-false	OK:null:remaining=0
movement-truncated-12-2-true	OK:null:remaining=0
movement-truncated-12-3-false	OK:null:remaining=0
movement-truncated-12-3-true	OK:null:remaining=0
movement-truncated-12-4-false	OK:null:remaining=0
movement-truncated-12-4-true	OK:null:remaining=0
movement-truncated-12-5-false	OK:null:remaining=0
movement-truncated-12-5-true	OK:null:remaining=0
movement-truncated-12-6-false	OK:null:remaining=0
movement-truncated-12-6-true	OK:null:remaining=0
movement-truncated-12-7-false	OK:null:remaining=0
movement-truncated-12-7-true	OK:null:remaining=0
movement-truncated-12-8-false	OK:null:remaining=0
movement-truncated-12-8-true	OK:null:remaining=0
movement-truncated-12-9-false	OK:wire=10:ba8b5aa63e02e8fd021fd9142ea911199bdf64817f690f93c3e98c7c4942933b:size=9:state=0,0,0,0,43340000,c2b40000,:ground=true:moving=false:rotating=true:remaining=0
movement-truncated-12-9-true	OK:wire=10:ba8b5aa63e02e8fd021fd9142ea911199bdf64817f690f93c3e98c7c4942933b:size=9:state=0,0,0,0,43340000,c2b40000,:ground=true:moving=false:rotating=true:remaining=0
movement-13-0-0-false	OK:wire=42:6fbdb9b553293107f67bd22b8fb8400f13829e986519da1c28a7d494157778fb:size=41:state=c029000000000000,4050000000000000,405067ae147ae148,4040a00000000000,43340000,c2b40000,:ground=false:moving=true:rotating=true:remaining=0
movement-13-0-0-true	OK:wire=42:6fbdb9b553293107f67bd22b8fb8400f13829e986519da1c28a7d494157778fb:size=41:state=c029000000000000,4050000000000000,405067ae147ae148,4040a00000000000,43340000,c2b40000,:ground=false:moving=true:rotating=true:remaining=0
movement-13-0-1-false	OK:wire=42:073743786f2056d038cdacfeb6122051caa4ac51237ed8bb5fcc3cd840f61c27:size=41:state=c029000000000000,4050000000000000,405067ae147ae148,4040a00000000000,43340000,c2b40000,:ground=true:moving=true:rotating=true:remaining=0
movement-13-0-1-true	OK:wire=42:073743786f2056d038cdacfeb6122051caa4ac51237ed8bb5fcc3cd840f61c27:size=41:state=c029000000000000,4050000000000000,405067ae147ae148,4040a00000000000,43340000,c2b40000,:ground=true:moving=true:rotating=true:remaining=0
movement-13-0-2-false	OK:wire=42:073743786f2056d038cdacfeb6122051caa4ac51237ed8bb5fcc3cd840f61c27:size=41:state=c029000000000000,4050000000000000,405067ae147ae148,4040a00000000000,43340000,c2b40000,:ground=true:moving=true:rotating=true:remaining=0
movement-13-0-2-true	OK:wire=42:073743786f2056d038cdacfeb6122051caa4ac51237ed8bb5fcc3cd840f61c27:size=41:state=c029000000000000,4050000000000000,405067ae147ae148,4040a00000000000,43340000,c2b40000,:ground=true:moving=true:rotating=true:remaining=0
movement-13-0-127-false	OK:wire=42:073743786f2056d038cdacfeb6122051caa4ac51237ed8bb5fcc3cd840f61c27:size=41:state=c029000000000000,4050000000000000,405067ae147ae148,4040a00000000000,43340000,c2b40000,:ground=true:moving=true:rotating=true:remaining=0
movement-13-0-127-true	OK:wire=42:073743786f2056d038cdacfeb6122051caa4ac51237ed8bb5fcc3cd840f61c27:size=41:state=c029000000000000,4050000000000000,405067ae147ae148,4040a00000000000,43340000,c2b40000,:ground=true:moving=true:rotating=true:remaining=0
movement-13-0-255-false	OK:wire=42:073743786f2056d038cdacfeb6122051caa4ac51237ed8bb5fcc3cd840f61c27:size=41:state=c029000000000000,4050000000000000,405067ae147ae148,4040a00000000000,43340000,c2b40000,:ground=true:moving=true:rotating=true:remaining=0
movement-13-0-255-true	OK:wire=42:073743786f2056d038cdacfeb6122051caa4ac51237ed8bb5fcc3cd840f61c27:size=41:state=c029000000000000,4050000000000000,405067ae147ae148,4040a00000000000,43340000,c2b40000,:ground=true:moving=true:rotating=true:remaining=0
movement-13-1-0-false	OK:wire=42:c56c487dc9eee005e96167317de3c5c2f17e5dffe2177dc82e1f49683e59e42c:size=41:state=8000000000000000,0,8000000000000000,0,80000000,0,:ground=false:moving=true:rotating=true:remaining=0
movement-13-1-0-true	OK:wire=42:c56c487dc9eee005e96167317de3c5c2f17e5dffe2177dc82e1f49683e59e42c:size=41:state=8000000000000000,0,8000000000000000,0,80000000,0,:ground=false:moving=true:rotating=true:remaining=0
movement-13-1-1-false	OK:wire=42:5291864edff5a13470e407696248909ee287cad7f46eefe77f5bc9eb92d13000:size=41:state=8000000000000000,0,8000000000000000,0,80000000,0,:ground=true:moving=true:rotating=true:remaining=0
movement-13-1-1-true	OK:wire=42:5291864edff5a13470e407696248909ee287cad7f46eefe77f5bc9eb92d13000:size=41:state=8000000000000000,0,8000000000000000,0,80000000,0,:ground=true:moving=true:rotating=true:remaining=0
movement-13-1-2-false	OK:wire=42:5291864edff5a13470e407696248909ee287cad7f46eefe77f5bc9eb92d13000:size=41:state=8000000000000000,0,8000000000000000,0,80000000,0,:ground=true:moving=true:rotating=true:remaining=0
movement-13-1-2-true	OK:wire=42:5291864edff5a13470e407696248909ee287cad7f46eefe77f5bc9eb92d13000:size=41:state=8000000000000000,0,8000000000000000,0,80000000,0,:ground=true:moving=true:rotating=true:remaining=0
movement-13-1-127-false	OK:wire=42:5291864edff5a13470e407696248909ee287cad7f46eefe77f5bc9eb92d13000:size=41:state=8000000000000000,0,8000000000000000,0,80000000,0,:ground=true:moving=true:rotating=true:remaining=0
movement-13-1-127-true	OK:wire=42:5291864edff5a13470e407696248909ee287cad7f46eefe77f5bc9eb92d13000:size=41:state=8000000000000000,0,8000000000000000,0,80000000,0,:ground=true:moving=true:rotating=true:remaining=0
movement-13-1-255-false	OK:wire=42:5291864edff5a13470e407696248909ee287cad7f46eefe77f5bc9eb92d13000:size=41:state=8000000000000000,0,8000000000000000,0,80000000,0,:ground=true:moving=true:rotating=true:remaining=0
movement-13-1-255-true	OK:wire=42:5291864edff5a13470e407696248909ee287cad7f46eefe77f5bc9eb92d13000:size=41:state=8000000000000000,0,8000000000000000,0,80000000,0,:ground=true:moving=true:rotating=true:remaining=0
movement-13-2-0-false	OK:wire=42:91d0c55066922476ba83b2bd0f7de2b93983bf8eb56d593d1adf6344b9282055:size=41:state=3fc0000000000000,c08f380000000000,c08f380000000000,bfd0000000000000,44345000,c3b44000,:ground=false:moving=true:rotating=true:remaining=0
movement-13-2-0-true	OK:wire=42:91d0c55066922476ba83b2bd0f7de2b93983bf8eb56d593d1adf6344b9282055:size=41:state=3fc0000000000000,c08f380000000000,c08f380000000000,bfd0000000000000,44345000,c3b44000,:ground=false:moving=true:rotating=true:remaining=0
movement-13-2-1-false	OK:wire=42:31f7a65c19fef1444ab6edff4f6e5d99b5afd5becb062f4978c5a4db7ed69cf3:size=41:state=3fc0000000000000,c08f380000000000,c08f380000000000,bfd0000000000000,44345000,c3b44000,:ground=true:moving=true:rotating=true:remaining=0
movement-13-2-1-true	OK:wire=42:31f7a65c19fef1444ab6edff4f6e5d99b5afd5becb062f4978c5a4db7ed69cf3:size=41:state=3fc0000000000000,c08f380000000000,c08f380000000000,bfd0000000000000,44345000,c3b44000,:ground=true:moving=true:rotating=true:remaining=0
movement-13-2-2-false	OK:wire=42:31f7a65c19fef1444ab6edff4f6e5d99b5afd5becb062f4978c5a4db7ed69cf3:size=41:state=3fc0000000000000,c08f380000000000,c08f380000000000,bfd0000000000000,44345000,c3b44000,:ground=true:moving=true:rotating=true:remaining=0
movement-13-2-2-true	OK:wire=42:31f7a65c19fef1444ab6edff4f6e5d99b5afd5becb062f4978c5a4db7ed69cf3:size=41:state=3fc0000000000000,c08f380000000000,c08f380000000000,bfd0000000000000,44345000,c3b44000,:ground=true:moving=true:rotating=true:remaining=0
movement-13-2-127-false	OK:wire=42:31f7a65c19fef1444ab6edff4f6e5d99b5afd5becb062f4978c5a4db7ed69cf3:size=41:state=3fc0000000000000,c08f380000000000,c08f380000000000,bfd0000000000000,44345000,c3b44000,:ground=true:moving=true:rotating=true:remaining=0
movement-13-2-127-true	OK:wire=42:31f7a65c19fef1444ab6edff4f6e5d99b5afd5becb062f4978c5a4db7ed69cf3:size=41:state=3fc0000000000000,c08f380000000000,c08f380000000000,bfd0000000000000,44345000,c3b44000,:ground=true:moving=true:rotating=true:remaining=0
movement-13-2-255-false	OK:wire=42:31f7a65c19fef1444ab6edff4f6e5d99b5afd5becb062f4978c5a4db7ed69cf3:size=41:state=3fc0000000000000,c08f380000000000,c08f380000000000,bfd0000000000000,44345000,c3b44000,:ground=true:moving=true:rotating=true:remaining=0
movement-13-2-255-true	OK:wire=42:31f7a65c19fef1444ab6edff4f6e5d99b5afd5becb062f4978c5a4db7ed69cf3:size=41:state=3fc0000000000000,c08f380000000000,c08f380000000000,bfd0000000000000,44345000,c3b44000,:ground=true:moving=true:rotating=true:remaining=0
movement-13-3-0-false	OK:wire=42:66e11210a6ccbd50abe8cac8c6dc6db9b8a5876127efb26d4eb83130e02e2c58:size=41:state=417c9c3800000000,405fffef9db22d0e,406033d70a3d70a4,c17c9c3800000000,7f7fffff,1,:ground=false:moving=true:rotating=true:remaining=0
movement-13-3-0-true	OK:wire=42:66e11210a6ccbd50abe8cac8c6dc6db9b8a5876127efb26d4eb83130e02e2c58:size=41:state=417c9c3800000000,405fffef9db22d0e,406033d70a3d70a4,c17c9c3800000000,7f7fffff,1,:ground=false:moving=true:rotating=true:remaining=0
movement-13-3-1-false	OK:wire=42:3122e0a579cfb0affe49389c8a764fb1f7a5367d98ebbd64c7feddd2dd9780c8:size=41:state=417c9c3800000000,405fffef9db22d0e,406033d70a3d70a4,c17c9c3800000000,7f7fffff,1,:ground=true:moving=true:rotating=true:remaining=0
movement-13-3-1-true	OK:wire=42:3122e0a579cfb0affe49389c8a764fb1f7a5367d98ebbd64c7feddd2dd9780c8:size=41:state=417c9c3800000000,405fffef9db22d0e,406033d70a3d70a4,c17c9c3800000000,7f7fffff,1,:ground=true:moving=true:rotating=true:remaining=0
movement-13-3-2-false	OK:wire=42:3122e0a579cfb0affe49389c8a764fb1f7a5367d98ebbd64c7feddd2dd9780c8:size=41:state=417c9c3800000000,405fffef9db22d0e,406033d70a3d70a4,c17c9c3800000000,7f7fffff,1,:ground=true:moving=true:rotating=true:remaining=0
movement-13-3-2-true	OK:wire=42:3122e0a579cfb0affe49389c8a764fb1f7a5367d98ebbd64c7feddd2dd9780c8:size=41:state=417c9c3800000000,405fffef9db22d0e,406033d70a3d70a4,c17c9c3800000000,7f7fffff,1,:ground=true:moving=true:rotating=true:remaining=0
movement-13-3-127-false	OK:wire=42:3122e0a579cfb0affe49389c8a764fb1f7a5367d98ebbd64c7feddd2dd9780c8:size=41:state=417c9c3800000000,405fffef9db22d0e,406033d70a3d70a4,c17c9c3800000000,7f7fffff,1,:ground=true:moving=true:rotating=true:remaining=0
movement-13-3-127-true	OK:wire=42:3122e0a579cfb0affe49389c8a764fb1f7a5367d98ebbd64c7feddd2dd9780c8:size=41:state=417c9c3800000000,405fffef9db22d0e,406033d70a3d70a4,c17c9c3800000000,7f7fffff,1,:ground=true:moving=true:rotating=true:remaining=0
movement-13-3-255-false	OK:wire=42:3122e0a579cfb0affe49389c8a764fb1f7a5367d98ebbd64c7feddd2dd9780c8:size=41:state=417c9c3800000000,405fffef9db22d0e,406033d70a3d70a4,c17c9c3800000000,7f7fffff,1,:ground=true:moving=true:rotating=true:remaining=0
movement-13-3-255-true	OK:wire=42:3122e0a579cfb0affe49389c8a764fb1f7a5367d98ebbd64c7feddd2dd9780c8:size=41:state=417c9c3800000000,405fffef9db22d0e,406033d70a3d70a4,c17c9c3800000000,7f7fffff,1,:ground=true:moving=true:rotating=true:remaining=0
movement-13-4-0-false	OK:wire=42:1702a18858657fafb62b5f380d8b5270fae513e942b74df578cd3573d67eb62d:size=41:state=7ff8000000000000,7ff0000000000000,fff0000000000000,1,7fc00000,7f800000,:ground=false:moving=true:rotating=true:remaining=0
movement-13-4-0-true	OK:wire=42:1702a18858657fafb62b5f380d8b5270fae513e942b74df578cd3573d67eb62d:size=41:state=7ff8000000000000,7ff0000000000000,fff0000000000000,1,7fc00000,7f800000,:ground=false:moving=true:rotating=true:remaining=0
movement-13-4-1-false	OK:wire=42:26c09789e0331b2ece79300a816ff4ee9a8fb28bfaeb6968355710ea5a41c32b:size=41:state=7ff8000000000000,7ff0000000000000,fff0000000000000,1,7fc00000,7f800000,:ground=true:moving=true:rotating=true:remaining=0
movement-13-4-1-true	OK:wire=42:26c09789e0331b2ece79300a816ff4ee9a8fb28bfaeb6968355710ea5a41c32b:size=41:state=7ff8000000000000,7ff0000000000000,fff0000000000000,1,7fc00000,7f800000,:ground=true:moving=true:rotating=true:remaining=0
movement-13-4-2-false	OK:wire=42:26c09789e0331b2ece79300a816ff4ee9a8fb28bfaeb6968355710ea5a41c32b:size=41:state=7ff8000000000000,7ff0000000000000,fff0000000000000,1,7fc00000,7f800000,:ground=true:moving=true:rotating=true:remaining=0
movement-13-4-2-true	OK:wire=42:26c09789e0331b2ece79300a816ff4ee9a8fb28bfaeb6968355710ea5a41c32b:size=41:state=7ff8000000000000,7ff0000000000000,fff0000000000000,1,7fc00000,7f800000,:ground=true:moving=true:rotating=true:remaining=0
movement-13-4-127-false	OK:wire=42:26c09789e0331b2ece79300a816ff4ee9a8fb28bfaeb6968355710ea5a41c32b:size=41:state=7ff8000000000000,7ff0000000000000,fff0000000000000,1,7fc00000,7f800000,:ground=true:moving=true:rotating=true:remaining=0
movement-13-4-127-true	OK:wire=42:26c09789e0331b2ece79300a816ff4ee9a8fb28bfaeb6968355710ea5a41c32b:size=41:state=7ff8000000000000,7ff0000000000000,fff0000000000000,1,7fc00000,7f800000,:ground=true:moving=true:rotating=true:remaining=0
movement-13-4-255-false	OK:wire=42:26c09789e0331b2ece79300a816ff4ee9a8fb28bfaeb6968355710ea5a41c32b:size=41:state=7ff8000000000000,7ff0000000000000,fff0000000000000,1,7fc00000,7f800000,:ground=true:moving=true:rotating=true:remaining=0
movement-13-4-255-true	OK:wire=42:26c09789e0331b2ece79300a816ff4ee9a8fb28bfaeb6968355710ea5a41c32b:size=41:state=7ff8000000000000,7ff0000000000000,fff0000000000000,1,7fc00000,7f800000,:ground=true:moving=true:rotating=true:remaining=0
movement-truncated-13-0-false	OK:null:remaining=0
movement-truncated-13-0-true	OK:null:remaining=0
movement-truncated-13-1-false	OK:null:remaining=0
movement-truncated-13-1-true	OK:null:remaining=0
movement-truncated-13-2-false	OK:null:remaining=0
movement-truncated-13-2-true	OK:null:remaining=0
movement-truncated-13-3-false	OK:null:remaining=0
movement-truncated-13-3-true	OK:null:remaining=0
movement-truncated-13-4-false	OK:null:remaining=0
movement-truncated-13-4-true	OK:null:remaining=0
movement-truncated-13-5-false	OK:null:remaining=0
movement-truncated-13-5-true	OK:null:remaining=0
movement-truncated-13-6-false	OK:null:remaining=0
movement-truncated-13-6-true	OK:null:remaining=0
movement-truncated-13-7-false	OK:null:remaining=0
movement-truncated-13-7-true	OK:null:remaining=0
movement-truncated-13-8-false	OK:null:remaining=0
movement-truncated-13-8-true	OK:null:remaining=0
movement-truncated-13-9-false	OK:null:remaining=0
movement-truncated-13-9-true	OK:null:remaining=0
movement-truncated-13-10-false	OK:null:remaining=0
movement-truncated-13-10-true	OK:null:remaining=0
movement-truncated-13-11-false	OK:null:remaining=0
movement-truncated-13-11-true	OK:null:remaining=0
movement-truncated-13-12-false	OK:null:remaining=0
movement-truncated-13-12-true	OK:null:remaining=0
movement-truncated-13-13-false	OK:null:remaining=0
movement-truncated-13-13-true	OK:null:remaining=0
movement-truncated-13-14-false	OK:null:remaining=0
movement-truncated-13-14-true	OK:null:remaining=0
movement-truncated-13-15-false	OK:null:remaining=0
movement-truncated-13-15-true	OK:null:remaining=0
movement-truncated-13-16-false	OK:null:remaining=0
movement-truncated-13-16-true	OK:null:remaining=0
movement-truncated-13-17-false	OK:null:remaining=0
movement-truncated-13-17-true	OK:null:remaining=0
movement-truncated-13-18-false	OK:null:remaining=0
movement-truncated-13-18-true	OK:null:remaining=0
movement-truncated-13-19-false	OK:null:remaining=0
movement-truncated-13-19-true	OK:null:remaining=0
movement-truncated-13-20-false	OK:null:remaining=0
movement-truncated-13-20-true	OK:null:remaining=0
movement-truncated-13-21-false	OK:null:remaining=0
movement-truncated-13-21-true	OK:null:remaining=0
movement-truncated-13-22-false	OK:null:remaining=0
movement-truncated-13-22-true	OK:null:remaining=0
movement-truncated-13-23-false	OK:null:remaining=0
movement-truncated-13-23-true	OK:null:remaining=0
movement-truncated-13-24-false	OK:null:remaining=0
movement-truncated-13-24-true	OK:null:remaining=0
movement-truncated-13-25-false	OK:null:remaining=0
movement-truncated-13-25-true	OK:null:remaining=0
movement-truncated-13-26-false	OK:null:remaining=0
movement-truncated-13-26-true	OK:null:remaining=0
movement-truncated-13-27-false	OK:null:remaining=0
movement-truncated-13-27-true	OK:null:remaining=0
movement-truncated-13-28-false	OK:null:remaining=0
movement-truncated-13-28-true	OK:null:remaining=0
movement-truncated-13-29-false	OK:null:remaining=0
movement-truncated-13-29-true	OK:null:remaining=0
movement-truncated-13-30-false	OK:null:remaining=0
movement-truncated-13-30-true	OK:null:remaining=0
movement-truncated-13-31-false	OK:null:remaining=0
movement-truncated-13-31-true	OK:null:remaining=0
movement-truncated-13-32-false	OK:null:remaining=0
movement-truncated-13-32-true	OK:null:remaining=0
movement-truncated-13-33-false	OK:null:remaining=0
movement-truncated-13-33-true	OK:null:remaining=0
movement-truncated-13-34-false	OK:null:remaining=0
movement-truncated-13-34-true	OK:null:remaining=0
movement-truncated-13-35-false	OK:null:remaining=0
movement-truncated-13-35-true	OK:null:remaining=0
movement-truncated-13-36-false	OK:null:remaining=0
movement-truncated-13-36-true	OK:null:remaining=0
movement-truncated-13-37-false	OK:null:remaining=0
movement-truncated-13-37-true	OK:null:remaining=0
movement-truncated-13-38-false	OK:null:remaining=0
movement-truncated-13-38-true	OK:null:remaining=0
movement-truncated-13-39-false	OK:null:remaining=0
movement-truncated-13-39-true	OK:null:remaining=0
movement-truncated-13-40-false	OK:null:remaining=0
movement-truncated-13-40-true	OK:null:remaining=0
movement-truncated-13-41-false	OK:wire=42:073743786f2056d038cdacfeb6122051caa4ac51237ed8bb5fcc3cd840f61c27:size=41:state=c029000000000000,4050000000000000,405067ae147ae148,4040a00000000000,43340000,c2b40000,:ground=true:moving=true:rotating=true:remaining=0
movement-truncated-13-41-true	OK:wire=42:073743786f2056d038cdacfeb6122051caa4ac51237ed8bb5fcc3cd840f61c27:size=41:state=c029000000000000,4050000000000000,405067ae147ae148,4040a00000000000,43340000,c2b40000,:ground=true:moving=true:rotating=true:remaining=0
movement-constructor-client-ack	OK:42:3e84631748478a2440b2387ed16fcdab38319ef2840b56c6ec1e665457b54f1f:c029000000000000,4050000000000000,405067ae14800000,4040a00000000000,42340000,c1a00000,:ground=false:moving=true:rotating=true
movement-constructor-server-correction	OK:42:84ecfc796adbf63555526494555b5dd46c8e4cd08554091dfe762dd09deccd06:c029000000000000,405067ae14800000,4050000000000000,4040a00000000000,42340000,c1a00000,:ground=false:moving=true:rotating=true
accounting-after-codecs	OK:total=260:{0=2/0, 2=12/190, 3=20/800, 4=1/8, 7=1/9, 10=52/52, 11=52/1716, 12=52/468, 13=52/2132, 255=16/360}
accounting-vehicle-0	OK:id=23:size=6:wire=22:deee41e96918295344b7b976b1dbcd6d616da8568c515af11c547fc29d3d9a32:remaining=0
accounting-vehicle-1	OK:id=23:size=6:wire=28:3291fab16f3c56960befaa13f50aa1f269cb4760ef6e787f0c534e410453f6d3:remaining=0
accounting-vehicle--1	OK:id=23:size=6:wire=22:0a288bd52a20d2537382f134f8ba49060589bae43d9accea082c991f2be9872f:remaining=0
accounting-vehicle-2147483647	OK:id=23:size=0:wire=28:230a99d2ddd17dd5dad94976db688e739a3344ff167df7060b8d76ec01ad162c:remaining=0
accounting-map-0	OK:id=131:size=4:wire=6:e5bb65d4c6652388d0f98f75ef782e6369c98c2c30915f24f32399a9f8c9db28:remaining=0
accounting-map-1	OK:id=131:size=5:wire=7:b62bb22e4ecac1429c7bc15f2116c938889f0b37b818977ae80c020760f67924:remaining=0
accounting-map-255	OK:id=131:size=259:wire=261:2d67f987603ab35c930debaac6f35d329763738ddedbab5fa2ed348b6ed414a5:remaining=0
accounting-after-size-quirks	OK:total=267:{0=2/0, 2=12/190, 3=20/800, 4=1/8, 7=1/9, 10=52/52, 11=52/1716, 12=52/468, 13=52/2132, 23=4/18, 131=3/268, 255=16/360}
accounting-invalid	ERROR:java.io.IOException:Bad packet id 254
accounting-eof	OK:null:remaining=0
accounting-after-rejections	OK:total=267:{0=2/0, 2=12/190, 3=20/800, 4=1/8, 7=1/9, 10=52/52, 11=52/1716, 12=52/468, 13=52/2132, 23=4/18, 131=3/268, 255=16/360}
accounting-detached-overflow	OK:-2147483648/-9223372036854775808
registry-duplicate-id	ERROR:java.lang.IllegalArgumentException:Duplicate packet id:0
registry-duplicate-class	OK:java.lang.IllegalArgumentException
registry-lookup--1	OK:null
registry-lookup-0	OK:id=0
registry-lookup-1	OK:id=1
registry-lookup-2	OK:id=2
registry-lookup-3	OK:id=3
registry-lookup-4	OK:id=4
registry-lookup-5	OK:id=5
registry-lookup-6	OK:id=6
registry-lookup-7	OK:id=7
registry-lookup-8	OK:id=8
registry-lookup-9	OK:id=9
registry-lookup-10	OK:id=10
registry-lookup-11	OK:id=11
registry-lookup-12	OK:id=12
registry-lookup-13	OK:id=13
registry-lookup-14	OK:id=14
registry-lookup-15	OK:id=15
registry-lookup-16	OK:id=16
registry-lookup-17	OK:id=17
registry-lookup-18	OK:id=18
registry-lookup-19	OK:id=19
registry-lookup-20	OK:id=20
registry-lookup-21	OK:id=21
registry-lookup-22	OK:id=22
registry-lookup-23	OK:id=23
registry-lookup-24	OK:id=24
registry-lookup-25	OK:id=25
registry-lookup-26	OK:null
registry-lookup-27	OK:id=27
registry-lookup-28	OK:id=28
registry-lookup-29	OK:id=29
registry-lookup-30	OK:id=30
registry-lookup-31	OK:id=31
registry-lookup-32	OK:id=32
registry-lookup-33	OK:id=33
registry-lookup-34	OK:id=34
registry-lookup-35	OK:null
registry-lookup-36	OK:null
registry-lookup-37	OK:null
registry-lookup-38	OK:id=38
registry-lookup-39	OK:id=39
registry-lookup-40	OK:id=40
registry-lookup-41	OK:null
registry-lookup-42	OK:null
registry-lookup-43	OK:null
registry-lookup-44	OK:null
registry-lookup-45	OK:null
registry-lookup-46	OK:null
registry-lookup-47	OK:null
registry-lookup-48	OK:null
registry-lookup-49	OK:null
registry-lookup-50	OK:id=50
registry-lookup-51	OK:id=51
registry-lookup-52	OK:id=52
registry-lookup-53	OK:id=53
registry-lookup-54	OK:id=54
registry-lookup-55	OK:null
registry-lookup-56	OK:null
registry-lookup-57	OK:null
registry-lookup-58	OK:null
registry-lookup-59	OK:null
registry-lookup-60	OK:id=60
registry-lookup-61	OK:id=61
registry-lookup-62	OK:null
registry-lookup-63	OK:null
registry-lookup-64	OK:null
registry-lookup-65	OK:null
registry-lookup-66	OK:null
registry-lookup-67	OK:null
registry-lookup-68	OK:null
registry-lookup-69	OK:null
registry-lookup-70	OK:id=70
registry-lookup-71	OK:id=71
registry-lookup-72	OK:null
registry-lookup-73	OK:null
registry-lookup-74	OK:null
registry-lookup-75	OK:null
registry-lookup-76	OK:null
registry-lookup-77	OK:null
registry-lookup-78	OK:null
registry-lookup-79	OK:null
registry-lookup-80	OK:null
registry-lookup-81	OK:null
registry-lookup-82	OK:null
registry-lookup-83	OK:null
registry-lookup-84	OK:null
registry-lookup-85	OK:null
registry-lookup-86	OK:null
registry-lookup-87	OK:null
registry-lookup-88	OK:null
registry-lookup-89	OK:null
registry-lookup-90	OK:null
registry-lookup-91	OK:null
registry-lookup-92	OK:null
registry-lookup-93	OK:null
registry-lookup-94	OK:null
registry-lookup-95	OK:null
registry-lookup-96	OK:null
registry-lookup-97	OK:null
registry-lookup-98	OK:null
registry-lookup-99	OK:null
registry-lookup-100	OK:id=100
registry-lookup-101	OK:id=101
registry-lookup-102	OK:id=102
registry-lookup-103	OK:id=103
registry-lookup-104	OK:id=104
registry-lookup-105	OK:id=105
registry-lookup-106	OK:id=106
registry-lookup-107	OK:null
registry-lookup-108	OK:null
registry-lookup-109	OK:null
registry-lookup-110	OK:null
registry-lookup-111	OK:null
registry-lookup-112	OK:null
registry-lookup-113	OK:null
registry-lookup-114	OK:null
registry-lookup-115	OK:null
registry-lookup-116	OK:null
registry-lookup-117	OK:null
registry-lookup-118	OK:null
registry-lookup-119	OK:null
registry-lookup-120	OK:null
registry-lookup-121	OK:null
registry-lookup-122	OK:null
registry-lookup-123	OK:null
registry-lookup-124	OK:null
registry-lookup-125	OK:null
registry-lookup-126	OK:null
registry-lookup-127	OK:null
registry-lookup-128	OK:null
registry-lookup-129	OK:null
registry-lookup-130	OK:id=130
registry-lookup-131	OK:id=131
registry-lookup-132	OK:null
registry-lookup-133	OK:null
registry-lookup-134	OK:null
registry-lookup-135	OK:null
registry-lookup-136	OK:null
registry-lookup-137	OK:null
registry-lookup-138	OK:null
registry-lookup-139	OK:null
registry-lookup-140	OK:null
registry-lookup-141	OK:null
registry-lookup-142	OK:null
registry-lookup-143	OK:null
registry-lookup-144	OK:null
registry-lookup-145	OK:null
registry-lookup-146	OK:null
registry-lookup-147	OK:null
registry-lookup-148	OK:null
registry-lookup-149	OK:null
registry-lookup-150	OK:null
registry-lookup-151	OK:null
registry-lookup-152	OK:null
registry-lookup-153	OK:null
registry-lookup-154	OK:null
registry-lookup-155	OK:null
registry-lookup-156	OK:null
registry-lookup-157	OK:null
registry-lookup-158	OK:null
registry-lookup-159	OK:null
registry-lookup-160	OK:null
registry-lookup-161	OK:null
registry-lookup-162	OK:null
registry-lookup-163	OK:null
registry-lookup-164	OK:null
registry-lookup-165	OK:null
registry-lookup-166	OK:null
registry-lookup-167	OK:null
registry-lookup-168	OK:null
registry-lookup-169	OK:null
registry-lookup-170	OK:null
registry-lookup-171	OK:null
registry-lookup-172	OK:null
registry-lookup-173	OK:null
registry-lookup-174	OK:null
registry-lookup-175	OK:null
registry-lookup-176	OK:null
registry-lookup-177	OK:null
registry-lookup-178	OK:null
registry-lookup-179	OK:null
registry-lookup-180	OK:null
registry-lookup-181	OK:null
registry-lookup-182	OK:null
registry-lookup-183	OK:null
registry-lookup-184	OK:null
registry-lookup-185	OK:null
registry-lookup-186	OK:null
registry-lookup-187	OK:null
registry-lookup-188	OK:null
registry-lookup-189	OK:null
registry-lookup-190	OK:null
registry-lookup-191	OK:null
registry-lookup-192	OK:null
registry-lookup-193	OK:null
registry-lookup-194	OK:null
registry-lookup-195	OK:null
registry-lookup-196	OK:null
registry-lookup-197	OK:null
registry-lookup-198	OK:null
registry-lookup-199	OK:null
registry-lookup-200	OK:id=200
registry-lookup-201	OK:null
registry-lookup-202	OK:null
registry-lookup-203	OK:null
registry-lookup-204	OK:null
registry-lookup-205	OK:null
registry-lookup-206	OK:null
registry-lookup-207	OK:null
registry-lookup-208	OK:null
registry-lookup-209	OK:null
registry-lookup-210	OK:null
registry-lookup-211	OK:null
registry-lookup-212	OK:null
registry-lookup-213	OK:null
registry-lookup-214	OK:null
registry-lookup-215	OK:null
registry-lookup-216	OK:null
registry-lookup-217	OK:null
registry-lookup-218	OK:null
registry-lookup-219	OK:null
registry-lookup-220	OK:null
registry-lookup-221	OK:null
registry-lookup-222	OK:null
registry-lookup-223	OK:null
registry-lookup-224	OK:null
registry-lookup-225	OK:null
registry-lookup-226	OK:null
registry-lookup-227	OK:null
registry-lookup-228	OK:null
registry-lookup-229	OK:null
registry-lookup-230	OK:null
registry-lookup-231	OK:null
registry-lookup-232	OK:null
registry-lookup-233	OK:null
registry-lookup-234	OK:null
registry-lookup-235	OK:null
registry-lookup-236	OK:null
registry-lookup-237	OK:null
registry-lookup-238	OK:null
registry-lookup-239	OK:null
registry-lookup-240	OK:null
registry-lookup-241	OK:null
registry-lookup-242	OK:null
registry-lookup-243	OK:null
registry-lookup-244	OK:null
registry-lookup-245	OK:null
registry-lookup-246	OK:null
registry-lookup-247	OK:null
registry-lookup-248	OK:null
registry-lookup-249	OK:null
registry-lookup-250	OK:null
registry-lookup-251	OK:null
registry-lookup-252	OK:null
registry-lookup-253	OK:null
registry-lookup-254	OK:null
registry-lookup-255	OK:id=255
registry-lookup-256	OK:null
registry-direction-0-false	OK:id=0
registry-direction-0-true	OK:id=0
registry-direction-1-false	OK:null
registry-direction-1-true	OK:null
registry-direction-2-false	OK:null
registry-direction-2-true	OK:null
registry-direction-3-false	OK:null
registry-direction-3-true	OK:null
registry-direction-4-false	OK:null
registry-direction-4-true	ERROR:java.io.IOException:Bad packet id 4
registry-direction-5-false	OK:null
registry-direction-5-true	ERROR:java.io.IOException:Bad packet id 5
registry-direction-6-false	OK:null
registry-direction-6-true	ERROR:java.io.IOException:Bad packet id 6
registry-direction-7-false	ERROR:java.io.IOException:Bad packet id 7
registry-direction-7-true	OK:null
registry-direction-8-false	OK:null
registry-direction-8-true	ERROR:java.io.IOException:Bad packet id 8
registry-direction-9-false	OK:null
registry-direction-9-true	OK:null
registry-direction-10-false	OK:id=10
registry-direction-10-true	OK:id=10
registry-direction-11-false	OK:null
registry-direction-11-true	OK:null
registry-direction-12-false	OK:null
registry-direction-12-true	OK:null
registry-direction-13-false	OK:null
registry-direction-13-true	OK:null
registry-direction-14-false	ERROR:java.io.IOException:Bad packet id 14
registry-direction-14-true	OK:null
registry-direction-15-false	ERROR:java.io.IOException:Bad packet id 15
registry-direction-15-true	OK:null
registry-direction-16-false	ERROR:java.io.IOException:Bad packet id 16
registry-direction-16-true	OK:null
registry-direction-17-false	OK:null
registry-direction-17-true	ERROR:java.io.IOException:Bad packet id 17
registry-direction-18-false	OK:null
registry-direction-18-true	OK:null
registry-direction-19-false	ERROR:java.io.IOException:Bad packet id 19
registry-direction-19-true	OK:null
registry-direction-20-false	OK:null
registry-direction-20-true	ERROR:java.io.IOException:Bad packet id 20
registry-direction-21-false	OK:null
registry-direction-21-true	ERROR:java.io.IOException:Bad packet id 21
registry-direction-22-false	OK:null
registry-direction-22-true	ERROR:java.io.IOException:Bad packet id 22
registry-direction-23-false	OK:null
registry-direction-23-true	ERROR:java.io.IOException:Bad packet id 23
registry-direction-24-false	OK:null
registry-direction-24-true	ERROR:java.io.IOException:Bad packet id 24
registry-direction-25-false	OK:null
registry-direction-25-true	ERROR:java.io.IOException:Bad packet id 25
registry-direction-26-false	ERROR:java.io.IOException:Bad packet id 26
registry-direction-26-true	ERROR:java.io.IOException:Bad packet id 26
registry-direction-27-false	ERROR:java.io.IOException:Bad packet id 27
registry-direction-27-true	OK:null
registry-direction-28-false	OK:null
registry-direction-28-true	ERROR:java.io.IOException:Bad packet id 28
registry-direction-29-false	OK:null
registry-direction-29-true	ERROR:java.io.IOException:Bad packet id 29
registry-direction-30-false	OK:null
registry-direction-30-true	ERROR:java.io.IOException:Bad packet id 30
registry-direction-31-false	OK:null
registry-direction-31-true	ERROR:java.io.IOException:Bad packet id 31
registry-direction-32-false	OK:null
registry-direction-32-true	ERROR:java.io.IOException:Bad packet id 32
registry-direction-33-false	OK:null
registry-direction-33-true	ERROR:java.io.IOException:Bad packet id 33
registry-direction-34-false	OK:null
registry-direction-34-true	ERROR:java.io.IOException:Bad packet id 34
registry-direction-35-false	ERROR:java.io.IOException:Bad packet id 35
registry-direction-35-true	ERROR:java.io.IOException:Bad packet id 35
registry-direction-36-false	ERROR:java.io.IOException:Bad packet id 36
registry-direction-36-true	ERROR:java.io.IOException:Bad packet id 36
registry-direction-37-false	ERROR:java.io.IOException:Bad packet id 37
registry-direction-37-true	ERROR:java.io.IOException:Bad packet id 37
registry-direction-38-false	OK:null
registry-direction-38-true	ERROR:java.io.IOException:Bad packet id 38
registry-direction-39-false	OK:null
registry-direction-39-true	ERROR:java.io.IOException:Bad packet id 39
registry-direction-40-false	OK:null
registry-direction-40-true	ERROR:java.io.IOException:Bad packet id 40
registry-direction-41-false	ERROR:java.io.IOException:Bad packet id 41
registry-direction-41-true	ERROR:java.io.IOException:Bad packet id 41
registry-direction-42-false	ERROR:java.io.IOException:Bad packet id 42
registry-direction-42-true	ERROR:java.io.IOException:Bad packet id 42
registry-direction-43-false	ERROR:java.io.IOException:Bad packet id 43
registry-direction-43-true	ERROR:java.io.IOException:Bad packet id 43
registry-direction-44-false	ERROR:java.io.IOException:Bad packet id 44
registry-direction-44-true	ERROR:java.io.IOException:Bad packet id 44
registry-direction-45-false	ERROR:java.io.IOException:Bad packet id 45
registry-direction-45-true	ERROR:java.io.IOException:Bad packet id 45
registry-direction-46-false	ERROR:java.io.IOException:Bad packet id 46
registry-direction-46-true	ERROR:java.io.IOException:Bad packet id 46
registry-direction-47-false	ERROR:java.io.IOException:Bad packet id 47
registry-direction-47-true	ERROR:java.io.IOException:Bad packet id 47
registry-direction-48-false	ERROR:java.io.IOException:Bad packet id 48
registry-direction-48-true	ERROR:java.io.IOException:Bad packet id 48
registry-direction-49-false	ERROR:java.io.IOException:Bad packet id 49
registry-direction-49-true	ERROR:java.io.IOException:Bad packet id 49
registry-direction-50-false	OK:null
registry-direction-50-true	ERROR:java.io.IOException:Bad packet id 50
registry-direction-51-false	OK:null
registry-direction-51-true	ERROR:java.io.IOException:Bad packet id 51
registry-direction-52-false	OK:null
registry-direction-52-true	ERROR:java.io.IOException:Bad packet id 52
registry-direction-53-false	OK:null
registry-direction-53-true	ERROR:java.io.IOException:Bad packet id 53
registry-direction-54-false	OK:null
registry-direction-54-true	ERROR:java.io.IOException:Bad packet id 54
registry-direction-55-false	ERROR:java.io.IOException:Bad packet id 55
registry-direction-55-true	ERROR:java.io.IOException:Bad packet id 55
registry-direction-56-false	ERROR:java.io.IOException:Bad packet id 56
registry-direction-56-true	ERROR:java.io.IOException:Bad packet id 56
registry-direction-57-false	ERROR:java.io.IOException:Bad packet id 57
registry-direction-57-true	ERROR:java.io.IOException:Bad packet id 57
registry-direction-58-false	ERROR:java.io.IOException:Bad packet id 58
registry-direction-58-true	ERROR:java.io.IOException:Bad packet id 58
registry-direction-59-false	ERROR:java.io.IOException:Bad packet id 59
registry-direction-59-true	ERROR:java.io.IOException:Bad packet id 59
registry-direction-60-false	OK:null
registry-direction-60-true	ERROR:java.io.IOException:Bad packet id 60
registry-direction-61-false	OK:null
registry-direction-61-true	ERROR:java.io.IOException:Bad packet id 61
registry-direction-62-false	ERROR:java.io.IOException:Bad packet id 62
registry-direction-62-true	ERROR:java.io.IOException:Bad packet id 62
registry-direction-63-false	ERROR:java.io.IOException:Bad packet id 63
registry-direction-63-true	ERROR:java.io.IOException:Bad packet id 63
registry-direction-64-false	ERROR:java.io.IOException:Bad packet id 64
registry-direction-64-true	ERROR:java.io.IOException:Bad packet id 64
registry-direction-65-false	ERROR:java.io.IOException:Bad packet id 65
registry-direction-65-true	ERROR:java.io.IOException:Bad packet id 65
registry-direction-66-false	ERROR:java.io.IOException:Bad packet id 66
registry-direction-66-true	ERROR:java.io.IOException:Bad packet id 66
registry-direction-67-false	ERROR:java.io.IOException:Bad packet id 67
registry-direction-67-true	ERROR:java.io.IOException:Bad packet id 67
registry-direction-68-false	ERROR:java.io.IOException:Bad packet id 68
registry-direction-68-true	ERROR:java.io.IOException:Bad packet id 68
registry-direction-69-false	ERROR:java.io.IOException:Bad packet id 69
registry-direction-69-true	ERROR:java.io.IOException:Bad packet id 69
registry-direction-70-false	OK:null
registry-direction-70-true	ERROR:java.io.IOException:Bad packet id 70
registry-direction-71-false	OK:null
registry-direction-71-true	ERROR:java.io.IOException:Bad packet id 71
registry-direction-72-false	ERROR:java.io.IOException:Bad packet id 72
registry-direction-72-true	ERROR:java.io.IOException:Bad packet id 72
registry-direction-73-false	ERROR:java.io.IOException:Bad packet id 73
registry-direction-73-true	ERROR:java.io.IOException:Bad packet id 73
registry-direction-74-false	ERROR:java.io.IOException:Bad packet id 74
registry-direction-74-true	ERROR:java.io.IOException:Bad packet id 74
registry-direction-75-false	ERROR:java.io.IOException:Bad packet id 75
registry-direction-75-true	ERROR:java.io.IOException:Bad packet id 75
registry-direction-76-false	ERROR:java.io.IOException:Bad packet id 76
registry-direction-76-true	ERROR:java.io.IOException:Bad packet id 76
registry-direction-77-false	ERROR:java.io.IOException:Bad packet id 77
registry-direction-77-true	ERROR:java.io.IOException:Bad packet id 77
registry-direction-78-false	ERROR:java.io.IOException:Bad packet id 78
registry-direction-78-true	ERROR:java.io.IOException:Bad packet id 78
registry-direction-79-false	ERROR:java.io.IOException:Bad packet id 79
registry-direction-79-true	ERROR:java.io.IOException:Bad packet id 79
registry-direction-80-false	ERROR:java.io.IOException:Bad packet id 80
registry-direction-80-true	ERROR:java.io.IOException:Bad packet id 80
registry-direction-81-false	ERROR:java.io.IOException:Bad packet id 81
registry-direction-81-true	ERROR:java.io.IOException:Bad packet id 81
registry-direction-82-false	ERROR:java.io.IOException:Bad packet id 82
registry-direction-82-true	ERROR:java.io.IOException:Bad packet id 82
registry-direction-83-false	ERROR:java.io.IOException:Bad packet id 83
registry-direction-83-true	ERROR:java.io.IOException:Bad packet id 83
registry-direction-84-false	ERROR:java.io.IOException:Bad packet id 84
registry-direction-84-true	ERROR:java.io.IOException:Bad packet id 84
registry-direction-85-false	ERROR:java.io.IOException:Bad packet id 85
registry-direction-85-true	ERROR:java.io.IOException:Bad packet id 85
registry-direction-86-false	ERROR:java.io.IOException:Bad packet id 86
registry-direction-86-true	ERROR:java.io.IOException:Bad packet id 86
registry-direction-87-false	ERROR:java.io.IOException:Bad packet id 87
registry-direction-87-true	ERROR:java.io.IOException:Bad packet id 87
registry-direction-88-false	ERROR:java.io.IOException:Bad packet id 88
registry-direction-88-true	ERROR:java.io.IOException:Bad packet id 88
registry-direction-89-false	ERROR:java.io.IOException:Bad packet id 89
registry-direction-89-true	ERROR:java.io.IOException:Bad packet id 89
registry-direction-90-false	ERROR:java.io.IOException:Bad packet id 90
registry-direction-90-true	ERROR:java.io.IOException:Bad packet id 90
registry-direction-91-false	ERROR:java.io.IOException:Bad packet id 91
registry-direction-91-true	ERROR:java.io.IOException:Bad packet id 91
registry-direction-92-false	ERROR:java.io.IOException:Bad packet id 92
registry-direction-92-true	ERROR:java.io.IOException:Bad packet id 92
registry-direction-93-false	ERROR:java.io.IOException:Bad packet id 93
registry-direction-93-true	ERROR:java.io.IOException:Bad packet id 93
registry-direction-94-false	ERROR:java.io.IOException:Bad packet id 94
registry-direction-94-true	ERROR:java.io.IOException:Bad packet id 94
registry-direction-95-false	ERROR:java.io.IOException:Bad packet id 95
registry-direction-95-true	ERROR:java.io.IOException:Bad packet id 95
registry-direction-96-false	ERROR:java.io.IOException:Bad packet id 96
registry-direction-96-true	ERROR:java.io.IOException:Bad packet id 96
registry-direction-97-false	ERROR:java.io.IOException:Bad packet id 97
registry-direction-97-true	ERROR:java.io.IOException:Bad packet id 97
registry-direction-98-false	ERROR:java.io.IOException:Bad packet id 98
registry-direction-98-true	ERROR:java.io.IOException:Bad packet id 98
registry-direction-99-false	ERROR:java.io.IOException:Bad packet id 99
registry-direction-99-true	ERROR:java.io.IOException:Bad packet id 99
registry-direction-100-false	OK:null
registry-direction-100-true	ERROR:java.io.IOException:Bad packet id 100
registry-direction-101-false	OK:null
registry-direction-101-true	OK:null
registry-direction-102-false	ERROR:java.io.IOException:Bad packet id 102
registry-direction-102-true	OK:null
registry-direction-103-false	OK:null
registry-direction-103-true	ERROR:java.io.IOException:Bad packet id 103
registry-direction-104-false	OK:null
registry-direction-104-true	ERROR:java.io.IOException:Bad packet id 104
registry-direction-105-false	OK:null
registry-direction-105-true	ERROR:java.io.IOException:Bad packet id 105
registry-direction-106-false	OK:null
registry-direction-106-true	OK:null
registry-direction-107-false	ERROR:java.io.IOException:Bad packet id 107
registry-direction-107-true	ERROR:java.io.IOException:Bad packet id 107
registry-direction-108-false	ERROR:java.io.IOException:Bad packet id 108
registry-direction-108-true	ERROR:java.io.IOException:Bad packet id 108
registry-direction-109-false	ERROR:java.io.IOException:Bad packet id 109
registry-direction-109-true	ERROR:java.io.IOException:Bad packet id 109
registry-direction-110-false	ERROR:java.io.IOException:Bad packet id 110
registry-direction-110-true	ERROR:java.io.IOException:Bad packet id 110
registry-direction-111-false	ERROR:java.io.IOException:Bad packet id 111
registry-direction-111-true	ERROR:java.io.IOException:Bad packet id 111
registry-direction-112-false	ERROR:java.io.IOException:Bad packet id 112
registry-direction-112-true	ERROR:java.io.IOException:Bad packet id 112
registry-direction-113-false	ERROR:java.io.IOException:Bad packet id 113
registry-direction-113-true	ERROR:java.io.IOException:Bad packet id 113
registry-direction-114-false	ERROR:java.io.IOException:Bad packet id 114
registry-direction-114-true	ERROR:java.io.IOException:Bad packet id 114
registry-direction-115-false	ERROR:java.io.IOException:Bad packet id 115
registry-direction-115-true	ERROR:java.io.IOException:Bad packet id 115
registry-direction-116-false	ERROR:java.io.IOException:Bad packet id 116
registry-direction-116-true	ERROR:java.io.IOException:Bad packet id 116
registry-direction-117-false	ERROR:java.io.IOException:Bad packet id 117
registry-direction-117-true	ERROR:java.io.IOException:Bad packet id 117
registry-direction-118-false	ERROR:java.io.IOException:Bad packet id 118
registry-direction-118-true	ERROR:java.io.IOException:Bad packet id 118
registry-direction-119-false	ERROR:java.io.IOException:Bad packet id 119
registry-direction-119-true	ERROR:java.io.IOException:Bad packet id 119
registry-direction-120-false	ERROR:java.io.IOException:Bad packet id 120
registry-direction-120-true	ERROR:java.io.IOException:Bad packet id 120
registry-direction-121-false	ERROR:java.io.IOException:Bad packet id 121
registry-direction-121-true	ERROR:java.io.IOException:Bad packet id 121
registry-direction-122-false	ERROR:java.io.IOException:Bad packet id 122
registry-direction-122-true	ERROR:java.io.IOException:Bad packet id 122
registry-direction-123-false	ERROR:java.io.IOException:Bad packet id 123
registry-direction-123-true	ERROR:java.io.IOException:Bad packet id 123
registry-direction-124-false	ERROR:java.io.IOException:Bad packet id 124
registry-direction-124-true	ERROR:java.io.IOException:Bad packet id 124
registry-direction-125-false	ERROR:java.io.IOException:Bad packet id 125
registry-direction-125-true	ERROR:java.io.IOException:Bad packet id 125
registry-direction-126-false	ERROR:java.io.IOException:Bad packet id 126
registry-direction-126-true	ERROR:java.io.IOException:Bad packet id 126
registry-direction-127-false	ERROR:java.io.IOException:Bad packet id 127
registry-direction-127-true	ERROR:java.io.IOException:Bad packet id 127
registry-direction-128-false	ERROR:java.io.IOException:Bad packet id 128
registry-direction-128-true	ERROR:java.io.IOException:Bad packet id 128
registry-direction-129-false	ERROR:java.io.IOException:Bad packet id 129
registry-direction-129-true	ERROR:java.io.IOException:Bad packet id 129
registry-direction-130-false	OK:null
registry-direction-130-true	OK:null
registry-direction-131-false	OK:null
registry-direction-131-true	ERROR:java.io.IOException:Bad packet id 131
registry-direction-132-false	ERROR:java.io.IOException:Bad packet id 132
registry-direction-132-true	ERROR:java.io.IOException:Bad packet id 132
registry-direction-133-false	ERROR:java.io.IOException:Bad packet id 133
registry-direction-133-true	ERROR:java.io.IOException:Bad packet id 133
registry-direction-134-false	ERROR:java.io.IOException:Bad packet id 134
registry-direction-134-true	ERROR:java.io.IOException:Bad packet id 134
registry-direction-135-false	ERROR:java.io.IOException:Bad packet id 135
registry-direction-135-true	ERROR:java.io.IOException:Bad packet id 135
registry-direction-136-false	ERROR:java.io.IOException:Bad packet id 136
registry-direction-136-true	ERROR:java.io.IOException:Bad packet id 136
registry-direction-137-false	ERROR:java.io.IOException:Bad packet id 137
registry-direction-137-true	ERROR:java.io.IOException:Bad packet id 137
registry-direction-138-false	ERROR:java.io.IOException:Bad packet id 138
registry-direction-138-true	ERROR:java.io.IOException:Bad packet id 138
registry-direction-139-false	ERROR:java.io.IOException:Bad packet id 139
registry-direction-139-true	ERROR:java.io.IOException:Bad packet id 139
registry-direction-140-false	ERROR:java.io.IOException:Bad packet id 140
registry-direction-140-true	ERROR:java.io.IOException:Bad packet id 140
registry-direction-141-false	ERROR:java.io.IOException:Bad packet id 141
registry-direction-141-true	ERROR:java.io.IOException:Bad packet id 141
registry-direction-142-false	ERROR:java.io.IOException:Bad packet id 142
registry-direction-142-true	ERROR:java.io.IOException:Bad packet id 142
registry-direction-143-false	ERROR:java.io.IOException:Bad packet id 143
registry-direction-143-true	ERROR:java.io.IOException:Bad packet id 143
registry-direction-144-false	ERROR:java.io.IOException:Bad packet id 144
registry-direction-144-true	ERROR:java.io.IOException:Bad packet id 144
registry-direction-145-false	ERROR:java.io.IOException:Bad packet id 145
registry-direction-145-true	ERROR:java.io.IOException:Bad packet id 145
registry-direction-146-false	ERROR:java.io.IOException:Bad packet id 146
registry-direction-146-true	ERROR:java.io.IOException:Bad packet id 146
registry-direction-147-false	ERROR:java.io.IOException:Bad packet id 147
registry-direction-147-true	ERROR:java.io.IOException:Bad packet id 147
registry-direction-148-false	ERROR:java.io.IOException:Bad packet id 148
registry-direction-148-true	ERROR:java.io.IOException:Bad packet id 148
registry-direction-149-false	ERROR:java.io.IOException:Bad packet id 149
registry-direction-149-true	ERROR:java.io.IOException:Bad packet id 149
registry-direction-150-false	ERROR:java.io.IOException:Bad packet id 150
registry-direction-150-true	ERROR:java.io.IOException:Bad packet id 150
registry-direction-151-false	ERROR:java.io.IOException:Bad packet id 151
registry-direction-151-true	ERROR:java.io.IOException:Bad packet id 151
registry-direction-152-false	ERROR:java.io.IOException:Bad packet id 152
registry-direction-152-true	ERROR:java.io.IOException:Bad packet id 152
registry-direction-153-false	ERROR:java.io.IOException:Bad packet id 153
registry-direction-153-true	ERROR:java.io.IOException:Bad packet id 153
registry-direction-154-false	ERROR:java.io.IOException:Bad packet id 154
registry-direction-154-true	ERROR:java.io.IOException:Bad packet id 154
registry-direction-155-false	ERROR:java.io.IOException:Bad packet id 155
registry-direction-155-true	ERROR:java.io.IOException:Bad packet id 155
registry-direction-156-false	ERROR:java.io.IOException:Bad packet id 156
registry-direction-156-true	ERROR:java.io.IOException:Bad packet id 156
registry-direction-157-false	ERROR:java.io.IOException:Bad packet id 157
registry-direction-157-true	ERROR:java.io.IOException:Bad packet id 157
registry-direction-158-false	ERROR:java.io.IOException:Bad packet id 158
registry-direction-158-true	ERROR:java.io.IOException:Bad packet id 158
registry-direction-159-false	ERROR:java.io.IOException:Bad packet id 159
registry-direction-159-true	ERROR:java.io.IOException:Bad packet id 159
registry-direction-160-false	ERROR:java.io.IOException:Bad packet id 160
registry-direction-160-true	ERROR:java.io.IOException:Bad packet id 160
registry-direction-161-false	ERROR:java.io.IOException:Bad packet id 161
registry-direction-161-true	ERROR:java.io.IOException:Bad packet id 161
registry-direction-162-false	ERROR:java.io.IOException:Bad packet id 162
registry-direction-162-true	ERROR:java.io.IOException:Bad packet id 162
registry-direction-163-false	ERROR:java.io.IOException:Bad packet id 163
registry-direction-163-true	ERROR:java.io.IOException:Bad packet id 163
registry-direction-164-false	ERROR:java.io.IOException:Bad packet id 164
registry-direction-164-true	ERROR:java.io.IOException:Bad packet id 164
registry-direction-165-false	ERROR:java.io.IOException:Bad packet id 165
registry-direction-165-true	ERROR:java.io.IOException:Bad packet id 165
registry-direction-166-false	ERROR:java.io.IOException:Bad packet id 166
registry-direction-166-true	ERROR:java.io.IOException:Bad packet id 166
registry-direction-167-false	ERROR:java.io.IOException:Bad packet id 167
registry-direction-167-true	ERROR:java.io.IOException:Bad packet id 167
registry-direction-168-false	ERROR:java.io.IOException:Bad packet id 168
registry-direction-168-true	ERROR:java.io.IOException:Bad packet id 168
registry-direction-169-false	ERROR:java.io.IOException:Bad packet id 169
registry-direction-169-true	ERROR:java.io.IOException:Bad packet id 169
registry-direction-170-false	ERROR:java.io.IOException:Bad packet id 170
registry-direction-170-true	ERROR:java.io.IOException:Bad packet id 170
registry-direction-171-false	ERROR:java.io.IOException:Bad packet id 171
registry-direction-171-true	ERROR:java.io.IOException:Bad packet id 171
registry-direction-172-false	ERROR:java.io.IOException:Bad packet id 172
registry-direction-172-true	ERROR:java.io.IOException:Bad packet id 172
registry-direction-173-false	ERROR:java.io.IOException:Bad packet id 173
registry-direction-173-true	ERROR:java.io.IOException:Bad packet id 173
registry-direction-174-false	ERROR:java.io.IOException:Bad packet id 174
registry-direction-174-true	ERROR:java.io.IOException:Bad packet id 174
registry-direction-175-false	ERROR:java.io.IOException:Bad packet id 175
registry-direction-175-true	ERROR:java.io.IOException:Bad packet id 175
registry-direction-176-false	ERROR:java.io.IOException:Bad packet id 176
registry-direction-176-true	ERROR:java.io.IOException:Bad packet id 176
registry-direction-177-false	ERROR:java.io.IOException:Bad packet id 177
registry-direction-177-true	ERROR:java.io.IOException:Bad packet id 177
registry-direction-178-false	ERROR:java.io.IOException:Bad packet id 178
registry-direction-178-true	ERROR:java.io.IOException:Bad packet id 178
registry-direction-179-false	ERROR:java.io.IOException:Bad packet id 179
registry-direction-179-true	ERROR:java.io.IOException:Bad packet id 179
registry-direction-180-false	ERROR:java.io.IOException:Bad packet id 180
registry-direction-180-true	ERROR:java.io.IOException:Bad packet id 180
registry-direction-181-false	ERROR:java.io.IOException:Bad packet id 181
registry-direction-181-true	ERROR:java.io.IOException:Bad packet id 181
registry-direction-182-false	ERROR:java.io.IOException:Bad packet id 182
registry-direction-182-true	ERROR:java.io.IOException:Bad packet id 182
registry-direction-183-false	ERROR:java.io.IOException:Bad packet id 183
registry-direction-183-true	ERROR:java.io.IOException:Bad packet id 183
registry-direction-184-false	ERROR:java.io.IOException:Bad packet id 184
registry-direction-184-true	ERROR:java.io.IOException:Bad packet id 184
registry-direction-185-false	ERROR:java.io.IOException:Bad packet id 185
registry-direction-185-true	ERROR:java.io.IOException:Bad packet id 185
registry-direction-186-false	ERROR:java.io.IOException:Bad packet id 186
registry-direction-186-true	ERROR:java.io.IOException:Bad packet id 186
registry-direction-187-false	ERROR:java.io.IOException:Bad packet id 187
registry-direction-187-true	ERROR:java.io.IOException:Bad packet id 187
registry-direction-188-false	ERROR:java.io.IOException:Bad packet id 188
registry-direction-188-true	ERROR:java.io.IOException:Bad packet id 188
registry-direction-189-false	ERROR:java.io.IOException:Bad packet id 189
registry-direction-189-true	ERROR:java.io.IOException:Bad packet id 189
registry-direction-190-false	ERROR:java.io.IOException:Bad packet id 190
registry-direction-190-true	ERROR:java.io.IOException:Bad packet id 190
registry-direction-191-false	ERROR:java.io.IOException:Bad packet id 191
registry-direction-191-true	ERROR:java.io.IOException:Bad packet id 191
registry-direction-192-false	ERROR:java.io.IOException:Bad packet id 192
registry-direction-192-true	ERROR:java.io.IOException:Bad packet id 192
registry-direction-193-false	ERROR:java.io.IOException:Bad packet id 193
registry-direction-193-true	ERROR:java.io.IOException:Bad packet id 193
registry-direction-194-false	ERROR:java.io.IOException:Bad packet id 194
registry-direction-194-true	ERROR:java.io.IOException:Bad packet id 194
registry-direction-195-false	ERROR:java.io.IOException:Bad packet id 195
registry-direction-195-true	ERROR:java.io.IOException:Bad packet id 195
registry-direction-196-false	ERROR:java.io.IOException:Bad packet id 196
registry-direction-196-true	ERROR:java.io.IOException:Bad packet id 196
registry-direction-197-false	ERROR:java.io.IOException:Bad packet id 197
registry-direction-197-true	ERROR:java.io.IOException:Bad packet id 197
registry-direction-198-false	ERROR:java.io.IOException:Bad packet id 198
registry-direction-198-true	ERROR:java.io.IOException:Bad packet id 198
registry-direction-199-false	ERROR:java.io.IOException:Bad packet id 199
registry-direction-199-true	ERROR:java.io.IOException:Bad packet id 199
registry-direction-200-false	OK:null
registry-direction-200-true	ERROR:java.io.IOException:Bad packet id 200
registry-direction-201-false	ERROR:java.io.IOException:Bad packet id 201
registry-direction-201-true	ERROR:java.io.IOException:Bad packet id 201
registry-direction-202-false	ERROR:java.io.IOException:Bad packet id 202
registry-direction-202-true	ERROR:java.io.IOException:Bad packet id 202
registry-direction-203-false	ERROR:java.io.IOException:Bad packet id 203
registry-direction-203-true	ERROR:java.io.IOException:Bad packet id 203
registry-direction-204-false	ERROR:java.io.IOException:Bad packet id 204
registry-direction-204-true	ERROR:java.io.IOException:Bad packet id 204
registry-direction-205-false	ERROR:java.io.IOException:Bad packet id 205
registry-direction-205-true	ERROR:java.io.IOException:Bad packet id 205
registry-direction-206-false	ERROR:java.io.IOException:Bad packet id 206
registry-direction-206-true	ERROR:java.io.IOException:Bad packet id 206
registry-direction-207-false	ERROR:java.io.IOException:Bad packet id 207
registry-direction-207-true	ERROR:java.io.IOException:Bad packet id 207
registry-direction-208-false	ERROR:java.io.IOException:Bad packet id 208
registry-direction-208-true	ERROR:java.io.IOException:Bad packet id 208
registry-direction-209-false	ERROR:java.io.IOException:Bad packet id 209
registry-direction-209-true	ERROR:java.io.IOException:Bad packet id 209
registry-direction-210-false	ERROR:java.io.IOException:Bad packet id 210
registry-direction-210-true	ERROR:java.io.IOException:Bad packet id 210
registry-direction-211-false	ERROR:java.io.IOException:Bad packet id 211
registry-direction-211-true	ERROR:java.io.IOException:Bad packet id 211
registry-direction-212-false	ERROR:java.io.IOException:Bad packet id 212
registry-direction-212-true	ERROR:java.io.IOException:Bad packet id 212
registry-direction-213-false	ERROR:java.io.IOException:Bad packet id 213
registry-direction-213-true	ERROR:java.io.IOException:Bad packet id 213
registry-direction-214-false	ERROR:java.io.IOException:Bad packet id 214
registry-direction-214-true	ERROR:java.io.IOException:Bad packet id 214
registry-direction-215-false	ERROR:java.io.IOException:Bad packet id 215
registry-direction-215-true	ERROR:java.io.IOException:Bad packet id 215
registry-direction-216-false	ERROR:java.io.IOException:Bad packet id 216
registry-direction-216-true	ERROR:java.io.IOException:Bad packet id 216
registry-direction-217-false	ERROR:java.io.IOException:Bad packet id 217
registry-direction-217-true	ERROR:java.io.IOException:Bad packet id 217
registry-direction-218-false	ERROR:java.io.IOException:Bad packet id 218
registry-direction-218-true	ERROR:java.io.IOException:Bad packet id 218
registry-direction-219-false	ERROR:java.io.IOException:Bad packet id 219
registry-direction-219-true	ERROR:java.io.IOException:Bad packet id 219
registry-direction-220-false	ERROR:java.io.IOException:Bad packet id 220
registry-direction-220-true	ERROR:java.io.IOException:Bad packet id 220
registry-direction-221-false	ERROR:java.io.IOException:Bad packet id 221
registry-direction-221-true	ERROR:java.io.IOException:Bad packet id 221
registry-direction-222-false	ERROR:java.io.IOException:Bad packet id 222
registry-direction-222-true	ERROR:java.io.IOException:Bad packet id 222
registry-direction-223-false	ERROR:java.io.IOException:Bad packet id 223
registry-direction-223-true	ERROR:java.io.IOException:Bad packet id 223
registry-direction-224-false	ERROR:java.io.IOException:Bad packet id 224
registry-direction-224-true	ERROR:java.io.IOException:Bad packet id 224
registry-direction-225-false	ERROR:java.io.IOException:Bad packet id 225
registry-direction-225-true	ERROR:java.io.IOException:Bad packet id 225
registry-direction-226-false	ERROR:java.io.IOException:Bad packet id 226
registry-direction-226-true	ERROR:java.io.IOException:Bad packet id 226
registry-direction-227-false	ERROR:java.io.IOException:Bad packet id 227
registry-direction-227-true	ERROR:java.io.IOException:Bad packet id 227
registry-direction-228-false	ERROR:java.io.IOException:Bad packet id 228
registry-direction-228-true	ERROR:java.io.IOException:Bad packet id 228
registry-direction-229-false	ERROR:java.io.IOException:Bad packet id 229
registry-direction-229-true	ERROR:java.io.IOException:Bad packet id 229
registry-direction-230-false	ERROR:java.io.IOException:Bad packet id 230
registry-direction-230-true	ERROR:java.io.IOException:Bad packet id 230
registry-direction-231-false	ERROR:java.io.IOException:Bad packet id 231
registry-direction-231-true	ERROR:java.io.IOException:Bad packet id 231
registry-direction-232-false	ERROR:java.io.IOException:Bad packet id 232
registry-direction-232-true	ERROR:java.io.IOException:Bad packet id 232
registry-direction-233-false	ERROR:java.io.IOException:Bad packet id 233
registry-direction-233-true	ERROR:java.io.IOException:Bad packet id 233
registry-direction-234-false	ERROR:java.io.IOException:Bad packet id 234
registry-direction-234-true	ERROR:java.io.IOException:Bad packet id 234
registry-direction-235-false	ERROR:java.io.IOException:Bad packet id 235
registry-direction-235-true	ERROR:java.io.IOException:Bad packet id 235
registry-direction-236-false	ERROR:java.io.IOException:Bad packet id 236
registry-direction-236-true	ERROR:java.io.IOException:Bad packet id 236
registry-direction-237-false	ERROR:java.io.IOException:Bad packet id 237
registry-direction-237-true	ERROR:java.io.IOException:Bad packet id 237
registry-direction-238-false	ERROR:java.io.IOException:Bad packet id 238
registry-direction-238-true	ERROR:java.io.IOException:Bad packet id 238
registry-direction-239-false	ERROR:java.io.IOException:Bad packet id 239
registry-direction-239-true	ERROR:java.io.IOException:Bad packet id 239
registry-direction-240-false	ERROR:java.io.IOException:Bad packet id 240
registry-direction-240-true	ERROR:java.io.IOException:Bad packet id 240
registry-direction-241-false	ERROR:java.io.IOException:Bad packet id 241
registry-direction-241-true	ERROR:java.io.IOException:Bad packet id 241
registry-direction-242-false	ERROR:java.io.IOException:Bad packet id 242
registry-direction-242-true	ERROR:java.io.IOException:Bad packet id 242
registry-direction-243-false	ERROR:java.io.IOException:Bad packet id 243
registry-direction-243-true	ERROR:java.io.IOException:Bad packet id 243
registry-direction-244-false	ERROR:java.io.IOException:Bad packet id 244
registry-direction-244-true	ERROR:java.io.IOException:Bad packet id 244
registry-direction-245-false	ERROR:java.io.IOException:Bad packet id 245
registry-direction-245-true	ERROR:java.io.IOException:Bad packet id 245
registry-direction-246-false	ERROR:java.io.IOException:Bad packet id 246
registry-direction-246-true	ERROR:java.io.IOException:Bad packet id 246
registry-direction-247-false	ERROR:java.io.IOException:Bad packet id 247
registry-direction-247-true	ERROR:java.io.IOException:Bad packet id 247
registry-direction-248-false	ERROR:java.io.IOException:Bad packet id 248
registry-direction-248-true	ERROR:java.io.IOException:Bad packet id 248
registry-direction-249-false	ERROR:java.io.IOException:Bad packet id 249
registry-direction-249-true	ERROR:java.io.IOException:Bad packet id 249
registry-direction-250-false	ERROR:java.io.IOException:Bad packet id 250
registry-direction-250-true	ERROR:java.io.IOException:Bad packet id 250
registry-direction-251-false	ERROR:java.io.IOException:Bad packet id 251
registry-direction-251-true	ERROR:java.io.IOException:Bad packet id 251
registry-direction-252-false	ERROR:java.io.IOException:Bad packet id 252
registry-direction-252-true	ERROR:java.io.IOException:Bad packet id 252
registry-direction-253-false	ERROR:java.io.IOException:Bad packet id 253
registry-direction-253-true	ERROR:java.io.IOException:Bad packet id 253
registry-direction-254-false	ERROR:java.io.IOException:Bad packet id 254
registry-direction-254-true	ERROR:java.io.IOException:Bad packet id 254
registry-direction-255-false	OK:null
registry-direction-255-true	OK:null
watchable-0-0	OK:type=0:id=0:identity=true:null=false:watching=true
watchable-0-1	OK:type=0:id=0:identity=true:null=false:watching=false
watchable-0-2	OK:type=0:id=0:identity=true:null=false:watching=false
watchable-0-3	OK:type=0:id=0:identity=true:null=true:watching=false
watchable-0-4	OK:type=0:id=0:identity=true:null=true:watching=true
watchable-0-5	OK:type=0:id=0:identity=true:null=false:watching=true
watchable-1-0	OK:type=1:id=31:identity=true:null=false:watching=true
watchable-1-1	OK:type=1:id=31:identity=true:null=false:watching=false
watchable-1-2	OK:type=1:id=31:identity=true:null=false:watching=false
watchable-1-3	OK:type=1:id=31:identity=true:null=true:watching=false
watchable-1-4	OK:type=1:id=31:identity=true:null=true:watching=true
watchable-1-5	OK:type=1:id=31:identity=true:null=false:watching=true
watchable-2-0	OK:type=2:id=-1:identity=true:null=false:watching=true
watchable-2-1	OK:type=2:id=-1:identity=true:null=false:watching=false
watchable-2-2	OK:type=2:id=-1:identity=true:null=false:watching=false
watchable-2-3	OK:type=2:id=-1:identity=true:null=true:watching=false
watchable-2-4	OK:type=2:id=-1:identity=true:null=true:watching=true
watchable-2-5	OK:type=2:id=-1:identity=true:null=false:watching=true
watchable-3-0	OK:type=3:id=32:identity=true:null=false:watching=true
watchable-3-1	OK:type=3:id=32:identity=true:null=false:watching=false
watchable-3-2	OK:type=3:id=32:identity=true:null=false:watching=false
watchable-3-3	OK:type=3:id=32:identity=true:null=true:watching=false
watchable-3-4	OK:type=3:id=32:identity=true:null=true:watching=true
watchable-3-5	OK:type=3:id=32:identity=true:null=false:watching=true
watchable-4-0	OK:type=4:id=127:identity=true:null=false:watching=true
watchable-4-1	OK:type=4:id=127:identity=true:null=false:watching=false
watchable-4-2	OK:type=4:id=127:identity=true:null=false:watching=false
watchable-4-3	OK:type=4:id=127:identity=true:null=true:watching=false
watchable-4-4	OK:type=4:id=127:identity=true:null=true:watching=true
watchable-4-5	OK:type=4:id=127:identity=true:null=false:watching=true
watchable-5-0	OK:type=5:id=255:identity=true:null=false:watching=true
watchable-5-1	OK:type=5:id=255:identity=true:null=false:watching=false
watchable-5-2	OK:type=5:id=255:identity=true:null=false:watching=false
watchable-5-3	OK:type=5:id=255:identity=true:null=true:watching=false
watchable-5-4	OK:type=5:id=255:identity=true:null=true:watching=true
watchable-5-5	OK:type=5:id=255:identity=true:null=false:watching=true
watchable-6-0	OK:type=6:id=2147483647:identity=true:null=false:watching=true
watchable-6-1	OK:type=6:id=2147483647:identity=true:null=false:watching=false
watchable-6-2	OK:type=6:id=2147483647:identity=true:null=false:watching=false
watchable-6-3	OK:type=6:id=2147483647:identity=true:null=true:watching=false
watchable-6-4	OK:type=6:id=2147483647:identity=true:null=true:watching=true
watchable-6-5	OK:type=6:id=2147483647:identity=true:null=false:watching=true
watchable-7-0	OK:type=-1:id=-2147483648:identity=true:null=false:watching=true
watchable-7-1	OK:type=-1:id=-2147483648:identity=true:null=false:watching=false
watchable-7-2	OK:type=-1:id=-2147483648:identity=true:null=false:watching=false
watchable-7-3	OK:type=-1:id=-2147483648:identity=true:null=true:watching=false
watchable-7-4	OK:type=-1:id=-2147483648:identity=true:null=true:watching=true
watchable-7-5	OK:type=-1:id=-2147483648:identity=true:null=false:watching=true
watchable-8-0	OK:type=2147483647:id=-32:identity=true:null=false:watching=true
watchable-8-1	OK:type=2147483647:id=-32:identity=true:null=false:watching=false
watchable-8-2	OK:type=2147483647:id=-32:identity=true:null=false:watching=false
watchable-8-3	OK:type=2147483647:id=-32:identity=true:null=true:watching=false
watchable-8-4	OK:type=2147483647:id=-32:identity=true:null=true:watching=true
watchable-8-5	OK:type=2147483647:id=-32:identity=true:null=false:watching=true
