[Opened /usr/lib/jvm/java-8-openjdk/jre/lib/rt.jar]
[Loaded java.lang.Object from /usr/lib/jvm/java-8-openjdk/jre/lib/rt.jar]
[Loaded java.io.Serializable from /usr/lib/jvm/java-8-openjdk/jre/lib/rt.jar]
[Loaded java.lang.Comparable from /usr/lib/jvm/java-8-openjdk/jre/lib/rt.jar]
[Loaded java.lang.CharSequence from /usr/lib/jvm/java-8-openjdk/jre/lib/rt.jar]
[Loaded java.lang.String from /usr/lib/jvm/java-8-openjdk/jre/lib/rt.jar]
[Loaded java.lang.reflect.AnnotatedElement from /usr/lib/jvm/java-8-openjdk/jre/lib/rt.jar]
[Loaded java.lang.reflect.GenericDeclaration from /usr/lib/jvm/java-8-openjdk/jre/lib/rt.jar]
[Loaded java.lang.reflect.Type from /usr/lib/jvm/java-8-openjdk/jre/lib/rt.jar]
[Loaded java.lang.Class from /usr/lib/jvm/java-8-openjdk/jre/lib/rt.jar]
[Loaded java.lang.Cloneable from /usr/lib/jvm/java-8-openjdk/jre/lib/rt.jar]
[Loaded java.lang.ClassLoader from /usr/lib/jvm/java-8-openjdk/jre/lib/rt.jar]
[Loaded java.lang.System from /usr/lib/jvm/java-8-openjdk/jre/lib/rt.jar]
[Loaded java.lang.Throwable from /usr/lib/jvm/java-8-openjdk/jre/lib/rt.jar]
[Loaded java.lang.Error from /usr/lib/jvm/java-8-openjdk/jre/lib/rt.jar]
[Loaded java.lang.ThreadDeath from /usr/lib/jvm/java-8-openjdk/jre/lib/rt.jar]
[Loaded java.lang.Exception from /usr/lib/jvm/java-8-openjdk/jre/lib/rt.jar]
[Loaded java.lang.RuntimeException from /usr/lib/jvm/java-8-openjdk/jre/lib/rt.jar]
[Loaded java.lang.SecurityManager from /usr/lib/jvm/java-8-openjdk/jre/lib/rt.jar]
[Loaded java.security.ProtectionDomain from /usr/lib/jvm/java-8-openjdk/jre/lib/rt.jar]
[Loaded java.security.AccessControlContext from /usr/lib/jvm/java-8-openjdk/jre/lib/rt.jar]
[Loaded java.security.SecureClassLoader from /usr/lib/jvm/java-8-openjdk/jre/lib/rt.jar]
[Loaded java.lang.ReflectiveOperationException from /usr/lib/jvm/java-8-openjdk/jre/lib/rt.jar]
[Loaded java.lang.ClassNotFoundException from /usr/lib/jvm/java-8-openjdk/jre/lib/rt.jar]
[Loaded java.lang.LinkageError from /usr/lib/jvm/java-8-openjdk/jre/lib/rt.jar]
[Loaded java.lang.NoClassDefFoundError from /usr/lib/jvm/java-8-openjdk/jre/lib/rt.jar]
[Loaded java.lang.ClassCastException from /usr/lib/jvm/java-8-openjdk/jre/lib/rt.jar]
[Loaded java.lang.ArrayStoreException from /usr/lib/jvm/java-8-openjdk/jre/lib/rt.jar]
[Loaded java.lang.VirtualMachineError from /usr/lib/jvm/java-8-openjdk/jre/lib/rt.jar]
[Loaded java.lang.OutOfMemoryError from /usr/lib/jvm/java-8-openjdk/jre/lib/rt.jar]
[Loaded java.lang.StackOverflowError from /usr/lib/jvm/java-8-openjdk/jre/lib/rt.jar]
[Loaded java.lang.IllegalMonitorStateException from /usr/lib/jvm/java-8-openjdk/jre/lib/rt.jar]
[Loaded java.lang.ref.Reference from /usr/lib/jvm/java-8-openjdk/jre/lib/rt.jar]
[Loaded java.lang.ref.SoftReference from /usr/lib/jvm/java-8-openjdk/jre/lib/rt.jar]
[Loaded java.lang.ref.WeakReference from /usr/lib/jvm/java-8-openjdk/jre/lib/rt.jar]
[Loaded java.lang.ref.FinalReference from /usr/lib/jvm/java-8-openjdk/jre/lib/rt.jar]
[Loaded java.lang.ref.PhantomReference from /usr/lib/jvm/java-8-openjdk/jre/lib/rt.jar]
[Loaded java.lang.ref.Finalizer from /usr/lib/jvm/java-8-openjdk/jre/lib/rt.jar]
[Loaded java.lang.ref.ReferenceQueue from /usr/lib/jvm/java-8-openjdk/jre/lib/rt.jar]
[Loaded java.lang.Runnable from /usr/lib/jvm/java-8-openjdk/jre/lib/rt.jar]
[Loaded java.lang.Thread from /usr/lib/jvm/java-8-openjdk/jre/lib/rt.jar]
[Loaded java.lang.Thread$UncaughtExceptionHandler from /usr/lib/jvm/java-8-openjdk/jre/lib/rt.jar]
[Loaded java.lang.ThreadGroup from /usr/lib/jvm/java-8-openjdk/jre/lib/rt.jar]
[Loaded java.util.Map from /usr/lib/jvm/java-8-openjdk/jre/lib/rt.jar]
[Loaded java.util.Dictionary from /usr/lib/jvm/java-8-openjdk/jre/lib/rt.jar]
[Loaded java.util.Hashtable from /usr/lib/jvm/java-8-openjdk/jre/lib/rt.jar]
[Loaded java.util.Properties from /usr/lib/jvm/java-8-openjdk/jre/lib/rt.jar]
[Loaded java.lang.reflect.AccessibleObject from /usr/lib/jvm/java-8-openjdk/jre/lib/rt.jar]
[Loaded java.lang.reflect.Member from /usr/lib/jvm/java-8-openjdk/jre/lib/rt.jar]
[Loaded java.lang.reflect.Field from /usr/lib/jvm/java-8-openjdk/jre/lib/rt.jar]
[Loaded java.lang.reflect.Parameter from /usr/lib/jvm/java-8-openjdk/jre/lib/rt.jar]
[Loaded java.lang.reflect.Executable from /usr/lib/jvm/java-8-openjdk/jre/lib/rt.jar]
[Loaded java.lang.reflect.Method from /usr/lib/jvm/java-8-openjdk/jre/lib/rt.jar]
[Loaded java.lang.reflect.Constructor from /usr/lib/jvm/java-8-openjdk/jre/lib/rt.jar]
[Loaded sun.reflect.MagicAccessorImpl from /usr/lib/jvm/java-8-openjdk/jre/lib/rt.jar]
[Loaded sun.reflect.MethodAccessor from /usr/lib/jvm/java-8-openjdk/jre/lib/rt.jar]
[Loaded sun.reflect.MethodAccessorImpl from /usr/lib/jvm/java-8-openjdk/jre/lib/rt.jar]
[Loaded sun.reflect.ConstructorAccessor from /usr/lib/jvm/java-8-openjdk/jre/lib/rt.jar]
[Loaded sun.reflect.ConstructorAccessorImpl from /usr/lib/jvm/java-8-openjdk/jre/lib/rt.jar]
[Loaded sun.reflect.DelegatingClassLoader from /usr/lib/jvm/java-8-openjdk/jre/lib/rt.jar]
[Loaded sun.reflect.ConstantPool from /usr/lib/jvm/java-8-openjdk/jre/lib/rt.jar]
[Loaded sun.reflect.FieldAccessor from /usr/lib/jvm/java-8-openjdk/jre/lib/rt.jar]
[Loaded sun.reflect.FieldAccessorImpl from /usr/lib/jvm/java-8-openjdk/jre/lib/rt.jar]
[Loaded sun.reflect.UnsafeFieldAccessorImpl from /usr/lib/jvm/java-8-openjdk/jre/lib/rt.jar]
[Loaded sun.reflect.UnsafeStaticFieldAccessorImpl from /usr/lib/jvm/java-8-openjdk/jre/lib/rt.jar]
[Loaded java.lang.annotation.Annotation from /usr/lib/jvm/java-8-openjdk/jre/lib/rt.jar]
[Loaded sun.reflect.CallerSensitive from /usr/lib/jvm/java-8-openjdk/jre/lib/rt.jar]
[Loaded java.lang.invoke.MethodHandle from /usr/lib/jvm/java-8-openjdk/jre/lib/rt.jar]
[Loaded java.lang.invoke.DirectMethodHandle from /usr/lib/jvm/java-8-openjdk/jre/lib/rt.jar]
[Loaded java.lang.invoke.MemberName from /usr/lib/jvm/java-8-openjdk/jre/lib/rt.jar]
[Loaded java.lang.invoke.MethodHandleNatives from /usr/lib/jvm/java-8-openjdk/jre/lib/rt.jar]
[Loaded java.lang.invoke.LambdaForm from /usr/lib/jvm/java-8-openjdk/jre/lib/rt.jar]
[Loaded java.lang.invoke.MethodType from /usr/lib/jvm/java-8-openjdk/jre/lib/rt.jar]
[Loaded java.lang.BootstrapMethodError from /usr/lib/jvm/java-8-openjdk/jre/lib/rt.jar]
[Loaded java.lang.invoke.CallSite from /usr/lib/jvm/java-8-openjdk/jre/lib/rt.jar]
[Loaded java.lang.invoke.ConstantCallSite from /usr/lib/jvm/java-8-openjdk/jre/lib/rt.jar]
[Loaded java.lang.invoke.MutableCallSite from /usr/lib/jvm/java-8-openjdk/jre/lib/rt.jar]
[Loaded java.lang.invoke.VolatileCallSite from /usr/lib/jvm/java-8-openjdk/jre/lib/rt.jar]
[Loaded java.lang.Appendable from /usr/lib/jvm/java-8-openjdk/jre/lib/rt.jar]
[Loaded java.lang.AbstractStringBuilder from /usr/lib/jvm/java-8-openjdk/jre/lib/rt.jar]
[Loaded java.lang.StringBuffer from /usr/lib/jvm/java-8-openjdk/jre/lib/rt.jar]
[Loaded java.lang.StringBuilder from /usr/lib/jvm/java-8-openjdk/jre/lib/rt.jar]
[Loaded sun.misc.Unsafe from /usr/lib/jvm/java-8-openjdk/jre/lib/rt.jar]
[Loaded java.lang.AutoCloseable from /usr/lib/jvm/java-8-openjdk/jre/lib/rt.jar]
[Loaded java.io.Closeable from /usr/lib/jvm/java-8-openjdk/jre/lib/rt.jar]
[Loaded java.io.InputStream from /usr/lib/jvm/java-8-openjdk/jre/lib/rt.jar]
[Loaded java.io.ByteArrayInputStream from /usr/lib/jvm/java-8-openjdk/jre/lib/rt.jar]
[Loaded java.io.File from /usr/lib/jvm/java-8-openjdk/jre/lib/rt.jar]
[Loaded java.net.URLClassLoader from /usr/lib/jvm/java-8-openjdk/jre/lib/rt.jar]
[Loaded java.net.URL from /usr/lib/jvm/java-8-openjdk/jre/lib/rt.jar]
[Loaded java.util.jar.Manifest from /usr/lib/jvm/java-8-openjdk/jre/lib/rt.jar]
[Loaded sun.misc.Launcher from /usr/lib/jvm/java-8-openjdk/jre/lib/rt.jar]
[Loaded sun.misc.Launcher$AppClassLoader from /usr/lib/jvm/java-8-openjdk/jre/lib/rt.jar]
[Loaded sun.misc.Launcher$ExtClassLoader from /usr/lib/jvm/java-8-openjdk/jre/lib/rt.jar]
[Loaded java.security.CodeSource from /usr/lib/jvm/java-8-openjdk/jre/lib/rt.jar]
[Loaded java.lang.StackTraceElement from /usr/lib/jvm/java-8-openjdk/jre/lib/rt.jar]
[Loaded java.nio.Buffer from /usr/lib/jvm/java-8-openjdk/jre/lib/rt.jar]
[Loaded java.lang.Boolean from /usr/lib/jvm/java-8-openjdk/jre/lib/rt.jar]
[Loaded java.lang.Character from /usr/lib/jvm/java-8-openjdk/jre/lib/rt.jar]
[Loaded java.lang.Number from /usr/lib/jvm/java-8-openjdk/jre/lib/rt.jar]
[Loaded java.lang.Float from /usr/lib/jvm/java-8-openjdk/jre/lib/rt.jar]
[Loaded java.lang.Double from /usr/lib/jvm/java-8-openjdk/jre/lib/rt.jar]
[Loaded java.lang.Byte from /usr/lib/jvm/java-8-openjdk/jre/lib/rt.jar]
[Loaded java.lang.Short from /usr/lib/jvm/java-8-openjdk/jre/lib/rt.jar]
[Loaded java.lang.Integer from /usr/lib/jvm/java-8-openjdk/jre/lib/rt.jar]
[Loaded java.lang.Long from /usr/lib/jvm/java-8-openjdk/jre/lib/rt.jar]
[Loaded java.lang.NullPointerException from /usr/lib/jvm/java-8-openjdk/jre/lib/rt.jar]
[Loaded java.lang.ArithmeticException from /usr/lib/jvm/java-8-openjdk/jre/lib/rt.jar]
[Loaded java.io.ObjectStreamField from /usr/lib/jvm/java-8-openjdk/jre/lib/rt.jar]
[Loaded java.util.Comparator from /usr/lib/jvm/java-8-openjdk/jre/lib/rt.jar]
[Loaded java.lang.String$CaseInsensitiveComparator from /usr/lib/jvm/java-8-openjdk/jre/lib/rt.jar]
[Loaded java.security.Guard from /usr/lib/jvm/java-8-openjdk/jre/lib/rt.jar]
[Loaded java.security.Permission from /usr/lib/jvm/java-8-openjdk/jre/lib/rt.jar]
[Loaded java.security.BasicPermission from /usr/lib/jvm/java-8-openjdk/jre/lib/rt.jar]
[Loaded java.lang.RuntimePermission from /usr/lib/jvm/java-8-openjdk/jre/lib/rt.jar]
[Loaded java.security.AccessController from /usr/lib/jvm/java-8-openjdk/jre/lib/rt.jar]
[Loaded java.lang.reflect.ReflectPermission from /usr/lib/jvm/java-8-openjdk/jre/lib/rt.jar]
[Loaded java.security.PrivilegedAction from /usr/lib/jvm/java-8-openjdk/jre/lib/rt.jar]
[Loaded sun.reflect.ReflectionFactory$GetReflectionFactoryAction from /usr/lib/jvm/java-8-openjdk/jre/lib/rt.jar]
[Loaded java.security.cert.Certificate from /usr/lib/jvm/java-8-openjdk/jre/lib/rt.jar]
[Loaded java.lang.Iterable from /usr/lib/jvm/java-8-openjdk/jre/lib/rt.jar]
[Loaded java.util.Collection from /usr/lib/jvm/java-8-openjdk/jre/lib/rt.jar]
[Loaded java.util.List from /usr/lib/jvm/java-8-openjdk/jre/lib/rt.jar]
[Loaded java.util.RandomAccess from /usr/lib/jvm/java-8-openjdk/jre/lib/rt.jar]
[Loaded java.util.AbstractCollection from /usr/lib/jvm/java-8-openjdk/jre/lib/rt.jar]
[Loaded java.util.AbstractList from /usr/lib/jvm/java-8-openjdk/jre/lib/rt.jar]
[Loaded java.util.Vector from /usr/lib/jvm/java-8-openjdk/jre/lib/rt.jar]
[Loaded java.util.Stack from /usr/lib/jvm/java-8-openjdk/jre/lib/rt.jar]
[Loaded sun.reflect.ReflectionFactory from /usr/lib/jvm/java-8-openjdk/jre/lib/rt.jar]
[Loaded java.lang.ref.Reference$Lock from /usr/lib/jvm/java-8-openjdk/jre/lib/rt.jar]
[Loaded java.lang.ref.Reference$ReferenceHandler from /usr/lib/jvm/java-8-openjdk/jre/lib/rt.jar]
[Loaded java.lang.InterruptedException from /usr/lib/jvm/java-8-openjdk/jre/lib/rt.jar]
[Loaded java.util.ArrayList from /usr/lib/jvm/java-8-openjdk/jre/lib/rt.jar]
[Loaded java.util.Collections from /usr/lib/jvm/java-8-openjdk/jre/lib/rt.jar]
[Loaded java.util.Set from /usr/lib/jvm/java-8-openjdk/jre/lib/rt.jar]
[Loaded java.util.AbstractSet from /usr/lib/jvm/java-8-openjdk/jre/lib/rt.jar]
[Loaded java.util.Collections$EmptySet from /usr/lib/jvm/java-8-openjdk/jre/lib/rt.jar]
[Loaded java.util.Collections$EmptyList from /usr/lib/jvm/java-8-openjdk/jre/lib/rt.jar]
[Loaded java.util.AbstractMap from /usr/lib/jvm/java-8-openjdk/jre/lib/rt.jar]
[Loaded java.util.Collections$EmptyMap from /usr/lib/jvm/java-8-openjdk/jre/lib/rt.jar]
[Loaded java.util.Collections$UnmodifiableCollection from /usr/lib/jvm/java-8-openjdk/jre/lib/rt.jar]
[Loaded java.util.Collections$UnmodifiableList from /usr/lib/jvm/java-8-openjdk/jre/lib/rt.jar]
[Loaded java.util.Collections$UnmodifiableRandomAccessList from /usr/lib/jvm/java-8-openjdk/jre/lib/rt.jar]
[Loaded sun.misc.Cleaner from /usr/lib/jvm/java-8-openjdk/jre/lib/rt.jar]
[Loaded java.lang.ref.ReferenceQueue$Null from /usr/lib/jvm/java-8-openjdk/jre/lib/rt.jar]
[Loaded java.lang.ref.ReferenceQueue$Lock from /usr/lib/jvm/java-8-openjdk/jre/lib/rt.jar]
[Loaded sun.misc.JavaLangRefAccess from /usr/lib/jvm/java-8-openjdk/jre/lib/rt.jar]
[Loaded java.lang.ref.Reference$1 from /usr/lib/jvm/java-8-openjdk/jre/lib/rt.jar]
[Loaded sun.misc.SharedSecrets from /usr/lib/jvm/java-8-openjdk/jre/lib/rt.jar]
[Loaded java.lang.IncompatibleClassChangeError from /usr/lib/jvm/java-8-openjdk/jre/lib/rt.jar]
[Loaded java.lang.NoSuchMethodError from /usr/lib/jvm/java-8-openjdk/jre/lib/rt.jar]
[Loaded sun.reflect.Reflection from /usr/lib/jvm/java-8-openjdk/jre/lib/rt.jar]
[Loaded java.util.HashMap from /usr/lib/jvm/java-8-openjdk/jre/lib/rt.jar]
[Loaded java.util.Map$Entry from /usr/lib/jvm/java-8-openjdk/jre/lib/rt.jar]
[Loaded java.util.HashMap$Node from /usr/lib/jvm/java-8-openjdk/jre/lib/rt.jar]
[Loaded sun.misc.VM from /usr/lib/jvm/java-8-openjdk/jre/lib/rt.jar]
[Loaded java.util.Hashtable$Entry from /usr/lib/jvm/java-8-openjdk/jre/lib/rt.jar]
[Loaded java.lang.Math from /usr/lib/jvm/java-8-openjdk/jre/lib/rt.jar]
[Loaded java.lang.ref.Finalizer$FinalizerThread from /usr/lib/jvm/java-8-openjdk/jre/lib/rt.jar]
[Loaded java.nio.charset.Charset from /usr/lib/jvm/java-8-openjdk/jre/lib/rt.jar]
[Loaded java.nio.charset.spi.CharsetProvider from /usr/lib/jvm/java-8-openjdk/jre/lib/rt.jar]
[Loaded sun.nio.cs.FastCharsetProvider from /usr/lib/jvm/java-8-openjdk/jre/lib/rt.jar]
[Loaded sun.nio.cs.StandardCharsets from /usr/lib/jvm/java-8-openjdk/jre/lib/rt.jar]
[Loaded sun.util.PreHashedMap from /usr/lib/jvm/java-8-openjdk/jre/lib/rt.jar]
[Loaded sun.nio.cs.StandardCharsets$Aliases from /usr/lib/jvm/java-8-openjdk/jre/lib/rt.jar]
[Loaded sun.nio.cs.StandardCharsets$Classes from /usr/lib/jvm/java-8-openjdk/jre/lib/rt.jar]
[Loaded sun.nio.cs.StandardCharsets$Cache from /usr/lib/jvm/java-8-openjdk/jre/lib/rt.jar]
[Loaded java.lang.ThreadLocal from /usr/lib/jvm/java-8-openjdk/jre/lib/rt.jar]
[Loaded java.util.concurrent.atomic.AtomicInteger from /usr/lib/jvm/java-8-openjdk/jre/lib/rt.jar]
[Loaded java.lang.Class$3 from /usr/lib/jvm/java-8-openjdk/jre/lib/rt.jar]
[Loaded java.lang.Class$ReflectionData from /usr/lib/jvm/java-8-openjdk/jre/lib/rt.jar]
[Loaded java.lang.Class$Atomic from /usr/lib/jvm/java-8-openjdk/jre/lib/rt.jar]
[Loaded sun.reflect.generics.repository.AbstractRepository from /usr/lib/jvm/java-8-openjdk/jre/lib/rt.jar]
[Loaded sun.reflect.generics.repository.GenericDeclRepository from /usr/lib/jvm/java-8-openjdk/jre/lib/rt.jar]
[Loaded sun.reflect.generics.repository.ClassRepository from /usr/lib/jvm/java-8-openjdk/jre/lib/rt.jar]
[Loaded java.lang.Class$AnnotationData from /usr/lib/jvm/java-8-openjdk/jre/lib/rt.jar]
[Loaded sun.reflect.annotation.AnnotationType from /usr/lib/jvm/java-8-openjdk/jre/lib/rt.jar]
[Loaded java.util.WeakHashMap from /usr/lib/jvm/java-8-openjdk/jre/lib/rt.jar]
[Loaded java.lang.ClassValue$ClassValueMap from /usr/lib/jvm/java-8-openjdk/jre/lib/rt.jar]
[Loaded java.lang.reflect.Modifier from /usr/lib/jvm/java-8-openjdk/jre/lib/rt.jar]
[Loaded sun.reflect.LangReflectAccess from /usr/lib/jvm/java-8-openjdk/jre/lib/rt.jar]
[Loaded java.lang.reflect.ReflectAccess from /usr/lib/jvm/java-8-openjdk/jre/lib/rt.jar]
[Loaded java.util.Arrays from /usr/lib/jvm/java-8-openjdk/jre/lib/rt.jar]
[Loaded sun.nio.cs.HistoricallyNamedCharset from /usr/lib/jvm/java-8-openjdk/jre/lib/rt.jar]
[Loaded sun.nio.cs.Unicode from /usr/lib/jvm/java-8-openjdk/jre/lib/rt.jar]
[Loaded sun.nio.cs.UTF_8 from /usr/lib/jvm/java-8-openjdk/jre/lib/rt.jar]
[Loaded java.lang.Class$1 from /usr/lib/jvm/java-8-openjdk/jre/lib/rt.jar]
[Loaded sun.reflect.ReflectionFactory$1 from /usr/lib/jvm/java-8-openjdk/jre/lib/rt.jar]
[Loaded sun.reflect.NativeConstructorAccessorImpl from /usr/lib/jvm/java-8-openjdk/jre/lib/rt.jar]
[Loaded sun.reflect.DelegatingConstructorAccessorImpl from /usr/lib/jvm/java-8-openjdk/jre/lib/rt.jar]
[Loaded java.lang.StringCoding from /usr/lib/jvm/java-8-openjdk/jre/lib/rt.jar]
[Loaded java.lang.ThreadLocal$ThreadLocalMap from /usr/lib/jvm/java-8-openjdk/jre/lib/rt.jar]
[Loaded java.lang.ThreadLocal$ThreadLocalMap$Entry from /usr/lib/jvm/java-8-openjdk/jre/lib/rt.jar]
[Loaded jdk.internal.misc.TerminatingThreadLocal from /usr/lib/jvm/java-8-openjdk/jre/lib/rt.jar]
[Loaded java.lang.StringCoding$StringDecoder from /usr/lib/jvm/java-8-openjdk/jre/lib/rt.jar]
[Loaded sun.nio.cs.ArrayDecoder from /usr/lib/jvm/java-8-openjdk/jre/lib/rt.jar]
[Loaded java.nio.charset.CharsetDecoder from /usr/lib/jvm/java-8-openjdk/jre/lib/rt.jar]
[Loaded sun.nio.cs.UTF_8$Decoder from /usr/lib/jvm/java-8-openjdk/jre/lib/rt.jar]
[Loaded java.nio.charset.CodingErrorAction from /usr/lib/jvm/java-8-openjdk/jre/lib/rt.jar]
[Loaded java.util.Hashtable$EntrySet from /usr/lib/jvm/java-8-openjdk/jre/lib/rt.jar]
[Loaded java.util.Collections$SynchronizedCollection from /usr/lib/jvm/java-8-openjdk/jre/lib/rt.jar]
[Loaded java.util.Collections$SynchronizedSet from /usr/lib/jvm/java-8-openjdk/jre/lib/rt.jar]
[Loaded java.util.Objects from /usr/lib/jvm/java-8-openjdk/jre/lib/rt.jar]
[Loaded java.util.Enumeration from /usr/lib/jvm/java-8-openjdk/jre/lib/rt.jar]
[Loaded java.util.Iterator from /usr/lib/jvm/java-8-openjdk/jre/lib/rt.jar]
[Loaded java.util.Hashtable$Enumerator from /usr/lib/jvm/java-8-openjdk/jre/lib/rt.jar]
[Loaded java.lang.Runtime from /usr/lib/jvm/java-8-openjdk/jre/lib/rt.jar]
[Loaded jdk.internal.util.StaticProperty from /usr/lib/jvm/java-8-openjdk/jre/lib/rt.jar]
[Loaded sun.misc.Version from /usr/lib/jvm/java-8-openjdk/jre/lib/rt.jar]
[Loaded java.io.FileInputStream from /usr/lib/jvm/java-8-openjdk/jre/lib/rt.jar]
[Loaded java.io.FileDescriptor from /usr/lib/jvm/java-8-openjdk/jre/lib/rt.jar]
[Loaded sun.misc.JavaIOFileDescriptorAccess from /usr/lib/jvm/java-8-openjdk/jre/lib/rt.jar]
[Loaded java.io.FileDescriptor$1 from /usr/lib/jvm/java-8-openjdk/jre/lib/rt.jar]
[Loaded java.io.Flushable from /usr/lib/jvm/java-8-openjdk/jre/lib/rt.jar]
[Loaded java.io.OutputStream from /usr/lib/jvm/java-8-openjdk/jre/lib/rt.jar]
[Loaded java.io.FileOutputStream from /usr/lib/jvm/java-8-openjdk/jre/lib/rt.jar]
[Loaded java.io.FilterInputStream from /usr/lib/jvm/java-8-openjdk/jre/lib/rt.jar]
[Loaded java.io.BufferedInputStream from /usr/lib/jvm/java-8-openjdk/jre/lib/rt.jar]
[Loaded java.util.concurrent.atomic.AtomicReferenceFieldUpdater from /usr/lib/jvm/java-8-openjdk/jre/lib/rt.jar]
[Loaded java.util.concurrent.atomic.AtomicReferenceFieldUpdater$AtomicReferenceFieldUpdaterImpl from /usr/lib/jvm/java-8-openjdk/jre/lib/rt.jar]
[Loaded java.security.PrivilegedExceptionAction from /usr/lib/jvm/java-8-openjdk/jre/lib/rt.jar]
[Loaded java.util.concurrent.atomic.AtomicReferenceFieldUpdater$AtomicReferenceFieldUpdaterImpl$1 from /usr/lib/jvm/java-8-openjdk/jre/lib/rt.jar]
[Loaded sun.reflect.misc.ReflectUtil from /usr/lib/jvm/java-8-openjdk/jre/lib/rt.jar]
[Loaded java.io.FilterOutputStream from /usr/lib/jvm/java-8-openjdk/jre/lib/rt.jar]
[Loaded java.io.PrintStream from /usr/lib/jvm/java-8-openjdk/jre/lib/rt.jar]
[Loaded java.io.BufferedOutputStream from /usr/lib/jvm/java-8-openjdk/jre/lib/rt.jar]
[Loaded java.io.Writer from /usr/lib/jvm/java-8-openjdk/jre/lib/rt.jar]
[Loaded java.io.OutputStreamWriter from /usr/lib/jvm/java-8-openjdk/jre/lib/rt.jar]
[Loaded sun.nio.cs.StreamEncoder from /usr/lib/jvm/java-8-openjdk/jre/lib/rt.jar]
[Loaded sun.security.action.GetPropertyAction from /usr/lib/jvm/java-8-openjdk/jre/lib/rt.jar]
[Loaded sun.nio.cs.ArrayEncoder from /usr/lib/jvm/java-8-openjdk/jre/lib/rt.jar]
[Loaded java.nio.charset.CharsetEncoder from /usr/lib/jvm/java-8-openjdk/jre/lib/rt.jar]
[Loaded sun.nio.cs.UTF_8$Encoder from /usr/lib/jvm/java-8-openjdk/jre/lib/rt.jar]
[Loaded java.nio.ByteBuffer from /usr/lib/jvm/java-8-openjdk/jre/lib/rt.jar]
[Loaded java.nio.HeapByteBuffer from /usr/lib/jvm/java-8-openjdk/jre/lib/rt.jar]
[Loaded java.nio.Bits from /usr/lib/jvm/java-8-openjdk/jre/lib/rt.jar]
[Loaded java.nio.ByteOrder from /usr/lib/jvm/java-8-openjdk/jre/lib/rt.jar]
[Loaded java.util.concurrent.atomic.AtomicLong from /usr/lib/jvm/java-8-openjdk/jre/lib/rt.jar]
[Loaded sun.misc.JavaNioAccess from /usr/lib/jvm/java-8-openjdk/jre/lib/rt.jar]
[Loaded java.nio.Bits$1 from /usr/lib/jvm/java-8-openjdk/jre/lib/rt.jar]
[Loaded java.io.BufferedWriter from /usr/lib/jvm/java-8-openjdk/jre/lib/rt.jar]
[Loaded java.io.DefaultFileSystem from /usr/lib/jvm/java-8-openjdk/jre/lib/rt.jar]
[Loaded java.io.FileSystem from /usr/lib/jvm/java-8-openjdk/jre/lib/rt.jar]
[Loaded java.io.UnixFileSystem from /usr/lib/jvm/java-8-openjdk/jre/lib/rt.jar]
[Loaded java.io.ExpiringCache from /usr/lib/jvm/java-8-openjdk/jre/lib/rt.jar]
[Loaded java.util.LinkedHashMap from /usr/lib/jvm/java-8-openjdk/jre/lib/rt.jar]
[Loaded java.io.ExpiringCache$1 from /usr/lib/jvm/java-8-openjdk/jre/lib/rt.jar]
[Loaded java.lang.Enum from /usr/lib/jvm/java-8-openjdk/jre/lib/rt.jar]
[Loaded java.io.File$PathStatus from /usr/lib/jvm/java-8-openjdk/jre/lib/rt.jar]
[Loaded java.nio.file.Watchable from /usr/lib/jvm/java-8-openjdk/jre/lib/rt.jar]
[Loaded java.nio.file.Path from /usr/lib/jvm/java-8-openjdk/jre/lib/rt.jar]
[Loaded java.lang.StringCoding$StringEncoder from /usr/lib/jvm/java-8-openjdk/jre/lib/rt.jar]
[Loaded java.lang.ClassLoader$3 from /usr/lib/jvm/java-8-openjdk/jre/lib/rt.jar]
[Loaded java.io.ExpiringCache$Entry from /usr/lib/jvm/java-8-openjdk/jre/lib/rt.jar]
[Loaded java.util.LinkedHashMap$Entry from /usr/lib/jvm/java-8-openjdk/jre/lib/rt.jar]
[Loaded java.lang.ClassLoader$NativeLibrary from /usr/lib/jvm/java-8-openjdk/jre/lib/rt.jar]
[Loaded java.lang.Terminator from /usr/lib/jvm/java-8-openjdk/jre/lib/rt.jar]
[Loaded sun.misc.SignalHandler from /usr/lib/jvm/java-8-openjdk/jre/lib/rt.jar]
[Loaded java.lang.Terminator$1 from /usr/lib/jvm/java-8-openjdk/jre/lib/rt.jar]
[Loaded sun.misc.Signal from /usr/lib/jvm/java-8-openjdk/jre/lib/rt.jar]
[Loaded sun.misc.NativeSignalHandler from /usr/lib/jvm/java-8-openjdk/jre/lib/rt.jar]
[Loaded java.lang.Integer$IntegerCache from /usr/lib/jvm/java-8-openjdk/jre/lib/rt.jar]
[Loaded sun.misc.OSEnvironment from /usr/lib/jvm/java-8-openjdk/jre/lib/rt.jar]
[Loaded sun.misc.JavaLangAccess from /usr/lib/jvm/java-8-openjdk/jre/lib/rt.jar]
[Loaded java.lang.System$2 from /usr/lib/jvm/java-8-openjdk/jre/lib/rt.jar]
[Loaded java.lang.IllegalArgumentException from /usr/lib/jvm/java-8-openjdk/jre/lib/rt.jar]
[Loaded java.lang.Compiler from /usr/lib/jvm/java-8-openjdk/jre/lib/rt.jar]
[Loaded java.lang.Compiler$1 from /usr/lib/jvm/java-8-openjdk/jre/lib/rt.jar]
[Loaded java.net.URLStreamHandlerFactory from /usr/lib/jvm/java-8-openjdk/jre/lib/rt.jar]
[Loaded sun.misc.Launcher$Factory from /usr/lib/jvm/java-8-openjdk/jre/lib/rt.jar]
[Loaded sun.security.util.Debug from /usr/lib/jvm/java-8-openjdk/jre/lib/rt.jar]
[Loaded java.lang.ClassLoader$ParallelLoaders from /usr/lib/jvm/java-8-openjdk/jre/lib/rt.jar]
[Loaded java.util.WeakHashMap$Entry from /usr/lib/jvm/java-8-openjdk/jre/lib/rt.jar]
[Loaded java.util.Collections$SetFromMap from /usr/lib/jvm/java-8-openjdk/jre/lib/rt.jar]
[Loaded java.util.WeakHashMap$KeySet from /usr/lib/jvm/java-8-openjdk/jre/lib/rt.jar]
[Loaded sun.misc.JavaNetAccess from /usr/lib/jvm/java-8-openjdk/jre/lib/rt.jar]
[Loaded java.net.URLClassLoader$7 from /usr/lib/jvm/java-8-openjdk/jre/lib/rt.jar]
[Loaded sun.misc.Launcher$ExtClassLoader$1 from /usr/lib/jvm/java-8-openjdk/jre/lib/rt.jar]
[Loaded java.util.StringTokenizer from /usr/lib/jvm/java-8-openjdk/jre/lib/rt.jar]
[Loaded sun.misc.MetaIndex from /usr/lib/jvm/java-8-openjdk/jre/lib/rt.jar]
[Loaded java.lang.Readable from /usr/lib/jvm/java-8-openjdk/jre/lib/rt.jar]
[Loaded java.io.Reader from /usr/lib/jvm/java-8-openjdk/jre/lib/rt.jar]
[Loaded java.io.BufferedReader from /usr/lib/jvm/java-8-openjdk/jre/lib/rt.jar]
[Loaded java.io.InputStreamReader from /usr/lib/jvm/java-8-openjdk/jre/lib/rt.jar]
[Loaded java.io.FileReader from /usr/lib/jvm/java-8-openjdk/jre/lib/rt.jar]
[Loaded sun.nio.cs.StreamDecoder from /usr/lib/jvm/java-8-openjdk/jre/lib/rt.jar]
[Loaded java.nio.CharBuffer from /usr/lib/jvm/java-8-openjdk/jre/lib/rt.jar]
[Loaded java.nio.HeapCharBuffer from /usr/lib/jvm/java-8-openjdk/jre/lib/rt.jar]
[Loaded java.nio.charset.CoderResult from /usr/lib/jvm/java-8-openjdk/jre/lib/rt.jar]
[Loaded java.nio.charset.CoderResult$Cache from /usr/lib/jvm/java-8-openjdk/jre/lib/rt.jar]
[Loaded java.nio.charset.CoderResult$1 from /usr/lib/jvm/java-8-openjdk/jre/lib/rt.jar]
[Loaded java.nio.charset.CoderResult$2 from /usr/lib/jvm/java-8-openjdk/jre/lib/rt.jar]
[Loaded java.lang.reflect.Array from /usr/lib/jvm/java-8-openjdk/jre/lib/rt.jar]
[Loaded java.util.HashMap$TreeNode from /usr/lib/jvm/java-8-openjdk/jre/lib/rt.jar]
[Loaded java.io.FileInputStream$1 from /usr/lib/jvm/java-8-openjdk/jre/lib/rt.jar]
[Loaded sun.net.www.ParseUtil from /usr/lib/jvm/java-8-openjdk/jre/lib/rt.jar]
[Loaded java.util.BitSet from /usr/lib/jvm/java-8-openjdk/jre/lib/rt.jar]
[Loaded java.util.Locale from /usr/lib/jvm/java-8-openjdk/jre/lib/rt.jar]
[Loaded sun.util.locale.LocaleObjectCache from /usr/lib/jvm/java-8-openjdk/jre/lib/rt.jar]
[Loaded java.util.Locale$Cache from /usr/lib/jvm/java-8-openjdk/jre/lib/rt.jar]
[Loaded java.util.concurrent.ConcurrentMap from /usr/lib/jvm/java-8-openjdk/jre/lib/rt.jar]
[Loaded java.util.concurrent.ConcurrentHashMap from /usr/lib/jvm/java-8-openjdk/jre/lib/rt.jar]
[Loaded java.util.concurrent.locks.Lock from /usr/lib/jvm/java-8-openjdk/jre/lib/rt.jar]
[Loaded java.util.concurrent.locks.ReentrantLock from /usr/lib/jvm/java-8-openjdk/jre/lib/rt.jar]
[Loaded java.util.concurrent.ConcurrentHashMap$Segment from /usr/lib/jvm/java-8-openjdk/jre/lib/rt.jar]
[Loaded java.util.concurrent.ConcurrentHashMap$Node from /usr/lib/jvm/java-8-openjdk/jre/lib/rt.jar]
[Loaded java.util.concurrent.ConcurrentHashMap$CounterCell from /usr/lib/jvm/java-8-openjdk/jre/lib/rt.jar]
[Loaded java.util.concurrent.ConcurrentHashMap$CollectionView from /usr/lib/jvm/java-8-openjdk/jre/lib/rt.jar]
[Loaded java.util.concurrent.ConcurrentHashMap$KeySetView from /usr/lib/jvm/java-8-openjdk/jre/lib/rt.jar]
[Loaded java.util.concurrent.ConcurrentHashMap$ValuesView from /usr/lib/jvm/java-8-openjdk/jre/lib/rt.jar]
[Loaded java.util.concurrent.ConcurrentHashMap$EntrySetView from /usr/lib/jvm/java-8-openjdk/jre/lib/rt.jar]
[Loaded sun.util.locale.BaseLocale from /usr/lib/jvm/java-8-openjdk/jre/lib/rt.jar]
[Loaded sun.util.locale.BaseLocale$Cache from /usr/lib/jvm/java-8-openjdk/jre/lib/rt.jar]
[Loaded sun.util.locale.BaseLocale$Key from /usr/lib/jvm/java-8-openjdk/jre/lib/rt.jar]
[Loaded sun.util.locale.LocaleObjectCache$CacheEntry from /usr/lib/jvm/java-8-openjdk/jre/lib/rt.jar]
[Loaded java.util.Locale$LocaleKey from /usr/lib/jvm/java-8-openjdk/jre/lib/rt.jar]
[Loaded sun.util.locale.LocaleUtils from /usr/lib/jvm/java-8-openjdk/jre/lib/rt.jar]
[Loaded java.lang.CharacterData from /usr/lib/jvm/java-8-openjdk/jre/lib/rt.jar]
[Loaded java.lang.CharacterDataLatin1 from /usr/lib/jvm/java-8-openjdk/jre/lib/rt.jar]
[Loaded java.net.Parts from /usr/lib/jvm/java-8-openjdk/jre/lib/rt.jar]
[Loaded java.net.URLStreamHandler from /usr/lib/jvm/java-8-openjdk/jre/lib/rt.jar]
[Loaded sun.net.www.protocol.file.Handler from /usr/lib/jvm/java-8-openjdk/jre/lib/rt.jar]
[Loaded sun.net.util.IPAddressUtil from /usr/lib/jvm/java-8-openjdk/jre/lib/rt.jar]
[Loaded sun.misc.JavaSecurityAccess from /usr/lib/jvm/java-8-openjdk/jre/lib/rt.jar]
[Loaded java.security.ProtectionDomain$JavaSecurityAccessImpl from /usr/lib/jvm/java-8-openjdk/jre/lib/rt.jar]
[Loaded sun.misc.JavaSecurityProtectionDomainAccess from /usr/lib/jvm/java-8-openjdk/jre/lib/rt.jar]
[Loaded java.security.ProtectionDomain$2 from /usr/lib/jvm/java-8-openjdk/jre/lib/rt.jar]
[Loaded java.security.ProtectionDomain$Key from /usr/lib/jvm/java-8-openjdk/jre/lib/rt.jar]
[Loaded java.security.Principal from /usr/lib/jvm/java-8-openjdk/jre/lib/rt.jar]
[Loaded sun.misc.URLClassPath from /usr/lib/jvm/java-8-openjdk/jre/lib/rt.jar]
[Loaded sun.net.www.protocol.jar.Handler from /usr/lib/jvm/java-8-openjdk/jre/lib/rt.jar]
[Loaded sun.misc.Launcher$AppClassLoader$1 from /usr/lib/jvm/java-8-openjdk/jre/lib/rt.jar]
[Loaded java.lang.SystemClassLoaderAction from /usr/lib/jvm/java-8-openjdk/jre/lib/rt.jar]
[Opened /usr/lib/jvm/java-8-openjdk/jre/lib/jfr.jar]
[Loaded jdk.jfr.internal.EventWriter from /usr/lib/jvm/java-8-openjdk/jre/lib/jfr.jar]
[Loaded java.lang.invoke.MethodHandleImpl from /usr/lib/jvm/java-8-openjdk/jre/lib/rt.jar]
[Loaded java.lang.invoke.MethodHandleImpl$1 from /usr/lib/jvm/java-8-openjdk/jre/lib/rt.jar]
[Loaded java.util.function.Function from /usr/lib/jvm/java-8-openjdk/jre/lib/rt.jar]
[Loaded java.lang.invoke.MethodHandleImpl$2 from /usr/lib/jvm/java-8-openjdk/jre/lib/rt.jar]
[Loaded java.lang.invoke.MethodHandleImpl$3 from /usr/lib/jvm/java-8-openjdk/jre/lib/rt.jar]
[Loaded java.lang.ClassValue from /usr/lib/jvm/java-8-openjdk/jre/lib/rt.jar]
[Loaded java.lang.invoke.MethodHandleImpl$4 from /usr/lib/jvm/java-8-openjdk/jre/lib/rt.jar]
[Loaded java.lang.ClassValue$Entry from /usr/lib/jvm/java-8-openjdk/jre/lib/rt.jar]
[Loaded java.lang.ClassValue$Identity from /usr/lib/jvm/java-8-openjdk/jre/lib/rt.jar]
[Loaded java.lang.ClassValue$Version from /usr/lib/jvm/java-8-openjdk/jre/lib/rt.jar]
[Loaded java.lang.invoke.MemberName$Factory from /usr/lib/jvm/java-8-openjdk/jre/lib/rt.jar]
[Loaded java.lang.invoke.MethodHandleStatics from /usr/lib/jvm/java-8-openjdk/jre/lib/rt.jar]
[Loaded java.lang.invoke.MethodHandleStatics$1 from /usr/lib/jvm/java-8-openjdk/jre/lib/rt.jar]
[Loaded sun.launcher.LauncherHelper from /usr/lib/jvm/java-8-openjdk/jre/lib/rt.jar]
[Loaded java.util.zip.ZipConstants from /usr/lib/jvm/java-8-openjdk/jre/lib/rt.jar]
[Loaded java.util.zip.ZipFile from /usr/lib/jvm/java-8-openjdk/jre/lib/rt.jar]
[Loaded java.util.jar.JarFile from /usr/lib/jvm/java-8-openjdk/jre/lib/rt.jar]
[Loaded sun.misc.JavaUtilZipFileAccess from /usr/lib/jvm/java-8-openjdk/jre/lib/rt.jar]
[Loaded java.util.zip.ZipFile$1 from /usr/lib/jvm/java-8-openjdk/jre/lib/rt.jar]
[Loaded sun.misc.JavaUtilJarAccess from /usr/lib/jvm/java-8-openjdk/jre/lib/rt.jar]
[Loaded java.util.jar.JavaUtilJarAccessImpl from /usr/lib/jvm/java-8-openjdk/jre/lib/rt.jar]
[Loaded java.nio.charset.StandardCharsets from /usr/lib/jvm/java-8-openjdk/jre/lib/rt.jar]
[Loaded sun.nio.cs.US_ASCII from /usr/lib/jvm/java-8-openjdk/jre/lib/rt.jar]
[Loaded sun.nio.cs.ISO_8859_1 from /usr/lib/jvm/java-8-openjdk/jre/lib/rt.jar]
[Loaded sun.nio.cs.UTF_16BE from /usr/lib/jvm/java-8-openjdk/jre/lib/rt.jar]
[Loaded sun.nio.cs.UTF_16LE from /usr/lib/jvm/java-8-openjdk/jre/lib/rt.jar]
[Loaded sun.nio.cs.UTF_16 from /usr/lib/jvm/java-8-openjdk/jre/lib/rt.jar]
[Loaded java.util.Queue from /usr/lib/jvm/java-8-openjdk/jre/lib/rt.jar]
[Loaded java.util.Deque from /usr/lib/jvm/java-8-openjdk/jre/lib/rt.jar]
[Loaded java.util.ArrayDeque from /usr/lib/jvm/java-8-openjdk/jre/lib/rt.jar]
[Loaded java.util.zip.ZipCoder from /usr/lib/jvm/java-8-openjdk/jre/lib/rt.jar]
[Loaded sun.misc.PerfCounter from /usr/lib/jvm/java-8-openjdk/jre/lib/rt.jar]
[Loaded sun.misc.Perf$GetPerfAction from /usr/lib/jvm/java-8-openjdk/jre/lib/rt.jar]
[Loaded sun.misc.Perf from /usr/lib/jvm/java-8-openjdk/jre/lib/rt.jar]
[Loaded sun.misc.PerfCounter$CoreCounters from /usr/lib/jvm/java-8-openjdk/jre/lib/rt.jar]
[Loaded sun.nio.ch.DirectBuffer from /usr/lib/jvm/java-8-openjdk/jre/lib/rt.jar]
[Loaded java.nio.MappedByteBuffer from /usr/lib/jvm/java-8-openjdk/jre/lib/rt.jar]
[Loaded java.nio.DirectByteBuffer from /usr/lib/jvm/java-8-openjdk/jre/lib/rt.jar]
[Loaded java.nio.LongBuffer from /usr/lib/jvm/java-8-openjdk/jre/lib/rt.jar]
[Loaded java.nio.DirectLongBufferU from /usr/lib/jvm/java-8-openjdk/jre/lib/rt.jar]
[Loaded java.util.zip.ZipEntry from /usr/lib/jvm/java-8-openjdk/jre/lib/rt.jar]
[Loaded java.util.jar.JarEntry from /usr/lib/jvm/java-8-openjdk/jre/lib/rt.jar]
[Loaded java.util.jar.JarFile$JarFileEntry from /usr/lib/jvm/java-8-openjdk/jre/lib/rt.jar]
[Loaded java.util.zip.ZipFile$ZipFileInputStream from /usr/lib/jvm/java-8-openjdk/jre/lib/rt.jar]
[Loaded java.util.zip.Inflater from /usr/lib/jvm/java-8-openjdk/jre/lib/rt.jar]
[Loaded java.util.zip.ZStreamRef from /usr/lib/jvm/java-8-openjdk/jre/lib/rt.jar]
[Loaded java.util.zip.InflaterInputStream from /usr/lib/jvm/java-8-openjdk/jre/lib/rt.jar]
[Loaded java.util.zip.ZipFile$ZipFileInflaterInputStream from /usr/lib/jvm/java-8-openjdk/jre/lib/rt.jar]
[Loaded sun.security.util.SignatureFileVerifier from /usr/lib/jvm/java-8-openjdk/jre/lib/rt.jar]
[Loaded sun.security.action.GetIntegerAction from /usr/lib/jvm/java-8-openjdk/jre/lib/rt.jar]
[Loaded sun.misc.IOUtils from /usr/lib/jvm/java-8-openjdk/jre/lib/rt.jar]
[Loaded java.util.jar.JarVerifier from /usr/lib/jvm/java-8-openjdk/jre/lib/rt.jar]
[Loaded java.security.CodeSigner from /usr/lib/jvm/java-8-openjdk/jre/lib/rt.jar]
[Loaded java.util.jar.JarVerifier$3 from /usr/lib/jvm/java-8-openjdk/jre/lib/rt.jar]
[Loaded java.io.ByteArrayOutputStream from /usr/lib/jvm/java-8-openjdk/jre/lib/rt.jar]
[Loaded java.util.jar.Attributes from /usr/lib/jvm/java-8-openjdk/jre/lib/rt.jar]
[Loaded java.util.jar.Manifest$FastInputStream from /usr/lib/jvm/java-8-openjdk/jre/lib/rt.jar]
[Loaded java.util.jar.Attributes$Name from /usr/lib/jvm/java-8-openjdk/jre/lib/rt.jar]
[Loaded sun.misc.ASCIICaseInsensitiveComparator from /usr/lib/jvm/java-8-openjdk/jre/lib/rt.jar]
[Loaded java.net.URLClassLoader$1 from /usr/lib/jvm/java-8-openjdk/jre/lib/rt.jar]
[Loaded sun.net.util.URLUtil from /usr/lib/jvm/java-8-openjdk/jre/lib/rt.jar]
[Loaded sun.misc.URLClassPath$3 from /usr/lib/jvm/java-8-openjdk/jre/lib/rt.jar]
[Loaded sun.misc.URLClassPath$Loader from /usr/lib/jvm/java-8-openjdk/jre/lib/rt.jar]
[Loaded sun.misc.URLClassPath$JarLoader from /usr/lib/jvm/java-8-openjdk/jre/lib/rt.jar]
[Loaded sun.nio.cs.ThreadLocalCoders from /usr/lib/jvm/java-8-openjdk/jre/lib/rt.jar]
[Loaded sun.nio.cs.ThreadLocalCoders$Cache from /usr/lib/jvm/java-8-openjdk/jre/lib/rt.jar]
[Loaded sun.nio.cs.ThreadLocalCoders$1 from /usr/lib/jvm/java-8-openjdk/jre/lib/rt.jar]
[Loaded sun.nio.cs.ThreadLocalCoders$2 from /usr/lib/jvm/java-8-openjdk/jre/lib/rt.jar]
[Loaded sun.misc.URLClassPath$JarLoader$1 from /usr/lib/jvm/java-8-openjdk/jre/lib/rt.jar]
[Loaded sun.misc.FileURLMapper from /usr/lib/jvm/java-8-openjdk/jre/lib/rt.jar]
[Loaded sun.misc.JarIndex from /usr/lib/jvm/java-8-openjdk/jre/lib/rt.jar]
[Loaded sun.misc.ExtensionDependency from /usr/lib/jvm/java-8-openjdk/jre/lib/rt.jar]
[Loaded sun.misc.Resource from /usr/lib/jvm/java-8-openjdk/jre/lib/rt.jar]
[Loaded sun.misc.URLClassPath$JarLoader$2 from /usr/lib/jvm/java-8-openjdk/jre/lib/rt.jar]
[Loaded java.lang.Package from /usr/lib/jvm/java-8-openjdk/jre/lib/rt.jar]
[Loaded sun.nio.ByteBuffered from /usr/lib/jvm/java-8-openjdk/jre/lib/rt.jar]
[Loaded java.util.zip.Checksum from /usr/lib/jvm/java-8-openjdk/jre/lib/rt.jar]
[Loaded java.util.zip.CRC32 from /usr/lib/jvm/java-8-openjdk/jre/lib/rt.jar]
[Loaded java.security.PermissionCollection from /usr/lib/jvm/java-8-openjdk/jre/lib/rt.jar]
[Loaded java.security.Permissions from /usr/lib/jvm/java-8-openjdk/jre/lib/rt.jar]
[Loaded java.net.URLConnection from /usr/lib/jvm/java-8-openjdk/jre/lib/rt.jar]
[Loaded sun.net.www.URLConnection from /usr/lib/jvm/java-8-openjdk/jre/lib/rt.jar]
[Loaded sun.net.www.protocol.file.FileURLConnection from /usr/lib/jvm/java-8-openjdk/jre/lib/rt.jar]
[Loaded sun.net.www.MessageHeader from /usr/lib/jvm/java-8-openjdk/jre/lib/rt.jar]
[Loaded java.io.FilePermission from /usr/lib/jvm/java-8-openjdk/jre/lib/rt.jar]
[Loaded sun.nio.fs.DefaultFileSystemProvider from /usr/lib/jvm/java-8-openjdk/jre/lib/rt.jar]
[Loaded java.nio.file.spi.FileSystemProvider from /usr/lib/jvm/java-8-openjdk/jre/lib/rt.jar]
[Loaded sun.nio.fs.AbstractFileSystemProvider from /usr/lib/jvm/java-8-openjdk/jre/lib/rt.jar]
[Loaded sun.nio.fs.UnixFileSystemProvider from /usr/lib/jvm/java-8-openjdk/jre/lib/rt.jar]
[Loaded sun.nio.fs.LinuxFileSystemProvider from /usr/lib/jvm/java-8-openjdk/jre/lib/rt.jar]
[Loaded java.nio.file.FileSystem from /usr/lib/jvm/java-8-openjdk/jre/lib/rt.jar]
[Loaded sun.nio.fs.UnixFileSystem from /usr/lib/jvm/java-8-openjdk/jre/lib/rt.jar]
[Loaded sun.nio.fs.LinuxFileSystem from /usr/lib/jvm/java-8-openjdk/jre/lib/rt.jar]
[Loaded sun.nio.fs.AbstractPath from /usr/lib/jvm/java-8-openjdk/jre/lib/rt.jar]
[Loaded sun.nio.fs.UnixPath from /usr/lib/jvm/java-8-openjdk/jre/lib/rt.jar]
[Loaded sun.nio.fs.Util from /usr/lib/jvm/java-8-openjdk/jre/lib/rt.jar]
[Loaded sun.nio.fs.UnixNativeDispatcher from /usr/lib/jvm/java-8-openjdk/jre/lib/rt.jar]
[Loaded sun.nio.fs.UnixNativeDispatcher$1 from /usr/lib/jvm/java-8-openjdk/jre/lib/rt.jar]
[Loaded java.nio.file.attribute.BasicFileAttributes from /usr/lib/jvm/java-8-openjdk/jre/lib/rt.jar]
[Loaded java.nio.file.attribute.PosixFileAttributes from /usr/lib/jvm/java-8-openjdk/jre/lib/rt.jar]
[Loaded sun.nio.fs.UnixFileAttributes from /usr/lib/jvm/java-8-openjdk/jre/lib/rt.jar]
[Loaded sun.nio.fs.UnixFileStoreAttributes from /usr/lib/jvm/java-8-openjdk/jre/lib/rt.jar]
[Loaded sun.nio.fs.UnixMountEntry from /usr/lib/jvm/java-8-openjdk/jre/lib/rt.jar]
[Loaded java.net.URI from /usr/lib/jvm/java-8-openjdk/jre/lib/rt.jar]
[Loaded java.net.URI$Parser from /usr/lib/jvm/java-8-openjdk/jre/lib/rt.jar]
[Loaded java.io.FilePermission$1 from /usr/lib/jvm/java-8-openjdk/jre/lib/rt.jar]
[Loaded java.io.FilePermissionCollection from /usr/lib/jvm/java-8-openjdk/jre/lib/rt.jar]
[Loaded java.security.AllPermission from /usr/lib/jvm/java-8-openjdk/jre/lib/rt.jar]
[Loaded java.security.UnresolvedPermission from /usr/lib/jvm/java-8-openjdk/jre/lib/rt.jar]
[Loaded java.security.BasicPermissionCollection from /usr/lib/jvm/java-8-openjdk/jre/lib/rt.jar]
[Loaded net.minecraft.src.ICommandListener from file:/home/tnazep/My%20Stuff/Dev/MC-Origins/build/libs/Minecraft-server.jar]
[Loaded net.minecraft.server.MinecraftServer from file:/home/tnazep/My%20Stuff/Dev/MC-Origins/build/libs/Minecraft-server.jar]
[Loaded sun.launcher.LauncherHelper$FXHelper from /usr/lib/jvm/java-8-openjdk/jre/lib/rt.jar]
[Loaded java.lang.Class$MethodArray from /usr/lib/jvm/java-8-openjdk/jre/lib/rt.jar]
[Loaded java.io.IOException from /usr/lib/jvm/java-8-openjdk/jre/lib/rt.jar]
[Loaded java.lang.NumberFormatException from /usr/lib/jvm/java-8-openjdk/jre/lib/rt.jar]
[Loaded net.minecraft.src.ISaveFormat from file:/home/tnazep/My%20Stuff/Dev/MC-Origins/build/libs/Minecraft-server.jar]
[Loaded net.minecraft.src.IProgressUpdate from file:/home/tnazep/My%20Stuff/Dev/MC-Origins/build/libs/Minecraft-server.jar]
[Loaded net.minecraft.src.ISaveHandler from file:/home/tnazep/My%20Stuff/Dev/MC-Origins/build/libs/Minecraft-server.jar]
[Loaded net.minecraft.src.IWorldAccess from file:/home/tnazep/My%20Stuff/Dev/MC-Origins/build/libs/Minecraft-server.jar]
[Loaded java.util.concurrent.ConcurrentHashMap$ForwardingNode from /usr/lib/jvm/java-8-openjdk/jre/lib/rt.jar]
[Loaded net.minecraft.src.Packet from file:/home/tnazep/My%20Stuff/Dev/MC-Origins/build/libs/Minecraft-server.jar]
[Loaded net.minecraft.src.Packet4UpdateTime from file:/home/tnazep/My%20Stuff/Dev/MC-Origins/build/libs/Minecraft-server.jar]
[Loaded net.minecraft.src.IUpdatePlayerListBox from file:/home/tnazep/My%20Stuff/Dev/MC-Origins/build/libs/Minecraft-server.jar]
[Loaded net.minecraft.src.IBlockAccess from file:/home/tnazep/My%20Stuff/Dev/MC-Origins/build/libs/Minecraft-server.jar]
[Loaded net.minecraft.src.World from file:/home/tnazep/My%20Stuff/Dev/MC-Origins/build/libs/Minecraft-server.jar]
[Loaded net.minecraft.src.WorldServer from file:/home/tnazep/My%20Stuff/Dev/MC-Origins/build/libs/Minecraft-server.jar]
[Loaded net.minecraft.src.EntityTracker from file:/home/tnazep/My%20Stuff/Dev/MC-Origins/build/libs/Minecraft-server.jar]
[Loaded java.lang.Void from /usr/lib/jvm/java-8-openjdk/jre/lib/rt.jar]
[Loaded java.util.logging.Logger from /usr/lib/jvm/java-8-openjdk/jre/lib/rt.jar]
[Loaded java.util.logging.Handler from /usr/lib/jvm/java-8-openjdk/jre/lib/rt.jar]
[Loaded java.util.logging.Level from /usr/lib/jvm/java-8-openjdk/jre/lib/rt.jar]
[Loaded java.util.logging.Level$KnownLevel from /usr/lib/jvm/java-8-openjdk/jre/lib/rt.jar]
[Loaded java.util.logging.Logger$LoggerBundle from /usr/lib/jvm/java-8-openjdk/jre/lib/rt.jar]
[Loaded java.util.concurrent.CopyOnWriteArrayList from /usr/lib/jvm/java-8-openjdk/jre/lib/rt.jar]
[Loaded java.util.concurrent.locks.AbstractOwnableSynchronizer from /usr/lib/jvm/java-8-openjdk/jre/lib/rt.jar]
[Loaded java.util.concurrent.locks.AbstractQueuedSynchronizer from /usr/lib/jvm/java-8-openjdk/jre/lib/rt.jar]
[Loaded java.util.concurrent.locks.ReentrantLock$Sync from /usr/lib/jvm/java-8-openjdk/jre/lib/rt.jar]
[Loaded java.util.concurrent.locks.ReentrantLock$NonfairSync from /usr/lib/jvm/java-8-openjdk/jre/lib/rt.jar]
[Loaded java.util.concurrent.locks.AbstractQueuedSynchronizer$Node from /usr/lib/jvm/java-8-openjdk/jre/lib/rt.jar]
[Loaded java.util.logging.LogManager from /usr/lib/jvm/java-8-openjdk/jre/lib/rt.jar]
[Loaded java.util.logging.LogManager$1 from /usr/lib/jvm/java-8-openjdk/jre/lib/rt.jar]
[Loaded java.util.logging.LogManager$LoggerContext from /usr/lib/jvm/java-8-openjdk/jre/lib/rt.jar]
[Loaded java.util.logging.LogManager$SystemLoggerContext from /usr/lib/jvm/java-8-openjdk/jre/lib/rt.jar]
[Loaded java.util.logging.LogManager$LogNode from /usr/lib/jvm/java-8-openjdk/jre/lib/rt.jar]
[Loaded java.util.logging.LoggingPermission from /usr/lib/jvm/java-8-openjdk/jre/lib/rt.jar]
[Loaded java.util.logging.LogManager$Cleaner from /usr/lib/jvm/java-8-openjdk/jre/lib/rt.jar]
[Loaded java.lang.ApplicationShutdownHooks from /usr/lib/jvm/java-8-openjdk/jre/lib/rt.jar]
[Loaded java.lang.ApplicationShutdownHooks$1 from /usr/lib/jvm/java-8-openjdk/jre/lib/rt.jar]
[Loaded java.lang.Shutdown from /usr/lib/jvm/java-8-openjdk/jre/lib/rt.jar]
[Loaded java.lang.Shutdown$Lock from /usr/lib/jvm/java-8-openjdk/jre/lib/rt.jar]
[Loaded java.util.IdentityHashMap from /usr/lib/jvm/java-8-openjdk/jre/lib/rt.jar]
[Loaded java.util.logging.LogManager$2 from /usr/lib/jvm/java-8-openjdk/jre/lib/rt.jar]
[Loaded java.util.logging.LogManager$3 from /usr/lib/jvm/java-8-openjdk/jre/lib/rt.jar]
[Loaded java.util.ArrayList$Itr from /usr/lib/jvm/java-8-openjdk/jre/lib/rt.jar]
[Loaded java.util.logging.LogManager$LoggerWeakRef from /usr/lib/jvm/java-8-openjdk/jre/lib/rt.jar]
[Loaded java.util.logging.LogManager$LoggerContext$1 from /usr/lib/jvm/java-8-openjdk/jre/lib/rt.jar]
[Loaded java.util.Properties$LineReader from /usr/lib/jvm/java-8-openjdk/jre/lib/rt.jar]
[Loaded sun.util.logging.PlatformLogger from /usr/lib/jvm/java-8-openjdk/jre/lib/rt.jar]
[Loaded sun.util.logging.PlatformLogger$Level from /usr/lib/jvm/java-8-openjdk/jre/lib/rt.jar]
[Loaded sun.util.logging.PlatformLogger$1 from /usr/lib/jvm/java-8-openjdk/jre/lib/rt.jar]
[Loaded sun.util.logging.PlatformLogger$LoggerProxy from /usr/lib/jvm/java-8-openjdk/jre/lib/rt.jar]
[Loaded sun.util.logging.PlatformLogger$DefaultLoggerProxy from /usr/lib/jvm/java-8-openjdk/jre/lib/rt.jar]
[Loaded sun.util.logging.PlatformLogger$JavaLoggerProxy from /usr/lib/jvm/java-8-openjdk/jre/lib/rt.jar]
[Loaded sun.util.logging.LoggingSupport from /usr/lib/jvm/java-8-openjdk/jre/lib/rt.jar]
[Loaded sun.util.logging.LoggingSupport$1 from /usr/lib/jvm/java-8-openjdk/jre/lib/rt.jar]
[Loaded sun.util.logging.LoggingProxy from /usr/lib/jvm/java-8-openjdk/jre/lib/rt.jar]
[Loaded java.util.logging.LoggingProxyImpl from /usr/lib/jvm/java-8-openjdk/jre/lib/rt.jar]
[Loaded sun.reflect.UnsafeFieldAccessorFactory from /usr/lib/jvm/java-8-openjdk/jre/lib/rt.jar]
[Loaded sun.reflect.UnsafeQualifiedStaticFieldAccessorImpl from /usr/lib/jvm/java-8-openjdk/jre/lib/rt.jar]
[Loaded sun.reflect.UnsafeQualifiedStaticObjectFieldAccessorImpl from /usr/lib/jvm/java-8-openjdk/jre/lib/rt.jar]
[Loaded java.util.HashMap$EntrySet from /usr/lib/jvm/java-8-openjdk/jre/lib/rt.jar]
[Loaded java.util.HashMap$HashIterator from /usr/lib/jvm/java-8-openjdk/jre/lib/rt.jar]
[Loaded java.util.HashMap$EntryIterator from /usr/lib/jvm/java-8-openjdk/jre/lib/rt.jar]
[Loaded java.util.logging.LogManager$RootLogger from /usr/lib/jvm/java-8-openjdk/jre/lib/rt.jar]
[Loaded java.util.HashMap$Values from /usr/lib/jvm/java-8-openjdk/jre/lib/rt.jar]
[Loaded java.util.HashMap$ValueIterator from /usr/lib/jvm/java-8-openjdk/jre/lib/rt.jar]
[Loaded java.util.logging.LogManager$5 from /usr/lib/jvm/java-8-openjdk/jre/lib/rt.jar]
[Loaded net.minecraft.src.StatList from file:/home/tnazep/My%20Stuff/Dev/MC-Origins/build/libs/Minecraft-server.jar]
[Loaded net.minecraft.src.StatBase from file:/home/tnazep/My%20Stuff/Dev/MC-Origins/build/libs/Minecraft-server.jar]
[Loaded net.minecraft.src.StatBasic from file:/home/tnazep/My%20Stuff/Dev/MC-Origins/build/libs/Minecraft-server.jar]
[Loaded net.minecraft.src.IStatType from file:/home/tnazep/My%20Stuff/Dev/MC-Origins/build/libs/Minecraft-server.jar]
[Loaded java.text.Format from /usr/lib/jvm/java-8-openjdk/jre/lib/rt.jar]
[Loaded java.text.NumberFormat from /usr/lib/jvm/java-8-openjdk/jre/lib/rt.jar]
[Loaded java.util.spi.LocaleServiceProvider from /usr/lib/jvm/java-8-openjdk/jre/lib/rt.jar]
[Loaded java.text.spi.NumberFormatProvider from /usr/lib/jvm/java-8-openjdk/jre/lib/rt.jar]
[Loaded sun.util.locale.provider.LocaleProviderAdapter from /usr/lib/jvm/java-8-openjdk/jre/lib/rt.jar]
[Loaded sun.util.locale.provider.ResourceBundleBasedAdapter from /usr/lib/jvm/java-8-openjdk/jre/lib/rt.jar]
[Loaded sun.util.locale.provider.JRELocaleProviderAdapter from /usr/lib/jvm/java-8-openjdk/jre/lib/rt.jar]
[Loaded sun.util.locale.provider.AuxLocaleProviderAdapter from /usr/lib/jvm/java-8-openjdk/jre/lib/rt.jar]
[Loaded sun.util.locale.provider.SPILocaleProviderAdapter from /usr/lib/jvm/java-8-openjdk/jre/lib/rt.jar]
[Loaded sun.util.locale.provider.AuxLocaleProviderAdapter$NullProvider from /usr/lib/jvm/java-8-openjdk/jre/lib/rt.jar]
[Loaded sun.util.locale.provider.LocaleProviderAdapter$Type from /usr/lib/jvm/java-8-openjdk/jre/lib/rt.jar]
[Loaded java.util.Collections$UnmodifiableCollection$1 from /usr/lib/jvm/java-8-openjdk/jre/lib/rt.jar]
[Loaded sun.util.locale.provider.LocaleProviderAdapter$1 from /usr/lib/jvm/java-8-openjdk/jre/lib/rt.jar]
[Loaded sun.util.locale.provider.AvailableLanguageTags from /usr/lib/jvm/java-8-openjdk/jre/lib/rt.jar]
[Loaded sun.util.locale.provider.NumberFormatProviderImpl from /usr/lib/jvm/java-8-openjdk/jre/lib/rt.jar]
[Loaded sun.util.locale.provider.LocaleDataMetaInfo from /usr/lib/jvm/java-8-openjdk/jre/lib/rt.jar]
[Loaded java.util.HashSet from /usr/lib/jvm/java-8-openjdk/jre/lib/rt.jar]
[Loaded sun.util.locale.provider.JRELocaleProviderAdapter$1 from /usr/lib/jvm/java-8-openjdk/jre/lib/rt.jar]
[Loaded sun.util.locale.LanguageTag from /usr/lib/jvm/java-8-openjdk/jre/lib/rt.jar]
[Loaded java.util.Collections$EmptyIterator from /usr/lib/jvm/java-8-openjdk/jre/lib/rt.jar]
[Loaded sun.util.locale.provider.LocaleResources from /usr/lib/jvm/java-8-openjdk/jre/lib/rt.jar]
[Loaded sun.util.resources.LocaleData from /usr/lib/jvm/java-8-openjdk/jre/lib/rt.jar]
[Loaded sun.util.resources.LocaleData$1 from /usr/lib/jvm/java-8-openjdk/jre/lib/rt.jar]
[Loaded java.util.ResourceBundle$Control from /usr/lib/jvm/java-8-openjdk/jre/lib/rt.jar]
[Loaded sun.util.resources.LocaleData$LocaleDataResourceBundleControl from /usr/lib/jvm/java-8-openjdk/jre/lib/rt.jar]
[Loaded java.util.Arrays$ArrayList from /usr/lib/jvm/java-8-openjdk/jre/lib/rt.jar]
[Loaded java.util.ResourceBundle$Control$CandidateListCache from /usr/lib/jvm/java-8-openjdk/jre/lib/rt.jar]
[Loaded java.util.ResourceBundle from /usr/lib/jvm/java-8-openjdk/jre/lib/rt.jar]
[Loaded java.util.ResourceBundle$1 from /usr/lib/jvm/java-8-openjdk/jre/lib/rt.jar]
[Loaded java.util.spi.ResourceBundleControlProvider from /usr/lib/jvm/java-8-openjdk/jre/lib/rt.jar]
[Loaded java.util.ServiceLoader from /usr/lib/jvm/java-8-openjdk/jre/lib/rt.jar]
[Loaded java.util.ServiceLoader$LazyIterator from /usr/lib/jvm/java-8-openjdk/jre/lib/rt.jar]
[Loaded java.util.ServiceLoader$1 from /usr/lib/jvm/java-8-openjdk/jre/lib/rt.jar]
[Loaded java.util.LinkedHashMap$LinkedEntrySet from /usr/lib/jvm/java-8-openjdk/jre/lib/rt.jar]
[Loaded java.util.LinkedHashMap$LinkedHashIterator from /usr/lib/jvm/java-8-openjdk/jre/lib/rt.jar]
[Loaded java.util.LinkedHashMap$LinkedEntryIterator from /usr/lib/jvm/java-8-openjdk/jre/lib/rt.jar]
[Loaded sun.misc.Launcher$BootClassPathHolder from /usr/lib/jvm/java-8-openjdk/jre/lib/rt.jar]
[Loaded sun.misc.Launcher$BootClassPathHolder$1 from /usr/lib/jvm/java-8-openjdk/jre/lib/rt.jar]
[Loaded sun.misc.URLClassPath$2 from /usr/lib/jvm/java-8-openjdk/jre/lib/rt.jar]
[Loaded java.lang.ClassLoader$2 from /usr/lib/jvm/java-8-openjdk/jre/lib/rt.jar]
[Loaded sun.misc.URLClassPath$1 from /usr/lib/jvm/java-8-openjdk/jre/lib/rt.jar]
[Loaded java.net.URLClassLoader$3 from /usr/lib/jvm/java-8-openjdk/jre/lib/rt.jar]
[Loaded sun.misc.CompoundEnumeration from /usr/lib/jvm/java-8-openjdk/jre/lib/rt.jar]
[Loaded java.io.FileNotFoundException from /usr/lib/jvm/java-8-openjdk/jre/lib/rt.jar]
[Loaded java.security.PrivilegedActionException from /usr/lib/jvm/java-8-openjdk/jre/lib/rt.jar]
[Loaded java.net.URLClassLoader$3$1 from /usr/lib/jvm/java-8-openjdk/jre/lib/rt.jar]
[Loaded java.util.ResourceBundle$RBClassLoader from /usr/lib/jvm/java-8-openjdk/jre/lib/rt.jar]
[Loaded java.util.ResourceBundle$RBClassLoader$1 from /usr/lib/jvm/java-8-openjdk/jre/lib/rt.jar]
[Loaded java.util.ResourceBundle$CacheKey from /usr/lib/jvm/java-8-openjdk/jre/lib/rt.jar]
[Loaded java.util.ResourceBundle$CacheKeyReference from /usr/lib/jvm/java-8-openjdk/jre/lib/rt.jar]
[Loaded java.util.ResourceBundle$LoaderReference from /usr/lib/jvm/java-8-openjdk/jre/lib/rt.jar]
[Loaded java.util.ResourceBundle$SingleFormatControl from /usr/lib/jvm/java-8-openjdk/jre/lib/rt.jar]
[Loaded java.util.AbstractSequentialList from /usr/lib/jvm/java-8-openjdk/jre/lib/rt.jar]
[Loaded java.util.LinkedList from /usr/lib/jvm/java-8-openjdk/jre/lib/rt.jar]
[Loaded java.util.LinkedList$Node from /usr/lib/jvm/java-8-openjdk/jre/lib/rt.jar]
[Loaded sun.util.resources.ParallelListResourceBundle from /usr/lib/jvm/java-8-openjdk/jre/lib/rt.jar]
[Loaded sun.text.resources.FormatData from /usr/lib/jvm/java-8-openjdk/jre/lib/rt.jar]
[Loaded java.util.concurrent.atomic.AtomicMarkableReference from /usr/lib/jvm/java-8-openjdk/jre/lib/rt.jar]
[Loaded java.util.concurrent.atomic.AtomicMarkableReference$Pair from /usr/lib/jvm/java-8-openjdk/jre/lib/rt.jar]
[Loaded java.util.ResourceBundle$BundleReference from /usr/lib/jvm/java-8-openjdk/jre/lib/rt.jar]
[Loaded sun.text.resources.en.FormatData_en from /usr/lib/jvm/java-8-openjdk/jre/lib/rt.jar]
[Loaded sun.text.resources.en.FormatData_en_US from /usr/lib/jvm/java-8-openjdk/jre/lib/rt.jar]
[Loaded sun.util.locale.provider.LocaleResources$ResourceReference from /usr/lib/jvm/java-8-openjdk/jre/lib/rt.jar]
[Loaded java.text.DecimalFormatSymbols from /usr/lib/jvm/java-8-openjdk/jre/lib/rt.jar]
[Loaded java.text.spi.DecimalFormatSymbolsProvider from /usr/lib/jvm/java-8-openjdk/jre/lib/rt.jar]
[Loaded sun.util.locale.provider.DecimalFormatSymbolsProviderImpl from /usr/lib/jvm/java-8-openjdk/jre/lib/rt.jar]
[Loaded sun.util.resources.ParallelListResourceBundle$KeySet from /usr/lib/jvm/java-8-openjdk/jre/lib/rt.jar]
[Loaded java.util.Currency from /usr/lib/jvm/java-8-openjdk/jre/lib/rt.jar]
[Loaded java.util.Currency$1 from /usr/lib/jvm/java-8-openjdk/jre/lib/rt.jar]
[Loaded java.io.DataInput from /usr/lib/jvm/java-8-openjdk/jre/lib/rt.jar]
[Loaded java.io.DataInputStream from /usr/lib/jvm/java-8-openjdk/jre/lib/rt.jar]
[Loaded java.util.Currency$SpecialCaseEntry from /usr/lib/jvm/java-8-openjdk/jre/lib/rt.jar]
[Loaded java.util.Currency$OtherCurrencyEntry from /usr/lib/jvm/java-8-openjdk/jre/lib/rt.jar]
[Loaded java.util.spi.CurrencyNameProvider from /usr/lib/jvm/java-8-openjdk/jre/lib/rt.jar]
[Loaded sun.util.locale.provider.LocaleServiceProviderPool from /usr/lib/jvm/java-8-openjdk/jre/lib/rt.jar]
[Loaded java.text.spi.BreakIteratorProvider from /usr/lib/jvm/java-8-openjdk/jre/lib/rt.jar]
[Loaded java.text.spi.CollatorProvider from /usr/lib/jvm/java-8-openjdk/jre/lib/rt.jar]
[Loaded java.text.spi.DateFormatProvider from /usr/lib/jvm/java-8-openjdk/jre/lib/rt.jar]
[Loaded java.text.spi.DateFormatSymbolsProvider from /usr/lib/jvm/java-8-openjdk/jre/lib/rt.jar]
[Loaded java.util.spi.LocaleNameProvider from /usr/lib/jvm/java-8-openjdk/jre/lib/rt.jar]
[Loaded java.util.spi.TimeZoneNameProvider from /usr/lib/jvm/java-8-openjdk/jre/lib/rt.jar]
[Loaded java.util.spi.CalendarDataProvider from /usr/lib/jvm/java-8-openjdk/jre/lib/rt.jar]
[Loaded sun.util.locale.provider.CurrencyNameProviderImpl from /usr/lib/jvm/java-8-openjdk/jre/lib/rt.jar]
[Loaded sun.util.locale.provider.SPILocaleProviderAdapter$1 from /usr/lib/jvm/java-8-openjdk/jre/lib/rt.jar]
[Loaded sun.util.locale.provider.LocaleServiceProviderPool$LocalizedObjectGetter from /usr/lib/jvm/java-8-openjdk/jre/lib/rt.jar]
[Loaded java.util.Currency$CurrencyNameGetter from /usr/lib/jvm/java-8-openjdk/jre/lib/rt.jar]
[Loaded sun.util.resources.OpenListResourceBundle from /usr/lib/jvm/java-8-openjdk/jre/lib/rt.jar]
[Loaded sun.util.resources.LocaleNamesBundle from /usr/lib/jvm/java-8-openjdk/jre/lib/rt.jar]
[Loaded sun.util.resources.CurrencyNames from /usr/lib/jvm/java-8-openjdk/jre/lib/rt.jar]
[Loaded sun.util.resources.en.CurrencyNames_en_US from /usr/lib/jvm/java-8-openjdk/jre/lib/rt.jar]
[Loaded java.util.HashMap$KeySet from /usr/lib/jvm/java-8-openjdk/jre/lib/rt.jar]
[Loaded java.text.DecimalFormat from /usr/lib/jvm/java-8-openjdk/jre/lib/rt.jar]
[Loaded java.text.FieldPosition from /usr/lib/jvm/java-8-openjdk/jre/lib/rt.jar]
[Loaded java.text.DigitList from /usr/lib/jvm/java-8-openjdk/jre/lib/rt.jar]
[Loaded java.math.RoundingMode from /usr/lib/jvm/java-8-openjdk/jre/lib/rt.jar]
[Loaded net.minecraft.src.StatTypeSimple from file:/home/tnazep/My%20Stuff/Dev/MC-Origins/build/libs/Minecraft-server.jar]
[Loaded java.util.Locale$Category from /usr/lib/jvm/java-8-openjdk/jre/lib/rt.jar]
[Loaded java.util.Locale$1 from /usr/lib/jvm/java-8-openjdk/jre/lib/rt.jar]
[Loaded net.minecraft.src.StatTypeTime from file:/home/tnazep/My%20Stuff/Dev/MC-Origins/build/libs/Minecraft-server.jar]
[Loaded net.minecraft.src.StatTypeDistance from file:/home/tnazep/My%20Stuff/Dev/MC-Origins/build/libs/Minecraft-server.jar]
[Loaded net.minecraft.src.StatCollector from file:/home/tnazep/My%20Stuff/Dev/MC-Origins/build/libs/Minecraft-server.jar]
[Loaded net.minecraft.src.StringTranslate from file:/home/tnazep/My%20Stuff/Dev/MC-Origins/build/libs/Minecraft-server.jar]
[Loaded java.net.URLClassLoader$2 from /usr/lib/jvm/java-8-openjdk/jre/lib/rt.jar]
[Loaded java.net.JarURLConnection from /usr/lib/jvm/java-8-openjdk/jre/lib/rt.jar]
[Loaded sun.net.www.protocol.jar.JarURLConnection from /usr/lib/jvm/java-8-openjdk/jre/lib/rt.jar]
[Loaded sun.net.www.protocol.jar.URLJarFile$URLJarFileCloseController from /usr/lib/jvm/java-8-openjdk/jre/lib/rt.jar]
[Loaded sun.net.www.protocol.jar.JarFileFactory from /usr/lib/jvm/java-8-openjdk/jre/lib/rt.jar]
[Loaded sun.net.www.protocol.jar.URLJarFile from /usr/lib/jvm/java-8-openjdk/jre/lib/rt.jar]
[Loaded sun.net.www.protocol.jar.URLJarFile$URLJarFileEntry from /usr/lib/jvm/java-8-openjdk/jre/lib/rt.jar]
[Loaded sun.net.www.protocol.jar.JarURLConnection$JarURLInputStream from /usr/lib/jvm/java-8-openjdk/jre/lib/rt.jar]
[Loaded net.minecraft.src.AchievementMap from file:/home/tnazep/My%20Stuff/Dev/MC-Origins/build/libs/Minecraft-server.jar]
[Loaded java.util.ArrayList$SubList from /usr/lib/jvm/java-8-openjdk/jre/lib/rt.jar]
[Loaded java.util.ListIterator from /usr/lib/jvm/java-8-openjdk/jre/lib/rt.jar]
[Loaded java.util.ArrayList$SubList$1 from /usr/lib/jvm/java-8-openjdk/jre/lib/rt.jar]
[Loaded net.minecraft.src.Block from file:/home/tnazep/My%20Stuff/Dev/MC-Origins/build/libs/Minecraft-server.jar]
[Loaded net.minecraft.src.Entity from file:/home/tnazep/My%20Stuff/Dev/MC-Origins/build/libs/Minecraft-server.jar]
[Loaded net.minecraft.src.EntityItem from file:/home/tnazep/My%20Stuff/Dev/MC-Origins/build/libs/Minecraft-server.jar]
[Loaded net.minecraft.src.StepSound from file:/home/tnazep/My%20Stuff/Dev/MC-Origins/build/libs/Minecraft-server.jar]
[Loaded net.minecraft.src.StepSoundStone from file:/home/tnazep/My%20Stuff/Dev/MC-Origins/build/libs/Minecraft-server.jar]
[Loaded net.minecraft.src.StepSoundSand from file:/home/tnazep/My%20Stuff/Dev/MC-Origins/build/libs/Minecraft-server.jar]
[Loaded net.minecraft.src.BlockStone from file:/home/tnazep/My%20Stuff/Dev/MC-Origins/build/libs/Minecraft-server.jar]
[Loaded net.minecraft.src.Material from file:/home/tnazep/My%20Stuff/Dev/MC-Origins/build/libs/Minecraft-server.jar]
[Loaded net.minecraft.src.MaterialTransparent from file:/home/tnazep/My%20Stuff/Dev/MC-Origins/build/libs/Minecraft-server.jar]
[Loaded net.minecraft.src.MapColor from file:/home/tnazep/My%20Stuff/Dev/MC-Origins/build/libs/Minecraft-server.jar]
[Loaded net.minecraft.src.MaterialLiquid from file:/home/tnazep/My%20Stuff/Dev/MC-Origins/build/libs/Minecraft-server.jar]
[Loaded net.minecraft.src.MaterialLogic from file:/home/tnazep/My%20Stuff/Dev/MC-Origins/build/libs/Minecraft-server.jar]
[Loaded net.minecraft.src.MaterialPortal from file:/home/tnazep/My%20Stuff/Dev/MC-Origins/build/libs/Minecraft-server.jar]
[Loaded net.minecraft.src.BlockGrass from file:/home/tnazep/My%20Stuff/Dev/MC-Origins/build/libs/Minecraft-server.jar]
[Loaded net.minecraft.src.BlockDirt from file:/home/tnazep/My%20Stuff/Dev/MC-Origins/build/libs/Minecraft-server.jar]
[Loaded net.minecraft.src.BlockFlower from file:/home/tnazep/My%20Stuff/Dev/MC-Origins/build/libs/Minecraft-server.jar]
[Loaded net.minecraft.src.BlockSapling from file:/home/tnazep/My%20Stuff/Dev/MC-Origins/build/libs/Minecraft-server.jar]
[Loaded net.minecraft.src.BlockFluid from file:/home/tnazep/My%20Stuff/Dev/MC-Origins/build/libs/Minecraft-server.jar]
[Loaded net.minecraft.src.BlockFlowing from file:/home/tnazep/My%20Stuff/Dev/MC-Origins/build/libs/Minecraft-server.jar]
[Loaded net.minecraft.src.BlockStationary from file:/home/tnazep/My%20Stuff/Dev/MC-Origins/build/libs/Minecraft-server.jar]
[Loaded net.minecraft.src.BlockSand from file:/home/tnazep/My%20Stuff/Dev/MC-Origins/build/libs/Minecraft-server.jar]
[Loaded net.minecraft.src.EntityFallingSand from file:/home/tnazep/My%20Stuff/Dev/MC-Origins/build/libs/Minecraft-server.jar]
[Loaded net.minecraft.src.BlockGravel from file:/home/tnazep/My%20Stuff/Dev/MC-Origins/build/libs/Minecraft-server.jar]
[Loaded net.minecraft.src.BlockOre from file:/home/tnazep/My%20Stuff/Dev/MC-Origins/build/libs/Minecraft-server.jar]
[Loaded net.minecraft.src.BlockLog from file:/home/tnazep/My%20Stuff/Dev/MC-Origins/build/libs/Minecraft-server.jar]
[Loaded net.minecraft.src.BlockLeavesBase from file:/home/tnazep/My%20Stuff/Dev/MC-Origins/build/libs/Minecraft-server.jar]
[Loaded net.minecraft.src.BlockLeaves from file:/home/tnazep/My%20Stuff/Dev/MC-Origins/build/libs/Minecraft-server.jar]
[Loaded net.minecraft.src.BlockSponge from file:/home/tnazep/My%20Stuff/Dev/MC-Origins/build/libs/Minecraft-server.jar]
[Loaded net.minecraft.src.BlockBreakable from file:/home/tnazep/My%20Stuff/Dev/MC-Origins/build/libs/Minecraft-server.jar]
[Loaded net.minecraft.src.BlockGlass from file:/home/tnazep/My%20Stuff/Dev/MC-Origins/build/libs/Minecraft-server.jar]
[Loaded net.minecraft.src.BlockContainer from file:/home/tnazep/My%20Stuff/Dev/MC-Origins/build/libs/Minecraft-server.jar]
[Loaded net.minecraft.src.BlockDispenser from file:/home/tnazep/My%20Stuff/Dev/MC-Origins/build/libs/Minecraft-server.jar]
[Loaded net.minecraft.src.TileEntity from file:/home/tnazep/My%20Stuff/Dev/MC-Origins/build/libs/Minecraft-server.jar]
[Loaded net.minecraft.src.IInventory from file:/home/tnazep/My%20Stuff/Dev/MC-Origins/build/libs/Minecraft-server.jar]
[Loaded net.minecraft.src.TileEntityDispenser from file:/home/tnazep/My%20Stuff/Dev/MC-Origins/build/libs/Minecraft-server.jar]
[Loaded net.minecraft.src.EntityArrow from file:/home/tnazep/My%20Stuff/Dev/MC-Origins/build/libs/Minecraft-server.jar]
[Loaded net.minecraft.src.EntityEgg from file:/home/tnazep/My%20Stuff/Dev/MC-Origins/build/libs/Minecraft-server.jar]
[Loaded net.minecraft.src.EntitySnowball from file:/home/tnazep/My%20Stuff/Dev/MC-Origins/build/libs/Minecraft-server.jar]
[Loaded java.util.Random from /usr/lib/jvm/java-8-openjdk/jre/lib/rt.jar]
[Loaded net.minecraft.src.BlockSandStone from file:/home/tnazep/My%20Stuff/Dev/MC-Origins/build/libs/Minecraft-server.jar]
[Loaded net.minecraft.src.BlockNote from file:/home/tnazep/My%20Stuff/Dev/MC-Origins/build/libs/Minecraft-server.jar]
[Loaded net.minecraft.src.TileEntityNote from file:/home/tnazep/My%20Stuff/Dev/MC-Origins/build/libs/Minecraft-server.jar]
[Loaded net.minecraft.src.BlockBed from file:/home/tnazep/My%20Stuff/Dev/MC-Origins/build/libs/Minecraft-server.jar]
[Loaded net.minecraft.src.BlockRail from file:/home/tnazep/My%20Stuff/Dev/MC-Origins/build/libs/Minecraft-server.jar]
[Loaded net.minecraft.src.BlockDetectorRail from file:/home/tnazep/My%20Stuff/Dev/MC-Origins/build/libs/Minecraft-server.jar]
[Loaded net.minecraft.src.BlockPistonBase from file:/home/tnazep/My%20Stuff/Dev/MC-Origins/build/libs/Minecraft-server.jar]
[Loaded net.minecraft.src.BlockWeb from file:/home/tnazep/My%20Stuff/Dev/MC-Origins/build/libs/Minecraft-server.jar]
[Loaded net.minecraft.src.BlockTallGrass from file:/home/tnazep/My%20Stuff/Dev/MC-Origins/build/libs/Minecraft-server.jar]
[Loaded net.minecraft.src.BlockDeadBush from file:/home/tnazep/My%20Stuff/Dev/MC-Origins/build/libs/Minecraft-server.jar]
[Loaded net.minecraft.src.BlockPistonExtension from file:/home/tnazep/My%20Stuff/Dev/MC-Origins/build/libs/Minecraft-server.jar]
[Loaded net.minecraft.src.BlockCloth from file:/home/tnazep/My%20Stuff/Dev/MC-Origins/build/libs/Minecraft-server.jar]
[Loaded net.minecraft.src.BlockPistonMoving from file:/home/tnazep/My%20Stuff/Dev/MC-Origins/build/libs/Minecraft-server.jar]
[Loaded net.minecraft.src.TileEntityPiston from file:/home/tnazep/My%20Stuff/Dev/MC-Origins/build/libs/Minecraft-server.jar]
[Loaded net.minecraft.src.BlockMushroom from file:/home/tnazep/My%20Stuff/Dev/MC-Origins/build/libs/Minecraft-server.jar]
[Loaded net.minecraft.src.BlockOreStorage from file:/home/tnazep/My%20Stuff/Dev/MC-Origins/build/libs/Minecraft-server.jar]
[Loaded net.minecraft.src.BlockStep from file:/home/tnazep/My%20Stuff/Dev/MC-Origins/build/libs/Minecraft-server.jar]
[Loaded net.minecraft.src.BlockTNT from file:/home/tnazep/My%20Stuff/Dev/MC-Origins/build/libs/Minecraft-server.jar]
[Loaded net.minecraft.src.EntityTNTPrimed from file:/home/tnazep/My%20Stuff/Dev/MC-Origins/build/libs/Minecraft-server.jar]
[Loaded net.minecraft.src.BlockBookshelf from file:/home/tnazep/My%20Stuff/Dev/MC-Origins/build/libs/Minecraft-server.jar]
[Loaded net.minecraft.src.BlockObsidian from file:/home/tnazep/My%20Stuff/Dev/MC-Origins/build/libs/Minecraft-server.jar]
[Loaded net.minecraft.src.BlockTorch from file:/home/tnazep/My%20Stuff/Dev/MC-Origins/build/libs/Minecraft-server.jar]
[Loaded net.minecraft.src.BlockFire from file:/home/tnazep/My%20Stuff/Dev/MC-Origins/build/libs/Minecraft-server.jar]
[Loaded net.minecraft.src.BlockMobSpawner from file:/home/tnazep/My%20Stuff/Dev/MC-Origins/build/libs/Minecraft-server.jar]
[Loaded net.minecraft.src.TileEntityMobSpawner from file:/home/tnazep/My%20Stuff/Dev/MC-Origins/build/libs/Minecraft-server.jar]
[Loaded net.minecraft.src.BlockStairs from file:/home/tnazep/My%20Stuff/Dev/MC-Origins/build/libs/Minecraft-server.jar]
[Loaded net.minecraft.src.BlockChest from file:/home/tnazep/My%20Stuff/Dev/MC-Origins/build/libs/Minecraft-server.jar]
[Loaded net.minecraft.src.TileEntityChest from file:/home/tnazep/My%20Stuff/Dev/MC-Origins/build/libs/Minecraft-server.jar]
[Loaded net.minecraft.src.BlockRedstoneWire from file:/home/tnazep/My%20Stuff/Dev/MC-Origins/build/libs/Minecraft-server.jar]
[Loaded net.minecraft.src.BlockWorkbench from file:/home/tnazep/My%20Stuff/Dev/MC-Origins/build/libs/Minecraft-server.jar]
[Loaded net.minecraft.src.BlockCrops from file:/home/tnazep/My%20Stuff/Dev/MC-Origins/build/libs/Minecraft-server.jar]
[Loaded net.minecraft.src.BlockFarmland from file:/home/tnazep/My%20Stuff/Dev/MC-Origins/build/libs/Minecraft-server.jar]
[Loaded net.minecraft.src.BlockFurnace from file:/home/tnazep/My%20Stuff/Dev/MC-Origins/build/libs/Minecraft-server.jar]
[Loaded net.minecraft.src.TileEntityFurnace from file:/home/tnazep/My%20Stuff/Dev/MC-Origins/build/libs/Minecraft-server.jar]
[Loaded net.minecraft.src.BlockSign from file:/home/tnazep/My%20Stuff/Dev/MC-Origins/build/libs/Minecraft-server.jar]
[Loaded net.minecraft.src.TileEntitySign from file:/home/tnazep/My%20Stuff/Dev/MC-Origins/build/libs/Minecraft-server.jar]
[Loaded net.minecraft.src.BlockDoor from file:/home/tnazep/My%20Stuff/Dev/MC-Origins/build/libs/Minecraft-server.jar]
[Loaded net.minecraft.src.BlockLadder from file:/home/tnazep/My%20Stuff/Dev/MC-Origins/build/libs/Minecraft-server.jar]
[Loaded net.minecraft.src.BlockLever from file:/home/tnazep/My%20Stuff/Dev/MC-Origins/build/libs/Minecraft-server.jar]
[Loaded net.minecraft.src.BlockPressurePlate from file:/home/tnazep/My%20Stuff/Dev/MC-Origins/build/libs/Minecraft-server.jar]
[Loaded net.minecraft.src.EnumMobType from file:/home/tnazep/My%20Stuff/Dev/MC-Origins/build/libs/Minecraft-server.jar]
[Loaded net.minecraft.src.BlockRedstoneOre from file:/home/tnazep/My%20Stuff/Dev/MC-Origins/build/libs/Minecraft-server.jar]
[Loaded net.minecraft.src.BlockRedstoneTorch from file:/home/tnazep/My%20Stuff/Dev/MC-Origins/build/libs/Minecraft-server.jar]
[Loaded net.minecraft.src.BlockButton from file:/home/tnazep/My%20Stuff/Dev/MC-Origins/build/libs/Minecraft-server.jar]
[Loaded net.minecraft.src.BlockSnow from file:/home/tnazep/My%20Stuff/Dev/MC-Origins/build/libs/Minecraft-server.jar]
[Loaded net.minecraft.src.BlockIce from file:/home/tnazep/My%20Stuff/Dev/MC-Origins/build/libs/Minecraft-server.jar]
[Loaded net.minecraft.src.BlockSnowBlock from file:/home/tnazep/My%20Stuff/Dev/MC-Origins/build/libs/Minecraft-server.jar]
[Loaded net.minecraft.src.BlockCactus from file:/home/tnazep/My%20Stuff/Dev/MC-Origins/build/libs/Minecraft-server.jar]
[Loaded net.minecraft.src.BlockClay from file:/home/tnazep/My%20Stuff/Dev/MC-Origins/build/libs/Minecraft-server.jar]
[Loaded net.minecraft.src.BlockReed from file:/home/tnazep/My%20Stuff/Dev/MC-Origins/build/libs/Minecraft-server.jar]
[Loaded net.minecraft.src.BlockJukeBox from file:/home/tnazep/My%20Stuff/Dev/MC-Origins/build/libs/Minecraft-server.jar]
[Loaded net.minecraft.src.TileEntityRecordPlayer from file:/home/tnazep/My%20Stuff/Dev/MC-Origins/build/libs/Minecraft-server.jar]
[Loaded net.minecraft.src.BlockFence from file:/home/tnazep/My%20Stuff/Dev/MC-Origins/build/libs/Minecraft-server.jar]
[Loaded net.minecraft.src.BlockPumpkin from file:/home/tnazep/My%20Stuff/Dev/MC-Origins/build/libs/Minecraft-server.jar]
[Loaded net.minecraft.src.BlockNetherrack from file:/home/tnazep/My%20Stuff/Dev/MC-Origins/build/libs/Minecraft-server.jar]
[Loaded net.minecraft.src.BlockSoulSand from file:/home/tnazep/My%20Stuff/Dev/MC-Origins/build/libs/Minecraft-server.jar]
[Loaded net.minecraft.src.BlockGlowStone from file:/home/tnazep/My%20Stuff/Dev/MC-Origins/build/libs/Minecraft-server.jar]
[Loaded net.minecraft.src.BlockPortal from file:/home/tnazep/My%20Stuff/Dev/MC-Origins/build/libs/Minecraft-server.jar]
[Loaded net.minecraft.src.BlockCake from file:/home/tnazep/My%20Stuff/Dev/MC-Origins/build/libs/Minecraft-server.jar]
[Loaded net.minecraft.src.BlockRedstoneRepeater from file:/home/tnazep/My%20Stuff/Dev/MC-Origins/build/libs/Minecraft-server.jar]
[Loaded net.minecraft.src.BlockLockedChest from file:/home/tnazep/My%20Stuff/Dev/MC-Origins/build/libs/Minecraft-server.jar]
[Loaded net.minecraft.src.BlockTrapDoor from file:/home/tnazep/My%20Stuff/Dev/MC-Origins/build/libs/Minecraft-server.jar]
[Loaded net.minecraft.src.Item from file:/home/tnazep/My%20Stuff/Dev/MC-Origins/build/libs/Minecraft-server.jar]
[Loaded net.minecraft.src.ItemTool from file:/home/tnazep/My%20Stuff/Dev/MC-Origins/build/libs/Minecraft-server.jar]
[Loaded net.minecraft.src.ItemSpade from file:/home/tnazep/My%20Stuff/Dev/MC-Origins/build/libs/Minecraft-server.jar]
[Loaded net.minecraft.src.EntityLiving from file:/home/tnazep/My%20Stuff/Dev/MC-Origins/build/libs/Minecraft-server.jar]
[Loaded net.minecraft.src.EnumToolMaterial from file:/home/tnazep/My%20Stuff/Dev/MC-Origins/build/libs/Minecraft-server.jar]
[Loaded net.minecraft.src.ItemPickaxe from file:/home/tnazep/My%20Stuff/Dev/MC-Origins/build/libs/Minecraft-server.jar]
[Loaded net.minecraft.src.ItemAxe from file:/home/tnazep/My%20Stuff/Dev/MC-Origins/build/libs/Minecraft-server.jar]
[Loaded net.minecraft.src.ItemFlintAndSteel from file:/home/tnazep/My%20Stuff/Dev/MC-Origins/build/libs/Minecraft-server.jar]
[Loaded net.minecraft.src.EntityPlayer from file:/home/tnazep/My%20Stuff/Dev/MC-Origins/build/libs/Minecraft-server.jar]
[Loaded net.minecraft.src.ItemFood from file:/home/tnazep/My%20Stuff/Dev/MC-Origins/build/libs/Minecraft-server.jar]
[Loaded net.minecraft.src.ItemBow from file:/home/tnazep/My%20Stuff/Dev/MC-Origins/build/libs/Minecraft-server.jar]
[Loaded net.minecraft.src.ItemCoal from file:/home/tnazep/My%20Stuff/Dev/MC-Origins/build/libs/Minecraft-server.jar]
[Loaded net.minecraft.src.ItemSword from file:/home/tnazep/My%20Stuff/Dev/MC-Origins/build/libs/Minecraft-server.jar]
[Loaded net.minecraft.src.ItemSoup from file:/home/tnazep/My%20Stuff/Dev/MC-Origins/build/libs/Minecraft-server.jar]
[Loaded net.minecraft.src.ItemHoe from file:/home/tnazep/My%20Stuff/Dev/MC-Origins/build/libs/Minecraft-server.jar]
[Loaded net.minecraft.src.ItemSeeds from file:/home/tnazep/My%20Stuff/Dev/MC-Origins/build/libs/Minecraft-server.jar]
[Loaded net.minecraft.src.ItemArmor from file:/home/tnazep/My%20Stuff/Dev/MC-Origins/build/libs/Minecraft-server.jar]
[Loaded net.minecraft.src.ItemPainting from file:/home/tnazep/My%20Stuff/Dev/MC-Origins/build/libs/Minecraft-server.jar]
[Loaded net.minecraft.src.EntityPainting from file:/home/tnazep/My%20Stuff/Dev/MC-Origins/build/libs/Minecraft-server.jar]
[Loaded net.minecraft.src.ItemSign from file:/home/tnazep/My%20Stuff/Dev/MC-Origins/build/libs/Minecraft-server.jar]
[Loaded net.minecraft.src.ItemDoor from file:/home/tnazep/My%20Stuff/Dev/MC-Origins/build/libs/Minecraft-server.jar]
[Loaded net.minecraft.src.ItemBucket from file:/home/tnazep/My%20Stuff/Dev/MC-Origins/build/libs/Minecraft-server.jar]
[Loaded net.minecraft.src.ItemMinecart from file:/home/tnazep/My%20Stuff/Dev/MC-Origins/build/libs/Minecraft-server.jar]
[Loaded net.minecraft.src.EntityMinecart from file:/home/tnazep/My%20Stuff/Dev/MC-Origins/build/libs/Minecraft-server.jar]
[Loaded net.minecraft.src.ItemSaddle from file:/home/tnazep/My%20Stuff/Dev/MC-Origins/build/libs/Minecraft-server.jar]
[Loaded net.minecraft.src.ItemRedstone from file:/home/tnazep/My%20Stuff/Dev/MC-Origins/build/libs/Minecraft-server.jar]
[Loaded net.minecraft.src.ItemSnowball from file:/home/tnazep/My%20Stuff/Dev/MC-Origins/build/libs/Minecraft-server.jar]
[Loaded net.minecraft.src.ItemBoat from file:/home/tnazep/My%20Stuff/Dev/MC-Origins/build/libs/Minecraft-server.jar]
[Loaded net.minecraft.src.EntityBoat from file:/home/tnazep/My%20Stuff/Dev/MC-Origins/build/libs/Minecraft-server.jar]
[Loaded net.minecraft.src.ItemReed from file:/home/tnazep/My%20Stuff/Dev/MC-Origins/build/libs/Minecraft-server.jar]
[Loaded net.minecraft.src.ItemEgg from file:/home/tnazep/My%20Stuff/Dev/MC-Origins/build/libs/Minecraft-server.jar]
[Loaded net.minecraft.src.ItemFishingRod from file:/home/tnazep/My%20Stuff/Dev/MC-Origins/build/libs/Minecraft-server.jar]
[Loaded net.minecraft.src.EntityFish from file:/home/tnazep/My%20Stuff/Dev/MC-Origins/build/libs/Minecraft-server.jar]
[Loaded net.minecraft.src.ItemDye from file:/home/tnazep/My%20Stuff/Dev/MC-Origins/build/libs/Minecraft-server.jar]
[Loaded net.minecraft.src.ItemBed from file:/home/tnazep/My%20Stuff/Dev/MC-Origins/build/libs/Minecraft-server.jar]
[Loaded net.minecraft.src.ItemCookie from file:/home/tnazep/My%20Stuff/Dev/MC-Origins/build/libs/Minecraft-server.jar]
[Loaded net.minecraft.src.ItemMapBase from file:/home/tnazep/My%20Stuff/Dev/MC-Origins/build/libs/Minecraft-server.jar]
[Loaded net.minecraft.src.ItemMap from file:/home/tnazep/My%20Stuff/Dev/MC-Origins/build/libs/Minecraft-server.jar]
[Loaded net.minecraft.src.MapDataBase from file:/home/tnazep/My%20Stuff/Dev/MC-Origins/build/libs/Minecraft-server.jar]
[Loaded net.minecraft.src.MapData from file:/home/tnazep/My%20Stuff/Dev/MC-Origins/build/libs/Minecraft-server.jar]
[Loaded net.minecraft.src.Packet131MapData from file:/home/tnazep/My%20Stuff/Dev/MC-Origins/build/libs/Minecraft-server.jar]
[Loaded net.minecraft.src.ItemShears from file:/home/tnazep/My%20Stuff/Dev/MC-Origins/build/libs/Minecraft-server.jar]
[Loaded net.minecraft.src.ItemRecord from file:/home/tnazep/My%20Stuff/Dev/MC-Origins/build/libs/Minecraft-server.jar]
[Loaded java.util.Formatter from /usr/lib/jvm/java-8-openjdk/jre/lib/rt.jar]
[Loaded java.util.regex.Pattern from /usr/lib/jvm/java-8-openjdk/jre/lib/rt.jar]
[Loaded java.util.regex.Pattern$Node from /usr/lib/jvm/java-8-openjdk/jre/lib/rt.jar]
[Loaded java.util.regex.Pattern$4 from /usr/lib/jvm/java-8-openjdk/jre/lib/rt.jar]
[Loaded java.util.regex.Pattern$LastNode from /usr/lib/jvm/java-8-openjdk/jre/lib/rt.jar]
[Loaded java.util.regex.Pattern$GroupHead from /usr/lib/jvm/java-8-openjdk/jre/lib/rt.jar]
[Loaded java.util.regex.Pattern$CharProperty from /usr/lib/jvm/java-8-openjdk/jre/lib/rt.jar]
[Loaded java.util.regex.Pattern$BmpCharProperty from /usr/lib/jvm/java-8-openjdk/jre/lib/rt.jar]
[Loaded java.util.regex.Pattern$Single from /usr/lib/jvm/java-8-openjdk/jre/lib/rt.jar]
[Loaded java.util.regex.Pattern$GroupTail from /usr/lib/jvm/java-8-openjdk/jre/lib/rt.jar]
[Loaded java.util.regex.Pattern$Ctype from /usr/lib/jvm/java-8-openjdk/jre/lib/rt.jar]
[Loaded java.util.regex.Pattern$Curly from /usr/lib/jvm/java-8-openjdk/jre/lib/rt.jar]
[Loaded java.util.regex.Pattern$Ques from /usr/lib/jvm/java-8-openjdk/jre/lib/rt.jar]
[Loaded java.util.regex.Pattern$BranchConn from /usr/lib/jvm/java-8-openjdk/jre/lib/rt.jar]
[Loaded java.util.regex.Pattern$Branch from /usr/lib/jvm/java-8-openjdk/jre/lib/rt.jar]
[Loaded java.util.regex.Pattern$BitClass from /usr/lib/jvm/java-8-openjdk/jre/lib/rt.jar]
[Loaded java.util.regex.Pattern$1 from /usr/lib/jvm/java-8-openjdk/jre/lib/rt.jar]
[Loaded java.util.regex.Pattern$5 from /usr/lib/jvm/java-8-openjdk/jre/lib/rt.jar]
[Loaded java.util.regex.Pattern$SliceNode from /usr/lib/jvm/java-8-openjdk/jre/lib/rt.jar]
[Loaded java.util.regex.Pattern$Slice from /usr/lib/jvm/java-8-openjdk/jre/lib/rt.jar]
[Loaded java.util.regex.Pattern$Begin from /usr/lib/jvm/java-8-openjdk/jre/lib/rt.jar]
[Loaded java.util.regex.Pattern$First from /usr/lib/jvm/java-8-openjdk/jre/lib/rt.jar]
[Loaded java.util.regex.Pattern$Start from /usr/lib/jvm/java-8-openjdk/jre/lib/rt.jar]
[Loaded java.util.regex.Pattern$TreeInfo from /usr/lib/jvm/java-8-openjdk/jre/lib/rt.jar]
[Loaded java.util.regex.MatchResult from /usr/lib/jvm/java-8-openjdk/jre/lib/rt.jar]
[Loaded java.util.regex.Matcher from /usr/lib/jvm/java-8-openjdk/jre/lib/rt.jar]
[Loaded java.util.regex.ASCII from /usr/lib/jvm/java-8-openjdk/jre/lib/rt.jar]
[Loaded java.util.Formatter$FormatString from /usr/lib/jvm/java-8-openjdk/jre/lib/rt.jar]
[Loaded java.util.Formatter$FormatSpecifier from /usr/lib/jvm/java-8-openjdk/jre/lib/rt.jar]
[Loaded java.util.Formatter$Flags from /usr/lib/jvm/java-8-openjdk/jre/lib/rt.jar]
[Loaded java.util.Formatter$Conversion from /usr/lib/jvm/java-8-openjdk/jre/lib/rt.jar]
[Loaded java.util.Formatter$FixedString from /usr/lib/jvm/java-8-openjdk/jre/lib/rt.jar]
[Loaded java.util.Formattable from /usr/lib/jvm/java-8-openjdk/jre/lib/rt.jar]
[Loaded net.minecraft.src.StatCrafting from file:/home/tnazep/My%20Stuff/Dev/MC-Origins/build/libs/Minecraft-server.jar]
[Loaded net.minecraft.src.ItemBlock from file:/home/tnazep/My%20Stuff/Dev/MC-Origins/build/libs/Minecraft-server.jar]
[Loaded net.minecraft.src.ItemCloth from file:/home/tnazep/My%20Stuff/Dev/MC-Origins/build/libs/Minecraft-server.jar]
[Loaded net.minecraft.src.ItemLog from file:/home/tnazep/My%20Stuff/Dev/MC-Origins/build/libs/Minecraft-server.jar]
[Loaded net.minecraft.src.ItemSlab from file:/home/tnazep/My%20Stuff/Dev/MC-Origins/build/libs/Minecraft-server.jar]
[Loaded net.minecraft.src.ItemSapling from file:/home/tnazep/My%20Stuff/Dev/MC-Origins/build/libs/Minecraft-server.jar]
[Loaded net.minecraft.src.ItemLeaves from file:/home/tnazep/My%20Stuff/Dev/MC-Origins/build/libs/Minecraft-server.jar]
[Loaded net.minecraft.src.ItemPiston from file:/home/tnazep/My%20Stuff/Dev/MC-Origins/build/libs/Minecraft-server.jar]
[Loaded net.minecraft.src.CraftingManager from file:/home/tnazep/My%20Stuff/Dev/MC-Origins/build/libs/Minecraft-server.jar]
[Loaded net.minecraft.src.RecipesTools from file:/home/tnazep/My%20Stuff/Dev/MC-Origins/build/libs/Minecraft-server.jar]
[Loaded net.minecraft.src.ItemStack from file:/home/tnazep/My%20Stuff/Dev/MC-Origins/build/libs/Minecraft-server.jar]
[Loaded java.lang.Character$CharacterCache from /usr/lib/jvm/java-8-openjdk/jre/lib/rt.jar]
[Loaded net.minecraft.src.IRecipe from file:/home/tnazep/My%20Stuff/Dev/MC-Origins/build/libs/Minecraft-server.jar]
[Loaded net.minecraft.src.ShapedRecipes from file:/home/tnazep/My%20Stuff/Dev/MC-Origins/build/libs/Minecraft-server.jar]
[Loaded net.minecraft.src.RecipesWeapons from file:/home/tnazep/My%20Stuff/Dev/MC-Origins/build/libs/Minecraft-server.jar]
[Loaded net.minecraft.src.RecipesIngots from file:/home/tnazep/My%20Stuff/Dev/MC-Origins/build/libs/Minecraft-server.jar]
[Loaded net.minecraft.src.RecipesFood from file:/home/tnazep/My%20Stuff/Dev/MC-Origins/build/libs/Minecraft-server.jar]
[Loaded net.minecraft.src.RecipesCrafting from file:/home/tnazep/My%20Stuff/Dev/MC-Origins/build/libs/Minecraft-server.jar]
[Loaded net.minecraft.src.RecipesArmor from file:/home/tnazep/My%20Stuff/Dev/MC-Origins/build/libs/Minecraft-server.jar]
[Loaded net.minecraft.src.RecipesDyes from file:/home/tnazep/My%20Stuff/Dev/MC-Origins/build/libs/Minecraft-server.jar]
[Loaded net.minecraft.src.ShapelessRecipes from file:/home/tnazep/My%20Stuff/Dev/MC-Origins/build/libs/Minecraft-server.jar]
[Loaded net.minecraft.src.RecipeSorter from file:/home/tnazep/My%20Stuff/Dev/MC-Origins/build/libs/Minecraft-server.jar]
[Loaded java.util.Arrays$LegacyMergeSort from /usr/lib/jvm/java-8-openjdk/jre/lib/rt.jar]
[Loaded sun.security.action.GetBooleanAction from /usr/lib/jvm/java-8-openjdk/jre/lib/rt.jar]
[Loaded java.util.TimSort from /usr/lib/jvm/java-8-openjdk/jre/lib/rt.jar]
151 recipes
[Loaded net.minecraft.src.FurnaceRecipes from file:/home/tnazep/My%20Stuff/Dev/MC-Origins/build/libs/Minecraft-server.jar]
[Loaded java.util.HashMap$KeyIterator from /usr/lib/jvm/java-8-openjdk/jre/lib/rt.jar]
[Loaded net.minecraft.src.AchievementList from file:/home/tnazep/My%20Stuff/Dev/MC-Origins/build/libs/Minecraft-server.jar]
[Loaded net.minecraft.src.Achievement from file:/home/tnazep/My%20Stuff/Dev/MC-Origins/build/libs/Minecraft-server.jar]
16 achievements
[Loaded java.util.Collections$SynchronizedList from /usr/lib/jvm/java-8-openjdk/jre/lib/rt.jar]
[Loaded java.util.Collections$SynchronizedRandomAccessList from /usr/lib/jvm/java-8-openjdk/jre/lib/rt.jar]
[Loaded net.minecraft.src.ThreadSleepForever from file:/home/tnazep/My%20Stuff/Dev/MC-Origins/build/libs/Minecraft-server.jar]
[Loaded java.awt.GraphicsEnvironment from /usr/lib/jvm/java-8-openjdk/jre/lib/rt.jar]
[Loaded java.lang.invoke.LambdaMetafactory from /usr/lib/jvm/java-8-openjdk/jre/lib/rt.jar]
[Loaded java.lang.invoke.MethodHandles$Lookup from /usr/lib/jvm/java-8-openjdk/jre/lib/rt.jar]
[Loaded java.lang.invoke.MethodType$ConcurrentWeakInternSet from /usr/lib/jvm/java-8-openjdk/jre/lib/rt.jar]
[Loaded java.lang.invoke.MethodTypeForm from /usr/lib/jvm/java-8-openjdk/jre/lib/rt.jar]
[Loaded java.lang.invoke.Invokers from /usr/lib/jvm/java-8-openjdk/jre/lib/rt.jar]
[Loaded java.lang.invoke.MethodType$ConcurrentWeakInternSet$WeakEntry from /usr/lib/jvm/java-8-openjdk/jre/lib/rt.jar]
[Loaded java.lang.invoke.MethodHandles from /usr/lib/jvm/java-8-openjdk/jre/lib/rt.jar]
[Loaded sun.invoke.util.Wrapper from /usr/lib/jvm/java-8-openjdk/jre/lib/rt.jar]
[Loaded sun.invoke.util.Wrapper$Format from /usr/lib/jvm/java-8-openjdk/jre/lib/rt.jar]
[Loaded java.lang.Byte$ByteCache from /usr/lib/jvm/java-8-openjdk/jre/lib/rt.jar]
[Loaded java.lang.Short$ShortCache from /usr/lib/jvm/java-8-openjdk/jre/lib/rt.jar]
[Loaded java.lang.Long$LongCache from /usr/lib/jvm/java-8-openjdk/jre/lib/rt.jar]
[Loaded sun.invoke.util.VerifyAccess from /usr/lib/jvm/java-8-openjdk/jre/lib/rt.jar]
[Loaded sun.invoke.util.ValueConversions from /usr/lib/jvm/java-8-openjdk/jre/lib/rt.jar]
[Loaded java.lang.NoSuchMethodException from /usr/lib/jvm/java-8-openjdk/jre/lib/rt.jar]
[Loaded java.lang.invoke.LambdaForm$BasicType from /usr/lib/jvm/java-8-openjdk/jre/lib/rt.jar]
[Loaded java.lang.invoke.LambdaForm$Name from /usr/lib/jvm/java-8-openjdk/jre/lib/rt.jar]
[Loaded java.lang.invoke.LambdaForm$NamedFunction from /usr/lib/jvm/java-8-openjdk/jre/lib/rt.jar]
[Loaded java.lang.invoke.BoundMethodHandle from /usr/lib/jvm/java-8-openjdk/jre/lib/rt.jar]
[Loaded java.lang.invoke.SimpleMethodHandle from /usr/lib/jvm/java-8-openjdk/jre/lib/rt.jar]
[Loaded java.lang.invoke.BoundMethodHandle$SpeciesData from /usr/lib/jvm/java-8-openjdk/jre/lib/rt.jar]
[Loaded java.lang.invoke.BoundMethodHandle$Factory from /usr/lib/jvm/java-8-openjdk/jre/lib/rt.jar]
[Loaded java.lang.invoke.BoundMethodHandle$Species_L from /usr/lib/jvm/java-8-openjdk/jre/lib/rt.jar]
[Loaded sun.invoke.util.BytecodeDescriptor from /usr/lib/jvm/java-8-openjdk/jre/lib/rt.jar]
[Loaded java.lang.invoke.DirectMethodHandle$Lazy from /usr/lib/jvm/java-8-openjdk/jre/lib/rt.jar]
[Loaded java.lang.InstantiationException from /usr/lib/jvm/java-8-openjdk/jre/lib/rt.jar]
[Loaded java.lang.invoke.DirectMethodHandle$Interface from /usr/lib/jvm/java-8-openjdk/jre/lib/rt.jar]
[Loaded java.util.AbstractList$Itr from /usr/lib/jvm/java-8-openjdk/jre/lib/rt.jar]
[Loaded java.lang.invoke.InvokerBytecodeGenerator from /usr/lib/jvm/java-8-openjdk/jre/lib/rt.jar]
[Loaded jdk.internal.org.objectweb.asm.ClassVisitor from /usr/lib/jvm/java-8-openjdk/jre/lib/rt.jar]
[Loaded jdk.internal.org.objectweb.asm.ClassWriter from /usr/lib/jvm/java-8-openjdk/jre/lib/rt.jar]
[Loaded jdk.internal.org.objectweb.asm.ByteVector from /usr/lib/jvm/java-8-openjdk/jre/lib/rt.jar]
[Loaded jdk.internal.org.objectweb.asm.Item from /usr/lib/jvm/java-8-openjdk/jre/lib/rt.jar]
[Loaded jdk.internal.org.objectweb.asm.MethodVisitor from /usr/lib/jvm/java-8-openjdk/jre/lib/rt.jar]
[Loaded jdk.internal.org.objectweb.asm.MethodWriter from /usr/lib/jvm/java-8-openjdk/jre/lib/rt.jar]
[Loaded jdk.internal.org.objectweb.asm.Type from /usr/lib/jvm/java-8-openjdk/jre/lib/rt.jar]
[Loaded jdk.internal.org.objectweb.asm.Label from /usr/lib/jvm/java-8-openjdk/jre/lib/rt.jar]
[Loaded jdk.internal.org.objectweb.asm.Frame from /usr/lib/jvm/java-8-openjdk/jre/lib/rt.jar]
[Loaded jdk.internal.org.objectweb.asm.AnnotationVisitor from /usr/lib/jvm/java-8-openjdk/jre/lib/rt.jar]
[Loaded jdk.internal.org.objectweb.asm.AnnotationWriter from /usr/lib/jvm/java-8-openjdk/jre/lib/rt.jar]
[Loaded java.lang.invoke.MethodHandleImpl$Intrinsic from /usr/lib/jvm/java-8-openjdk/jre/lib/rt.jar]
[Loaded java.lang.invoke.InvokerBytecodeGenerator$2 from /usr/lib/jvm/java-8-openjdk/jre/lib/rt.jar]
[Loaded sun.invoke.util.VerifyType from /usr/lib/jvm/java-8-openjdk/jre/lib/rt.jar]
[Loaded sun.invoke.empty.Empty from /usr/lib/jvm/java-8-openjdk/jre/lib/rt.jar]
[Loaded java.lang.invoke.LambdaForm$DMH/212628335 from java.lang.invoke.LambdaForm]
[Loaded java.lang.invoke.LambdaForm$DMH/1579572132 from java.lang.invoke.LambdaForm]
[Loaded java.lang.invoke.LambdaForm$DMH/359023572 from java.lang.invoke.LambdaForm]
[Loaded java.lang.invoke.LambdaForm$DMH/305808283 from java.lang.invoke.LambdaForm]
[Loaded java.lang.invoke.LambdaForm$DMH/2111991224 from java.lang.invoke.LambdaForm]
[Loaded java.lang.invoke.LambdaForm$DMH/292938459 from java.lang.invoke.LambdaForm]
[Loaded java.lang.NoSuchFieldException from /usr/lib/jvm/java-8-openjdk/jre/lib/rt.jar]
[Loaded java.lang.invoke.InvokerBytecodeGenerator$CpPatch from /usr/lib/jvm/java-8-openjdk/jre/lib/rt.jar]
[Loaded java.lang.invoke.LambdaForm$MH/1993134103 from java.lang.invoke.LambdaForm]
[Loaded java.lang.invoke.DirectMethodHandle$Accessor from /usr/lib/jvm/java-8-openjdk/jre/lib/rt.jar]
[Loaded java.lang.invoke.LambdaForm$MH/405662939 from java.lang.invoke.LambdaForm]
[Loaded java.lang.invoke.LambdaForm$MH/653305407 from java.lang.invoke.LambdaForm]
[Loaded java.lang.invoke.LambdaForm$MH/1130478920 from java.lang.invoke.LambdaForm]
[Loaded java.lang.invoke.LambdaForm$MH/1404928347 from java.lang.invoke.LambdaForm]
[Loaded java.lang.invoke.LambdaForm$MH/604107971 from java.lang.invoke.LambdaForm]
[Loaded java.lang.invoke.LambdaForm$MH/123961122 from java.lang.invoke.LambdaForm]
[Loaded java.lang.invoke.LambdaForm$MH/1227229563 from java.lang.invoke.LambdaForm]
[Loaded java.lang.invoke.LambdaForm$MH/1982791261 from java.lang.invoke.LambdaForm]
[Loaded java.lang.invoke.LambdaForm$MH/1562557367 from java.lang.invoke.LambdaForm]
[Loaded java.lang.invoke.LambdaForm$MH/1101288798 from java.lang.invoke.LambdaForm]
[Loaded java.lang.invoke.LambdaForm$MH/942731712 from java.lang.invoke.LambdaForm]
[Loaded java.util.SubList from /usr/lib/jvm/java-8-openjdk/jre/lib/rt.jar]
[Loaded java.util.RandomAccessSubList from /usr/lib/jvm/java-8-openjdk/jre/lib/rt.jar]
[Loaded java.util.SubList$1 from /usr/lib/jvm/java-8-openjdk/jre/lib/rt.jar]
[Loaded java.util.AbstractList$ListItr from /usr/lib/jvm/java-8-openjdk/jre/lib/rt.jar]
[Loaded java.lang.invoke.LambdaForm$DMH/1192108080 from java.lang.invoke.LambdaForm]
[Loaded java.lang.invoke.LambdaForm$DMH/537548559 from java.lang.invoke.LambdaForm]
[Loaded java.lang.invoke.LambdaForm$DMH/237852351 from java.lang.invoke.LambdaForm]
[Loaded java.lang.invoke.DelegatingMethodHandle from /usr/lib/jvm/java-8-openjdk/jre/lib/rt.jar]
[Loaded java.lang.invoke.MethodHandleImpl$AsVarargsCollector from /usr/lib/jvm/java-8-openjdk/jre/lib/rt.jar]
[Loaded java.lang.invoke.WrongMethodTypeException from /usr/lib/jvm/java-8-openjdk/jre/lib/rt.jar]
[Loaded java.lang.invoke.LambdaForm$DMH/1608446010 from java.lang.invoke.LambdaForm]
[Loaded java.lang.invoke.LambdaForm$DMH/992136656 from java.lang.invoke.LambdaForm]
[Loaded java.lang.invoke.LambdaForm$MH/511833308 from java.lang.invoke.LambdaForm]
[Loaded java.lang.invoke.LambdaForm$BMH/1297685781 from java.lang.invoke.LambdaForm]
[Loaded java.lang.invoke.MethodHandleImpl$Lazy from /usr/lib/jvm/java-8-openjdk/jre/lib/rt.jar]
[Loaded java.lang.invoke.MethodHandleImpl$IntrinsicMethodHandle from /usr/lib/jvm/java-8-openjdk/jre/lib/rt.jar]
[Loaded java.lang.invoke.LambdaForm$DMH/1705929636 from java.lang.invoke.LambdaForm]
[Loaded java.lang.invoke.LambdaForm$MH/1221555852 from java.lang.invoke.LambdaForm]
[Loaded java.lang.invoke.LambdaForm$DMH/1509514333 from java.lang.invoke.LambdaForm]
[Loaded java.lang.invoke.LambdaForm$MH/1556956098 from java.lang.invoke.LambdaForm]
[Loaded java.lang.invoke.LambdaForm$DMH/1252585652 from java.lang.invoke.LambdaForm]
[Loaded java.lang.invoke.LambdaForm$MH/2036368507 from java.lang.invoke.LambdaForm]
[Loaded java.lang.invoke.LambdaForm$DMH/1785210046 from java.lang.invoke.LambdaForm]
[Loaded java.lang.invoke.LambdaForm$DMH/1552787810 from java.lang.invoke.LambdaForm]
[Loaded java.lang.invoke.LambdaForm$MH/1361960727 from java.lang.invoke.LambdaForm]
[Loaded java.lang.invoke.LambdaForm$DMH/739498517 from java.lang.invoke.LambdaForm]
[Loaded java.lang.invoke.LambdaForm$DMH/125130493 from java.lang.invoke.LambdaForm]
[Loaded java.lang.invoke.LambdaForm$MH/914504136 from java.lang.invoke.LambdaForm]
[Loaded java.lang.invoke.LambdaForm$DMH/166239592 from java.lang.invoke.LambdaForm]
[Loaded java.lang.invoke.LambdaForm$MH/991505714 from java.lang.invoke.LambdaForm]
[Loaded java.lang.invoke.LambdaForm$DMH/385242642 from java.lang.invoke.LambdaForm]
[Loaded java.lang.invoke.LambdaForm$DMH/824009085 from java.lang.invoke.LambdaForm]
[Loaded java.lang.invoke.LambdaForm$MH/2085857771 from java.lang.invoke.LambdaForm]
[Loaded java.lang.invoke.LambdaForm$DMH/248609774 from java.lang.invoke.LambdaForm]
[Loaded java.lang.invoke.LambdaForm$DMH/708049632 from java.lang.invoke.LambdaForm]
[Loaded java.lang.invoke.LambdaForm$MH/1887400018 from java.lang.invoke.LambdaForm]
[Loaded java.lang.invoke.LambdaForm$DMH/285377351 from java.lang.invoke.LambdaForm]
[Loaded java.lang.invoke.LambdaForm$DMH/344560770 from java.lang.invoke.LambdaForm]
[Loaded java.lang.invoke.LambdaForm$MH/559450121 from java.lang.invoke.LambdaForm]
[Loaded java.lang.invoke.LambdaForm$DMH/716083600 from java.lang.invoke.LambdaForm]
[Loaded java.lang.invoke.LambdaForm$DMH/791885625 from java.lang.invoke.LambdaForm]
[Loaded java.lang.invoke.LambdaForm$MH/2001112025 from java.lang.invoke.LambdaForm]
[Loaded java.lang.NoSuchFieldError from /usr/lib/jvm/java-8-openjdk/jre/lib/rt.jar]
[Loaded java.lang.IllegalAccessException from /usr/lib/jvm/java-8-openjdk/jre/lib/rt.jar]
[Loaded java.lang.invoke.LambdaForm$DMH/1288141870 from java.lang.invoke.LambdaForm]
[Loaded java.lang.invoke.LambdaForm$DMH/2054881392 from java.lang.invoke.LambdaForm]
[Loaded java.lang.invoke.LambdaForm$DMH/1908153060 from java.lang.invoke.LambdaForm]
[Loaded java.lang.invoke.LambdaForm$DMH/529116035 from java.lang.invoke.LambdaForm]
[Loaded java.lang.invoke.LambdaForm$BMH/1627800613 from java.lang.invoke.LambdaForm]
[Loaded java.lang.invoke.LambdaFormEditor from /usr/lib/jvm/java-8-openjdk/jre/lib/rt.jar]
[Loaded java.lang.invoke.LambdaFormEditor$Transform$Kind from /usr/lib/jvm/java-8-openjdk/jre/lib/rt.jar]
[Loaded java.lang.invoke.LambdaFormEditor$Transform from /usr/lib/jvm/java-8-openjdk/jre/lib/rt.jar]
[Loaded java.lang.invoke.LambdaFormBuffer from /usr/lib/jvm/java-8-openjdk/jre/lib/rt.jar]
[Loaded java.lang.invoke.LambdaForm$MH/2065530879 from java.lang.invoke.LambdaForm]
[Loaded java.lang.invoke.LambdaForm$BMH/697960108 from java.lang.invoke.LambdaForm]
[Loaded java.lang.invoke.LambdaForm$BMH/943010986 from java.lang.invoke.LambdaForm]
[Loaded java.lang.invoke.LambdaForm$DMH/1807837413 from java.lang.invoke.LambdaForm]
[Loaded java.lang.invoke.LambdaForm$DMH/2066940133 from java.lang.invoke.LambdaForm]
[Loaded java.lang.invoke.LambdaForm$MH/48612937 from java.lang.invoke.LambdaForm]
[Loaded java.lang.invoke.LambdaForm$BMH/325333723 from java.lang.invoke.LambdaForm]
[Loaded java.lang.invoke.LambdaForm$MH/1937962514 from java.lang.invoke.LambdaForm]
[Loaded java.lang.invoke.LambdaForm$BMH/274064559 from java.lang.invoke.LambdaForm]
[Loaded java.lang.invoke.BoundMethodHandle$SpeciesData$1 from /usr/lib/jvm/java-8-openjdk/jre/lib/rt.jar]
[Loaded java.lang.invoke.BoundMethodHandle$Factory$1 from /usr/lib/jvm/java-8-openjdk/jre/lib/rt.jar]
[Loaded java.util.concurrent.ConcurrentHashMap$ReservationNode from /usr/lib/jvm/java-8-openjdk/jre/lib/rt.jar]
[Loaded jdk.internal.org.objectweb.asm.FieldVisitor from /usr/lib/jvm/java-8-openjdk/jre/lib/rt.jar]
[Loaded jdk.internal.org.objectweb.asm.FieldWriter from /usr/lib/jvm/java-8-openjdk/jre/lib/rt.jar]
[Loaded java.lang.invoke.BoundMethodHandle$Species_LL from __JVM_DefineClass__]
[Loaded sun.reflect.UnsafeStaticObjectFieldAccessorImpl from /usr/lib/jvm/java-8-openjdk/jre/lib/rt.jar]
[Loaded java.lang.invoke.LambdaForm$BMH/242131142 from java.lang.invoke.LambdaForm]
[Loaded java.lang.invoke.LambdaForm$BMH/1782113663 from java.lang.invoke.LambdaForm]
[Loaded java.lang.invoke.BoundMethodHandle$Species_L3 from __JVM_DefineClass__]
[Loaded java.lang.invoke.LambdaForm$BMH/476800120 from java.lang.invoke.LambdaForm]
[Loaded java.lang.invoke.BoundMethodHandle$Species_L4 from __JVM_DefineClass__]
[Loaded java.lang.invoke.LambdaForm$BMH/1254526270 from java.lang.invoke.LambdaForm]
[Loaded java.lang.invoke.AbstractValidatingLambdaMetafactory from /usr/lib/jvm/java-8-openjdk/jre/lib/rt.jar]
[Loaded java.lang.invoke.InnerClassLambdaMetafactory from /usr/lib/jvm/java-8-openjdk/jre/lib/rt.jar]
[Loaded java.util.PropertyPermission from /usr/lib/jvm/java-8-openjdk/jre/lib/rt.jar]
[Loaded java.security.AccessController$1 from /usr/lib/jvm/java-8-openjdk/jre/lib/rt.jar]
[Loaded sun.security.util.SecurityConstants from /usr/lib/jvm/java-8-openjdk/jre/lib/rt.jar]
[Loaded java.net.NetPermission from /usr/lib/jvm/java-8-openjdk/jre/lib/rt.jar]
[Loaded java.security.SecurityPermission from /usr/lib/jvm/java-8-openjdk/jre/lib/rt.jar]
[Loaded java.net.SocketPermission from /usr/lib/jvm/java-8-openjdk/jre/lib/rt.jar]
[Loaded java.security.AllPermissionCollection from /usr/lib/jvm/java-8-openjdk/jre/lib/rt.jar]
[Loaded java.lang.invoke.MethodHandleInfo from /usr/lib/jvm/java-8-openjdk/jre/lib/rt.jar]
[Loaded java.lang.invoke.InfoFromMemberName from /usr/lib/jvm/java-8-openjdk/jre/lib/rt.jar]
[Loaded java.lang.invoke.TypeConvertingMethodAdapter from /usr/lib/jvm/java-8-openjdk/jre/lib/rt.jar]
[Loaded java.lang.invoke.InnerClassLambdaMetafactory$ForwardingMethodGenerator from /usr/lib/jvm/java-8-openjdk/jre/lib/rt.jar]
[Loaded java.awt.GraphicsEnvironment$$Lambda$1/1618212626 from java.awt.GraphicsEnvironment]
[Loaded java.lang.invoke.InnerClassLambdaMetafactory$1 from /usr/lib/jvm/java-8-openjdk/jre/lib/rt.jar]
[Loaded java.lang.invoke.LambdaForm$MH/1129670968 from java.lang.invoke.LambdaForm]
[Loaded java.lang.invoke.LambdaForm$MH/1023714065 from java.lang.invoke.LambdaForm]
[Loaded net.minecraft.src.ThreadServerApplication from file:/home/tnazep/My%20Stuff/Dev/MC-Origins/build/libs/Minecraft-server.jar]
[Loaded jdk.internal.misc.TerminatingThreadLocal$1 from /usr/lib/jvm/java-8-openjdk/jre/lib/rt.jar]
[Loaded net.minecraft.src.ConsoleCommandHandler from file:/home/tnazep/My%20Stuff/Dev/MC-Origins/build/libs/Minecraft-server.jar]
[Loaded net.minecraft.src.Packet3Chat from file:/home/tnazep/My%20Stuff/Dev/MC-Origins/build/libs/Minecraft-server.jar]
[Loaded net.minecraft.src.ThreadCommandReader from file:/home/tnazep/My%20Stuff/Dev/MC-Origins/build/libs/Minecraft-server.jar]
[Loaded net.minecraft.src.ConsoleLogManager from file:/home/tnazep/My%20Stuff/Dev/MC-Origins/build/libs/Minecraft-server.jar]
[Loaded java.util.logging.Formatter from /usr/lib/jvm/java-8-openjdk/jre/lib/rt.jar]
[Loaded net.minecraft.src.ConsoleLogFormatter from file:/home/tnazep/My%20Stuff/Dev/MC-Origins/build/libs/Minecraft-server.jar]
[Loaded java.util.logging.StreamHandler from /usr/lib/jvm/java-8-openjdk/jre/lib/rt.jar]
[Loaded java.util.logging.ConsoleHandler from /usr/lib/jvm/java-8-openjdk/jre/lib/rt.jar]
[Loaded java.util.logging.FileHandler from /usr/lib/jvm/java-8-openjdk/jre/lib/rt.jar]
[Loaded java.io.StringWriter from /usr/lib/jvm/java-8-openjdk/jre/lib/rt.jar]
[Loaded java.text.DateFormat from /usr/lib/jvm/java-8-openjdk/jre/lib/rt.jar]
[Loaded java.text.SimpleDateFormat from /usr/lib/jvm/java-8-openjdk/jre/lib/rt.jar]
[Loaded java.text.AttributedCharacterIterator$Attribute from /usr/lib/jvm/java-8-openjdk/jre/lib/rt.jar]
[Loaded java.text.Format$Field from /usr/lib/jvm/java-8-openjdk/jre/lib/rt.jar]
[Loaded java.text.DateFormat$Field from /usr/lib/jvm/java-8-openjdk/jre/lib/rt.jar]
[Loaded java.util.TimeZone from /usr/lib/jvm/java-8-openjdk/jre/lib/rt.jar]
[Loaded sun.util.calendar.ZoneInfo from /usr/lib/jvm/java-8-openjdk/jre/lib/rt.jar]
[Loaded sun.util.calendar.CalendarSystem from /usr/lib/jvm/java-8-openjdk/jre/lib/rt.jar]
[Loaded sun.util.calendar.AbstractCalendar from /usr/lib/jvm/java-8-openjdk/jre/lib/rt.jar]
[Loaded sun.util.calendar.BaseCalendar from /usr/lib/jvm/java-8-openjdk/jre/lib/rt.jar]
[Loaded sun.util.calendar.Gregorian from /usr/lib/jvm/java-8-openjdk/jre/lib/rt.jar]
[Loaded sun.util.calendar.ZoneInfoFile from /usr/lib/jvm/java-8-openjdk/jre/lib/rt.jar]
[Loaded sun.util.calendar.ZoneInfoFile$1 from /usr/lib/jvm/java-8-openjdk/jre/lib/rt.jar]
[Loaded sun.util.calendar.ZoneInfoFile$ZoneOffsetTransitionRule from /usr/lib/jvm/java-8-openjdk/jre/lib/rt.jar]
[Loaded sun.util.calendar.ZoneInfoFile$Checksum from /usr/lib/jvm/java-8-openjdk/jre/lib/rt.jar]
[Loaded java.util.TimeZone$1 from /usr/lib/jvm/java-8-openjdk/jre/lib/rt.jar]
[Loaded java.util.Calendar from /usr/lib/jvm/java-8-openjdk/jre/lib/rt.jar]
[Loaded sun.util.spi.CalendarProvider from /usr/lib/jvm/java-8-openjdk/jre/lib/rt.jar]
[Loaded sun.util.locale.provider.CalendarProviderImpl from /usr/lib/jvm/java-8-openjdk/jre/lib/rt.jar]
[Loaded java.util.Calendar$Builder from /usr/lib/jvm/java-8-openjdk/jre/lib/rt.jar]
[Loaded java.util.GregorianCalendar from /usr/lib/jvm/java-8-openjdk/jre/lib/rt.jar]
[Loaded sun.util.locale.provider.CalendarDataUtility from /usr/lib/jvm/java-8-openjdk/jre/lib/rt.jar]
[Loaded sun.util.locale.provider.CalendarDataProviderImpl from /usr/lib/jvm/java-8-openjdk/jre/lib/rt.jar]
[Loaded sun.util.locale.provider.CalendarDataUtility$CalendarWeekParameterGetter from /usr/lib/jvm/java-8-openjdk/jre/lib/rt.jar]
[Loaded sun.util.resources.CalendarData from /usr/lib/jvm/java-8-openjdk/jre/lib/rt.jar]
[Loaded sun.util.resources.en.CalendarData_en from /usr/lib/jvm/java-8-openjdk/jre/lib/rt.jar]
[Loaded sun.util.calendar.CalendarDate from /usr/lib/jvm/java-8-openjdk/jre/lib/rt.jar]
[Loaded sun.util.calendar.BaseCalendar$Date from /usr/lib/jvm/java-8-openjdk/jre/lib/rt.jar]
[Loaded sun.util.calendar.Gregorian$Date from /usr/lib/jvm/java-8-openjdk/jre/lib/rt.jar]
[Loaded sun.util.calendar.CalendarUtils from /usr/lib/jvm/java-8-openjdk/jre/lib/rt.jar]
[Loaded java.text.DateFormatSymbols from /usr/lib/jvm/java-8-openjdk/jre/lib/rt.jar]
[Loaded sun.util.locale.provider.DateFormatSymbolsProviderImpl from /usr/lib/jvm/java-8-openjdk/jre/lib/rt.jar]
[Loaded java.util.Date from /usr/lib/jvm/java-8-openjdk/jre/lib/rt.jar]
[Loaded java.util.logging.ErrorManager from /usr/lib/jvm/java-8-openjdk/jre/lib/rt.jar]
[Loaded java.util.logging.SimpleFormatter from /usr/lib/jvm/java-8-openjdk/jre/lib/rt.jar]
[Loaded sun.util.logging.LoggingSupport$2 from /usr/lib/jvm/java-8-openjdk/jre/lib/rt.jar]
[Loaded java.lang.invoke.LambdaForm$DMH/42657622 from java.lang.invoke.LambdaForm]
[Loaded java.util.logging.FileHandler$$Lambda$2/1487527943 from java.util.logging.FileHandler]
[Loaded java.util.logging.XMLFormatter from /usr/lib/jvm/java-8-openjdk/jre/lib/rt.jar]
[Loaded java.util.logging.FileHandler$InitializationErrorManager from /usr/lib/jvm/java-8-openjdk/jre/lib/rt.jar]
[Loaded java.nio.file.Paths from /usr/lib/jvm/java-8-openjdk/jre/lib/rt.jar]
[Loaded java.nio.file.FileSystems from /usr/lib/jvm/java-8-openjdk/jre/lib/rt.jar]
[Loaded java.nio.file.FileSystems$DefaultFileSystemHolder from /usr/lib/jvm/java-8-openjdk/jre/lib/rt.jar]
[Loaded java.nio.file.FileSystems$DefaultFileSystemHolder$1 from /usr/lib/jvm/java-8-openjdk/jre/lib/rt.jar]
[Loaded java.nio.file.OpenOption from /usr/lib/jvm/java-8-openjdk/jre/lib/rt.jar]
[Loaded java.nio.file.StandardOpenOption from /usr/lib/jvm/java-8-openjdk/jre/lib/rt.jar]
[Loaded java.nio.channels.Channel from /usr/lib/jvm/java-8-openjdk/jre/lib/rt.jar]
[Loaded java.nio.channels.ReadableByteChannel from /usr/lib/jvm/java-8-openjdk/jre/lib/rt.jar]
[Loaded java.nio.channels.WritableByteChannel from /usr/lib/jvm/java-8-openjdk/jre/lib/rt.jar]
[Loaded java.nio.channels.ByteChannel from /usr/lib/jvm/java-8-openjdk/jre/lib/rt.jar]
[Loaded java.nio.channels.SeekableByteChannel from /usr/lib/jvm/java-8-openjdk/jre/lib/rt.jar]
[Loaded java.nio.channels.GatheringByteChannel from /usr/lib/jvm/java-8-openjdk/jre/lib/rt.jar]
[Loaded java.nio.channels.ScatteringByteChannel from /usr/lib/jvm/java-8-openjdk/jre/lib/rt.jar]
[Loaded java.nio.channels.InterruptibleChannel from /usr/lib/jvm/java-8-openjdk/jre/lib/rt.jar]
[Loaded java.nio.channels.spi.AbstractInterruptibleChannel from /usr/lib/jvm/java-8-openjdk/jre/lib/rt.jar]
[Loaded java.nio.channels.FileChannel from /usr/lib/jvm/java-8-openjdk/jre/lib/rt.jar]
[Loaded java.nio.file.attribute.FileAttribute from /usr/lib/jvm/java-8-openjdk/jre/lib/rt.jar]
[Loaded sun.nio.fs.UnixFileModeAttribute from /usr/lib/jvm/java-8-openjdk/jre/lib/rt.jar]
[Loaded sun.nio.fs.UnixChannelFactory from /usr/lib/jvm/java-8-openjdk/jre/lib/rt.jar]
[Loaded sun.nio.fs.UnixChannelFactory$Flags from /usr/lib/jvm/java-8-openjdk/jre/lib/rt.jar]
[Loaded sun.nio.fs.UnixChannelFactory$1 from /usr/lib/jvm/java-8-openjdk/jre/lib/rt.jar]
[Loaded sun.nio.fs.NativeBuffers from /usr/lib/jvm/java-8-openjdk/jre/lib/rt.jar]
[Loaded sun.nio.fs.NativeBuffers$1 from /usr/lib/jvm/java-8-openjdk/jre/lib/rt.jar]
[Loaded java.util.IdentityHashMap$KeySet from /usr/lib/jvm/java-8-openjdk/jre/lib/rt.jar]
[Loaded sun.nio.fs.NativeBuffer from /usr/lib/jvm/java-8-openjdk/jre/lib/rt.jar]
[Loaded sun.nio.fs.NativeBuffer$Deallocator from /usr/lib/jvm/java-8-openjdk/jre/lib/rt.jar]
[Loaded sun.nio.ch.FileChannelImpl from /usr/lib/jvm/java-8-openjdk/jre/lib/rt.jar]
[Loaded sun.nio.ch.IOUtil from /usr/lib/jvm/java-8-openjdk/jre/lib/rt.jar]
[Loaded sun.nio.ch.IOUtil$1 from /usr/lib/jvm/java-8-openjdk/jre/lib/rt.jar]
[Loaded java.net.InetAddress from /usr/lib/jvm/java-8-openjdk/jre/lib/rt.jar]
[Loaded java.net.InetAddress$1 from /usr/lib/jvm/java-8-openjdk/jre/lib/rt.jar]
[Loaded java.net.InetAddress$InetAddressHolder from /usr/lib/jvm/java-8-openjdk/jre/lib/rt.jar]
[Loaded java.util.SortedSet from /usr/lib/jvm/java-8-openjdk/jre/lib/rt.jar]
[Loaded java.util.NavigableSet from /usr/lib/jvm/java-8-openjdk/jre/lib/rt.jar]
[Loaded java.util.concurrent.ConcurrentSkipListSet from /usr/lib/jvm/java-8-openjdk/jre/lib/rt.jar]
[Loaded java.util.SortedMap from /usr/lib/jvm/java-8-openjdk/jre/lib/rt.jar]
[Loaded java.util.NavigableMap from /usr/lib/jvm/java-8-openjdk/jre/lib/rt.jar]
[Loaded java.util.concurrent.ConcurrentNavigableMap from /usr/lib/jvm/java-8-openjdk/jre/lib/rt.jar]
[Loaded java.util.concurrent.ConcurrentSkipListMap from /usr/lib/jvm/java-8-openjdk/jre/lib/rt.jar]
[Loaded java.util.concurrent.ConcurrentSkipListMap$Index from /usr/lib/jvm/java-8-openjdk/jre/lib/rt.jar]
[Loaded java.util.concurrent.ConcurrentSkipListMap$HeadIndex from /usr/lib/jvm/java-8-openjdk/jre/lib/rt.jar]
[Loaded java.util.concurrent.ConcurrentSkipListMap$KeySet from /usr/lib/jvm/java-8-openjdk/jre/lib/rt.jar]
[Loaded java.util.concurrent.ConcurrentSkipListMap$EntrySet from /usr/lib/jvm/java-8-openjdk/jre/lib/rt.jar]
[Loaded java.util.concurrent.ConcurrentSkipListMap$Values from /usr/lib/jvm/java-8-openjdk/jre/lib/rt.jar]
[Loaded sun.nio.ch.Interruptible from /usr/lib/jvm/java-8-openjdk/jre/lib/rt.jar]
[Loaded java.util.concurrent.ConcurrentSkipListMap$Node from /usr/lib/jvm/java-8-openjdk/jre/lib/rt.jar]
[Loaded java.net.InetAddressImplFactory from /usr/lib/jvm/java-8-openjdk/jre/lib/rt.jar]
[Loaded java.net.InetAddressImpl from /usr/lib/jvm/java-8-openjdk/jre/lib/rt.jar]
[Loaded java.net.Inet6AddressImpl from /usr/lib/jvm/java-8-openjdk/jre/lib/rt.jar]
[Loaded sun.net.spi.nameservice.NameService from /usr/lib/jvm/java-8-openjdk/jre/lib/rt.jar]
[Loaded java.net.InetAddress$2 from /usr/lib/jvm/java-8-openjdk/jre/lib/rt.jar]
[Loaded java.net.InetAddress$CachedLocalHost from /usr/lib/jvm/java-8-openjdk/jre/lib/rt.jar]
[Loaded java.net.Inet4Address from /usr/lib/jvm/java-8-openjdk/jre/lib/rt.jar]
[Loaded java.net.Inet6Address from /usr/lib/jvm/java-8-openjdk/jre/lib/rt.jar]
[Loaded java.net.Inet6Address$Inet6AddressHolder from /usr/lib/jvm/java-8-openjdk/jre/lib/rt.jar]
[Loaded sun.nio.ch.NativeThreadSet from /usr/lib/jvm/java-8-openjdk/jre/lib/rt.jar]
[Loaded sun.nio.ch.NativeDispatcher from /usr/lib/jvm/java-8-openjdk/jre/lib/rt.jar]
[Loaded sun.nio.ch.FileDispatcher from /usr/lib/jvm/java-8-openjdk/jre/lib/rt.jar]
[Loaded sun.nio.ch.FileDispatcherImpl from /usr/lib/jvm/java-8-openjdk/jre/lib/rt.jar]
[Loaded java.nio.channels.FileLock from /usr/lib/jvm/java-8-openjdk/jre/lib/rt.jar]
[Loaded sun.nio.ch.FileLockImpl from /usr/lib/jvm/java-8-openjdk/jre/lib/rt.jar]
[Loaded sun.nio.ch.NativeThread from /usr/lib/jvm/java-8-openjdk/jre/lib/rt.jar]
[Loaded sun.nio.ch.FileLockTable from /usr/lib/jvm/java-8-openjdk/jre/lib/rt.jar]
[Loaded sun.nio.ch.SharedFileLockTable from /usr/lib/jvm/java-8-openjdk/jre/lib/rt.jar]
[Loaded sun.nio.ch.FileKey from /usr/lib/jvm/java-8-openjdk/jre/lib/rt.jar]
[Loaded sun.nio.ch.SharedFileLockTable$FileLockReference from /usr/lib/jvm/java-8-openjdk/jre/lib/rt.jar]
[Loaded java.util.logging.FileHandler$MeteredStream from /usr/lib/jvm/java-8-openjdk/jre/lib/rt.jar]
[Loaded java.util.logging.LogRecord from /usr/lib/jvm/java-8-openjdk/jre/lib/rt.jar]
[Loaded java.text.Format$FieldDelegate from /usr/lib/jvm/java-8-openjdk/jre/lib/rt.jar]
[Loaded java.text.FieldPosition$Delegate from /usr/lib/jvm/java-8-openjdk/jre/lib/rt.jar]
2026-09-10 09:59:36 [INFO] Starting minecraft server version Beta 1.7.3
2026-09-10 09:59:36 [WARNING] **** NOT ENOUGH RAM!
2026-09-10 09:59:36 [WARNING] To start the server with more ram, launch it as "java -Xmx1024M -Xms1024M -jar minecraft_server.jar"
2026-09-10 09:59:36 [INFO] Loading properties
[Loaded net.minecraft.src.PropertyManager from file:/home/tnazep/My%20Stuff/Dev/MC-Origins/build/libs/Minecraft-server.jar]
[Loaded sun.nio.cs.ISO_8859_1$Encoder from /usr/lib/jvm/java-8-openjdk/jre/lib/rt.jar]
[Loaded sun.nio.cs.Surrogate$Parser from /usr/lib/jvm/java-8-openjdk/jre/lib/rt.jar]
[Loaded sun.nio.cs.Surrogate from /usr/lib/jvm/java-8-openjdk/jre/lib/rt.jar]
[Loaded sun.util.locale.provider.TimeZoneNameUtility from /usr/lib/jvm/java-8-openjdk/jre/lib/rt.jar]
[Loaded sun.util.locale.provider.TimeZoneNameProviderImpl from /usr/lib/jvm/java-8-openjdk/jre/lib/rt.jar]
[Loaded sun.util.locale.provider.TimeZoneNameUtility$TimeZoneNameGetter from /usr/lib/jvm/java-8-openjdk/jre/lib/rt.jar]
[Loaded sun.util.resources.TimeZoneNamesBundle from /usr/lib/jvm/java-8-openjdk/jre/lib/rt.jar]
[Loaded sun.util.resources.TimeZoneNames from /usr/lib/jvm/java-8-openjdk/jre/lib/rt.jar]
[Loaded sun.util.resources.en.TimeZoneNames_en from /usr/lib/jvm/java-8-openjdk/jre/lib/rt.jar]
[Loaded java.util.LinkedHashMap$LinkedKeySet from /usr/lib/jvm/java-8-openjdk/jre/lib/rt.jar]
2026-09-10 09:59:36 [INFO] Starting Minecraft server on 127.0.0.1:51431
[Loaded net.minecraft.src.NetworkListenThread from file:/home/tnazep/My%20Stuff/Dev/MC-Origins/build/libs/Minecraft-server.jar]
[Loaded net.minecraft.src.NetworkAcceptThread from file:/home/tnazep/My%20Stuff/Dev/MC-Origins/build/libs/Minecraft-server.jar]
[Loaded java.net.ServerSocket from /usr/lib/jvm/java-8-openjdk/jre/lib/rt.jar]
[Loaded java.net.SocksConsts from /usr/lib/jvm/java-8-openjdk/jre/lib/rt.jar]
[Loaded java.net.SocketOptions from /usr/lib/jvm/java-8-openjdk/jre/lib/rt.jar]
[Loaded java.net.SocketImpl from /usr/lib/jvm/java-8-openjdk/jre/lib/rt.jar]
[Loaded java.net.AbstractPlainSocketImpl from /usr/lib/jvm/java-8-openjdk/jre/lib/rt.jar]
[Loaded java.net.PlainSocketImpl from /usr/lib/jvm/java-8-openjdk/jre/lib/rt.jar]
[Loaded java.net.SocksSocketImpl from /usr/lib/jvm/java-8-openjdk/jre/lib/rt.jar]
[Loaded java.net.AbstractPlainSocketImpl$1 from /usr/lib/jvm/java-8-openjdk/jre/lib/rt.jar]
[Loaded java.net.SocketAddress from /usr/lib/jvm/java-8-openjdk/jre/lib/rt.jar]
[Loaded java.net.InetSocketAddress from /usr/lib/jvm/java-8-openjdk/jre/lib/rt.jar]
[Loaded java.net.InetSocketAddress$InetSocketAddressHolder from /usr/lib/jvm/java-8-openjdk/jre/lib/rt.jar]
[Loaded java.net.SocketException from /usr/lib/jvm/java-8-openjdk/jre/lib/rt.jar]
[Loaded sun.net.NetHooks from /usr/lib/jvm/java-8-openjdk/jre/lib/rt.jar]
[Loaded sun.net.NetHooks$Provider from /usr/lib/jvm/java-8-openjdk/jre/lib/rt.jar]
[Loaded sun.net.sdp.SdpProvider from /usr/lib/jvm/java-8-openjdk/jre/lib/rt.jar]
2026-09-10 09:59:36 [WARNING] **** SERVER IS RUNNING IN OFFLINE/INSECURE MODE!
2026-09-10 09:59:36 [WARNING] The server will make no attempt to authenticate usernames. Beware.
2026-09-10 09:59:36 [WARNING] While this makes the game possible to play without internet access, it also opens up the ability for hackers to connect with any username they choose.
[Loaded java.net.Socket from /usr/lib/jvm/java-8-openjdk/jre/lib/rt.jar]
2026-09-10 09:59:36 [WARNING] To change this, set "online-mode" to "true" in the server.settings file.
[Loaded net.minecraft.src.ServerConfigurationManager from file:/home/tnazep/My%20Stuff/Dev/MC-Origins/build/libs/Minecraft-server.jar]
[Loaded net.minecraft.src.ICrafting from file:/home/tnazep/My%20Stuff/Dev/MC-Origins/build/libs/Minecraft-server.jar]
[Loaded net.minecraft.src.EntityPlayerMP from file:/home/tnazep/My%20Stuff/Dev/MC-Origins/build/libs/Minecraft-server.jar]
[Loaded net.minecraft.src.Packet70Bed from file:/home/tnazep/My%20Stuff/Dev/MC-Origins/build/libs/Minecraft-server.jar]
[Loaded net.minecraft.src.Packet9Respawn from file:/home/tnazep/My%20Stuff/Dev/MC-Origins/build/libs/Minecraft-server.jar]
[Loaded java.io.FileWriter from /usr/lib/jvm/java-8-openjdk/jre/lib/rt.jar]
[Loaded net.minecraft.src.PlayerManager from file:/home/tnazep/My%20Stuff/Dev/MC-Origins/build/libs/Minecraft-server.jar]
[Loaded net.minecraft.src.PlayerHash from file:/home/tnazep/My%20Stuff/Dev/MC-Origins/build/libs/Minecraft-server.jar]
[Loaded net.minecraft.src.PlayerHashEntry from file:/home/tnazep/My%20Stuff/Dev/MC-Origins/build/libs/Minecraft-server.jar]
2026-09-10 09:59:36 [WARNING] Failed to load ban list: java.io.FileNotFoundException: banned-players.txt (No such file or directory)
2026-09-10 09:59:36 [WARNING] Failed to load ip ban list: java.io.FileNotFoundException: banned-ips.txt (No such file or directory)
2026-09-10 09:59:36 [WARNING] Failed to load ip ban list: java.io.FileNotFoundException: ops.txt (No such file or directory)
2026-09-10 09:59:36 [WARNING] Failed to load white-list: java.io.FileNotFoundException: white-list.txt (No such file or directory)
[Loaded java.io.PrintWriter from /usr/lib/jvm/java-8-openjdk/jre/lib/rt.jar]
[Loaded java.io.FileOutputStream$1 from /usr/lib/jvm/java-8-openjdk/jre/lib/rt.jar]
[Loaded java.lang.IllegalStateException from /usr/lib/jvm/java-8-openjdk/jre/lib/rt.jar]
[Loaded net.minecraft.src.MCHash from file:/home/tnazep/My%20Stuff/Dev/MC-Origins/build/libs/Minecraft-server.jar]
[Loaded net.minecraft.src.MCHashEntry from file:/home/tnazep/My%20Stuff/Dev/MC-Origins/build/libs/Minecraft-server.jar]
2026-09-10 09:59:36 [INFO] Preparing level "smoke-world"
[Loaded net.minecraft.src.SaveFormatOld from file:/home/tnazep/My%20Stuff/Dev/MC-Origins/build/libs/Minecraft-server.jar]
[Loaded net.minecraft.src.SaveConverterMcRegion from file:/home/tnazep/My%20Stuff/Dev/MC-Origins/build/libs/Minecraft-server.jar]
[Loaded java.io.FileFilter from /usr/lib/jvm/java-8-openjdk/jre/lib/rt.jar]
[Loaded java.io.FilenameFilter from /usr/lib/jvm/java-8-openjdk/jre/lib/rt.jar]
[Loaded java.util.zip.GZIPInputStream from /usr/lib/jvm/java-8-openjdk/jre/lib/rt.jar]
[Loaded net.minecraft.src.IPlayerFileData from file:/home/tnazep/My%20Stuff/Dev/MC-Origins/build/libs/Minecraft-server.jar]
[Loaded net.minecraft.src.PlayerNBTManager from file:/home/tnazep/My%20Stuff/Dev/MC-Origins/build/libs/Minecraft-server.jar]
[Loaded net.minecraft.src.SaveOldDir from file:/home/tnazep/My%20Stuff/Dev/MC-Origins/build/libs/Minecraft-server.jar]
[Loaded net.minecraft.src.IChunkLoader from file:/home/tnazep/My%20Stuff/Dev/MC-Origins/build/libs/Minecraft-server.jar]
[Loaded net.minecraft.src.MinecraftException from file:/home/tnazep/My%20Stuff/Dev/MC-Origins/build/libs/Minecraft-server.jar]
[Loaded net.minecraft.src.NBTBase from file:/home/tnazep/My%20Stuff/Dev/MC-Origins/build/libs/Minecraft-server.jar]
[Loaded net.minecraft.src.NBTTagCompound from file:/home/tnazep/My%20Stuff/Dev/MC-Origins/build/libs/Minecraft-server.jar]
[Loaded java.io.DataOutput from /usr/lib/jvm/java-8-openjdk/jre/lib/rt.jar]
[Loaded java.io.DataOutputStream from /usr/lib/jvm/java-8-openjdk/jre/lib/rt.jar]
[Loaded net.minecraft.src.IChunkProvider from file:/home/tnazep/My%20Stuff/Dev/MC-Origins/build/libs/Minecraft-server.jar]
[Loaded net.minecraft.src.EntityWeatherEffect from file:/home/tnazep/My%20Stuff/Dev/MC-Origins/build/libs/Minecraft-server.jar]
[Loaded net.minecraft.src.EntityLightningBolt from file:/home/tnazep/My%20Stuff/Dev/MC-Origins/build/libs/Minecraft-server.jar]
[Loaded net.minecraft.src.Packet71Weather from file:/home/tnazep/My%20Stuff/Dev/MC-Origins/build/libs/Minecraft-server.jar]
[Loaded net.minecraft.src.Packet38EntityStatus from file:/home/tnazep/My%20Stuff/Dev/MC-Origins/build/libs/Minecraft-server.jar]
[Loaded net.minecraft.src.Packet60Explosion from file:/home/tnazep/My%20Stuff/Dev/MC-Origins/build/libs/Minecraft-server.jar]
[Loaded net.minecraft.src.Packet54PlayNoteBlock from file:/home/tnazep/My%20Stuff/Dev/MC-Origins/build/libs/Minecraft-server.jar]
[Loaded net.minecraft.src.WorldProvider from file:/home/tnazep/My%20Stuff/Dev/MC-Origins/build/libs/Minecraft-server.jar]
[Loaded net.minecraft.src.WorldProviderHell from file:/home/tnazep/My%20Stuff/Dev/MC-Origins/build/libs/Minecraft-server.jar]
[Loaded net.minecraft.src.WorldProviderSurface from file:/home/tnazep/My%20Stuff/Dev/MC-Origins/build/libs/Minecraft-server.jar]
[Loaded net.minecraft.src.WorldProviderSky from file:/home/tnazep/My%20Stuff/Dev/MC-Origins/build/libs/Minecraft-server.jar]
[Loaded java.util.TreeSet from /usr/lib/jvm/java-8-openjdk/jre/lib/rt.jar]
[Loaded java.util.TreeMap from /usr/lib/jvm/java-8-openjdk/jre/lib/rt.jar]
[Loaded net.minecraft.src.MapStorage from file:/home/tnazep/My%20Stuff/Dev/MC-Origins/build/libs/Minecraft-server.jar]
[Loaded net.minecraft.src.WorldInfo from file:/home/tnazep/My%20Stuff/Dev/MC-Origins/build/libs/Minecraft-server.jar]
[Loaded net.minecraft.src.WorldChunkManager from file:/home/tnazep/My%20Stuff/Dev/MC-Origins/build/libs/Minecraft-server.jar]
[Loaded net.minecraft.src.NoiseGenerator from file:/home/tnazep/My%20Stuff/Dev/MC-Origins/build/libs/Minecraft-server.jar]
[Loaded net.minecraft.src.NoiseGeneratorOctaves2 from file:/home/tnazep/My%20Stuff/Dev/MC-Origins/build/libs/Minecraft-server.jar]
[Loaded net.minecraft.src.NoiseGenerator2 from file:/home/tnazep/My%20Stuff/Dev/MC-Origins/build/libs/Minecraft-server.jar]
[Loaded net.minecraft.src.McRegionChunkLoader from file:/home/tnazep/My%20Stuff/Dev/MC-Origins/build/libs/Minecraft-server.jar]
[Loaded net.minecraft.src.ChunkProviderServer from file:/home/tnazep/My%20Stuff/Dev/MC-Origins/build/libs/Minecraft-server.jar]
[Loaded net.minecraft.src.Chunk from file:/home/tnazep/My%20Stuff/Dev/MC-Origins/build/libs/Minecraft-server.jar]
[Loaded net.minecraft.src.EmptyChunk from file:/home/tnazep/My%20Stuff/Dev/MC-Origins/build/libs/Minecraft-server.jar]
[Loaded net.minecraft.src.ChunkProviderGenerate from file:/home/tnazep/My%20Stuff/Dev/MC-Origins/build/libs/Minecraft-server.jar]
[Loaded net.minecraft.src.MapGenBase from file:/home/tnazep/My%20Stuff/Dev/MC-Origins/build/libs/Minecraft-server.jar]
[Loaded net.minecraft.src.MapGenCaves from file:/home/tnazep/My%20Stuff/Dev/MC-Origins/build/libs/Minecraft-server.jar]
[Loaded net.minecraft.src.NoiseGeneratorOctaves from file:/home/tnazep/My%20Stuff/Dev/MC-Origins/build/libs/Minecraft-server.jar]
[Loaded net.minecraft.src.NoiseGeneratorPerlin from file:/home/tnazep/My%20Stuff/Dev/MC-Origins/build/libs/Minecraft-server.jar]
[Loaded net.minecraft.src.NibbleArray from file:/home/tnazep/My%20Stuff/Dev/MC-Origins/build/libs/Minecraft-server.jar]
[Loaded net.minecraft.src.ChunkCoordIntPair from file:/home/tnazep/My%20Stuff/Dev/MC-Origins/build/libs/Minecraft-server.jar]
[Loaded net.minecraft.src.RegionFileCache from file:/home/tnazep/My%20Stuff/Dev/MC-Origins/build/libs/Minecraft-server.jar]
[Loaded net.minecraft.src.RegionFile from file:/home/tnazep/My%20Stuff/Dev/MC-Origins/build/libs/Minecraft-server.jar]
[Loaded net.minecraft.src.RegionFileChunkBuffer from file:/home/tnazep/My%20Stuff/Dev/MC-Origins/build/libs/Minecraft-server.jar]
[Loaded java.util.zip.DeflaterOutputStream from /usr/lib/jvm/java-8-openjdk/jre/lib/rt.jar]
[Loaded java.io.RandomAccessFile from /usr/lib/jvm/java-8-openjdk/jre/lib/rt.jar]
[Loaded net.minecraft.src.BiomeGenBase from file:/home/tnazep/My%20Stuff/Dev/MC-Origins/build/libs/Minecraft-server.jar]
[Loaded net.minecraft.src.WorldGenerator from file:/home/tnazep/My%20Stuff/Dev/MC-Origins/build/libs/Minecraft-server.jar]
[Loaded net.minecraft.src.WorldGenBigTree from file:/home/tnazep/My%20Stuff/Dev/MC-Origins/build/libs/Minecraft-server.jar]
[Loaded net.minecraft.src.WorldGenTrees from file:/home/tnazep/My%20Stuff/Dev/MC-Origins/build/libs/Minecraft-server.jar]
[Loaded net.minecraft.src.BiomeGenRainforest from file:/home/tnazep/My%20Stuff/Dev/MC-Origins/build/libs/Minecraft-server.jar]
[Loaded net.minecraft.src.SpawnListEntry from file:/home/tnazep/My%20Stuff/Dev/MC-Origins/build/libs/Minecraft-server.jar]
[Loaded net.minecraft.src.IAnimals from file:/home/tnazep/My%20Stuff/Dev/MC-Origins/build/libs/Minecraft-server.jar]
[Loaded net.minecraft.src.IMob from file:/home/tnazep/My%20Stuff/Dev/MC-Origins/build/libs/Minecraft-server.jar]
[Loaded net.minecraft.src.EntityCreature from file:/home/tnazep/My%20Stuff/Dev/MC-Origins/build/libs/Minecraft-server.jar]
[Loaded net.minecraft.src.EntityMob from file:/home/tnazep/My%20Stuff/Dev/MC-Origins/build/libs/Minecraft-server.jar]
[Loaded net.minecraft.src.EntitySpider from file:/home/tnazep/My%20Stuff/Dev/MC-Origins/build/libs/Minecraft-server.jar]
[Loaded net.minecraft.src.EntityZombie from file:/home/tnazep/My%20Stuff/Dev/MC-Origins/build/libs/Minecraft-server.jar]
[Loaded net.minecraft.src.EntitySkeleton from file:/home/tnazep/My%20Stuff/Dev/MC-Origins/build/libs/Minecraft-server.jar]
[Loaded net.minecraft.src.EntityCreeper from file:/home/tnazep/My%20Stuff/Dev/MC-Origins/build/libs/Minecraft-server.jar]
[Loaded net.minecraft.src.EntitySlime from file:/home/tnazep/My%20Stuff/Dev/MC-Origins/build/libs/Minecraft-server.jar]
[Loaded net.minecraft.src.EntityAnimal from file:/home/tnazep/My%20Stuff/Dev/MC-Origins/build/libs/Minecraft-server.jar]
[Loaded net.minecraft.src.EntitySheep from file:/home/tnazep/My%20Stuff/Dev/MC-Origins/build/libs/Minecraft-server.jar]
[Loaded net.minecraft.src.EntityPig from file:/home/tnazep/My%20Stuff/Dev/MC-Origins/build/libs/Minecraft-server.jar]
[Loaded net.minecraft.src.EntityChicken from file:/home/tnazep/My%20Stuff/Dev/MC-Origins/build/libs/Minecraft-server.jar]
[Loaded net.minecraft.src.EntityCow from file:/home/tnazep/My%20Stuff/Dev/MC-Origins/build/libs/Minecraft-server.jar]
[Loaded net.minecraft.src.EntityWaterMob from file:/home/tnazep/My%20Stuff/Dev/MC-Origins/build/libs/Minecraft-server.jar]
[Loaded net.minecraft.src.EntitySquid from file:/home/tnazep/My%20Stuff/Dev/MC-Origins/build/libs/Minecraft-server.jar]
[Loaded net.minecraft.src.BiomeGenSwamp from file:/home/tnazep/My%20Stuff/Dev/MC-Origins/build/libs/Minecraft-server.jar]
[Loaded net.minecraft.src.BiomeGenForest from file:/home/tnazep/My%20Stuff/Dev/MC-Origins/build/libs/Minecraft-server.jar]
[Loaded net.minecraft.src.WorldGenForest from file:/home/tnazep/My%20Stuff/Dev/MC-Origins/build/libs/Minecraft-server.jar]
[Loaded net.minecraft.src.EntityWolf from file:/home/tnazep/My%20Stuff/Dev/MC-Origins/build/libs/Minecraft-server.jar]
[Loaded net.minecraft.src.BiomeGenDesert from file:/home/tnazep/My%20Stuff/Dev/MC-Origins/build/libs/Minecraft-server.jar]
[Loaded net.minecraft.src.BiomeGenTaiga from file:/home/tnazep/My%20Stuff/Dev/MC-Origins/build/libs/Minecraft-server.jar]
[Loaded net.minecraft.src.WorldGenTaiga1 from file:/home/tnazep/My%20Stuff/Dev/MC-Origins/build/libs/Minecraft-server.jar]
[Loaded net.minecraft.src.WorldGenTaiga2 from file:/home/tnazep/My%20Stuff/Dev/MC-Origins/build/libs/Minecraft-server.jar]
[Loaded net.minecraft.src.BiomeGenHell from file:/home/tnazep/My%20Stuff/Dev/MC-Origins/build/libs/Minecraft-server.jar]
[Loaded net.minecraft.src.EntityFlying from file:/home/tnazep/My%20Stuff/Dev/MC-Origins/build/libs/Minecraft-server.jar]
[Loaded net.minecraft.src.EntityGhast from file:/home/tnazep/My%20Stuff/Dev/MC-Origins/build/libs/Minecraft-server.jar]
[Loaded net.minecraft.src.EntityPigZombie from file:/home/tnazep/My%20Stuff/Dev/MC-Origins/build/libs/Minecraft-server.jar]
[Loaded net.minecraft.src.BiomeGenSky from file:/home/tnazep/My%20Stuff/Dev/MC-Origins/build/libs/Minecraft-server.jar]
[Loaded net.minecraft.src.MathHelper from file:/home/tnazep/My%20Stuff/Dev/MC-Origins/build/libs/Minecraft-server.jar]
[Loaded net.minecraft.src.EnumSkyBlock from file:/home/tnazep/My%20Stuff/Dev/MC-Origins/build/libs/Minecraft-server.jar]
[Loaded net.minecraft.src.WorldManager from file:/home/tnazep/My%20Stuff/Dev/MC-Origins/build/libs/Minecraft-server.jar]
[Loaded net.minecraft.src.Packet61DoorChange from file:/home/tnazep/My%20Stuff/Dev/MC-Origins/build/libs/Minecraft-server.jar]
[Loaded net.minecraft.src.WorldServerMulti from file:/home/tnazep/My%20Stuff/Dev/MC-Origins/build/libs/Minecraft-server.jar]
[Loaded net.minecraft.src.WorldChunkManagerHell from file:/home/tnazep/My%20Stuff/Dev/MC-Origins/build/libs/Minecraft-server.jar]
[Loaded net.minecraft.src.ChunkProviderHell from file:/home/tnazep/My%20Stuff/Dev/MC-Origins/build/libs/Minecraft-server.jar]
[Loaded net.minecraft.src.MapGenCavesHell from file:/home/tnazep/My%20Stuff/Dev/MC-Origins/build/libs/Minecraft-server.jar]
2026-09-10 09:59:36 [INFO] Preparing start region for level 0
[Loaded net.minecraft.src.ChunkCoordinates from file:/home/tnazep/My%20Stuff/Dev/MC-Origins/build/libs/Minecraft-server.jar]
[Loaded net.minecraft.src.WorldGenLakes from file:/home/tnazep/My%20Stuff/Dev/MC-Origins/build/libs/Minecraft-server.jar]
[Loaded net.minecraft.src.MetadataChunkBlock from file:/home/tnazep/My%20Stuff/Dev/MC-Origins/build/libs/Minecraft-server.jar]
[Loaded net.minecraft.src.WorldGenDungeons from file:/home/tnazep/My%20Stuff/Dev/MC-Origins/build/libs/Minecraft-server.jar]
[Loaded net.minecraft.src.WorldGenClay from file:/home/tnazep/My%20Stuff/Dev/MC-Origins/build/libs/Minecraft-server.jar]
[Loaded net.minecraft.src.WorldGenMinable from file:/home/tnazep/My%20Stuff/Dev/MC-Origins/build/libs/Minecraft-server.jar]
[Loaded net.minecraft.src.NextTickListEntry from file:/home/tnazep/My%20Stuff/Dev/MC-Origins/build/libs/Minecraft-server.jar]
[Loaded java.util.TreeMap$Entry from /usr/lib/jvm/java-8-openjdk/jre/lib/rt.jar]
[Loaded net.minecraft.src.WorldGenFlowers from file:/home/tnazep/My%20Stuff/Dev/MC-Origins/build/libs/Minecraft-server.jar]
[Loaded net.minecraft.src.WorldGenTallGrass from file:/home/tnazep/My%20Stuff/Dev/MC-Origins/build/libs/Minecraft-server.jar]
[Loaded net.minecraft.src.WorldGenReed from file:/home/tnazep/My%20Stuff/Dev/MC-Origins/build/libs/Minecraft-server.jar]
[Loaded net.minecraft.src.WorldGenLiquids from file:/home/tnazep/My%20Stuff/Dev/MC-Origins/build/libs/Minecraft-server.jar]
[Loaded java.lang.Math$RandomNumberGeneratorHolder from /usr/lib/jvm/java-8-openjdk/jre/lib/rt.jar]
[Loaded net.minecraft.src.WorldGenDeadBush from file:/home/tnazep/My%20Stuff/Dev/MC-Origins/build/libs/Minecraft-server.jar]
[Loaded net.minecraft.src.WorldGenCactus from file:/home/tnazep/My%20Stuff/Dev/MC-Origins/build/libs/Minecraft-server.jar]
[Loaded net.minecraft.src.PlayerInstance from file:/home/tnazep/My%20Stuff/Dev/MC-Origins/build/libs/Minecraft-server.jar]
[Loaded net.minecraft.src.WorldGenPumpkin from file:/home/tnazep/My%20Stuff/Dev/MC-Origins/build/libs/Minecraft-server.jar]
[Loaded net.minecraft.src.NBTTagList from file:/home/tnazep/My%20Stuff/Dev/MC-Origins/build/libs/Minecraft-server.jar]
[Loaded net.minecraft.src.ChunkPosition from file:/home/tnazep/My%20Stuff/Dev/MC-Origins/build/libs/Minecraft-server.jar]
[Loaded sun.reflect.generics.parser.SignatureParser from /usr/lib/jvm/java-8-openjdk/jre/lib/rt.jar]
[Loaded sun.reflect.generics.tree.Tree from /usr/lib/jvm/java-8-openjdk/jre/lib/rt.jar]
[Loaded sun.reflect.generics.tree.TypeTree from /usr/lib/jvm/java-8-openjdk/jre/lib/rt.jar]
[Loaded sun.reflect.generics.tree.FormalTypeParameter from /usr/lib/jvm/java-8-openjdk/jre/lib/rt.jar]
[Loaded sun.reflect.generics.tree.TypeArgument from /usr/lib/jvm/java-8-openjdk/jre/lib/rt.jar]
[Loaded sun.reflect.generics.tree.ReturnType from /usr/lib/jvm/java-8-openjdk/jre/lib/rt.jar]
[Loaded sun.reflect.generics.tree.TypeSignature from /usr/lib/jvm/java-8-openjdk/jre/lib/rt.jar]
[Loaded sun.reflect.generics.tree.BaseType from /usr/lib/jvm/java-8-openjdk/jre/lib/rt.jar]
[Loaded sun.reflect.generics.tree.FieldTypeSignature from /usr/lib/jvm/java-8-openjdk/jre/lib/rt.jar]
[Loaded sun.reflect.generics.tree.SimpleClassTypeSignature from /usr/lib/jvm/java-8-openjdk/jre/lib/rt.jar]
[Loaded sun.reflect.generics.tree.ClassTypeSignature from /usr/lib/jvm/java-8-openjdk/jre/lib/rt.jar]
[Loaded sun.reflect.generics.tree.Signature from /usr/lib/jvm/java-8-openjdk/jre/lib/rt.jar]
[Loaded sun.reflect.generics.tree.ClassSignature from /usr/lib/jvm/java-8-openjdk/jre/lib/rt.jar]
[Loaded java.lang.reflect.ParameterizedType from /usr/lib/jvm/java-8-openjdk/jre/lib/rt.jar]
2026-09-10 09:59:37 [INFO] Preparing spawn area: 36%
2026-09-10 09:59:38 [INFO] Preparing spawn area: 60%
2026-09-10 09:59:39 [INFO] Preparing spawn area: 89%
2026-09-10 09:59:39 [INFO] Preparing start region for level 1
[Loaded net.minecraft.src.WorldGenHellLava from file:/home/tnazep/My%20Stuff/Dev/MC-Origins/build/libs/Minecraft-server.jar]
[Loaded net.minecraft.src.WorldGenFire from file:/home/tnazep/My%20Stuff/Dev/MC-Origins/build/libs/Minecraft-server.jar]
[Loaded net.minecraft.src.WorldGenGlowStone1 from file:/home/tnazep/My%20Stuff/Dev/MC-Origins/build/libs/Minecraft-server.jar]
[Loaded net.minecraft.src.WorldGenGlowStone2 from file:/home/tnazep/My%20Stuff/Dev/MC-Origins/build/libs/Minecraft-server.jar]
2026-09-10 09:59:40 [INFO] Preparing spawn area: 8%
2026-09-10 09:59:41 [INFO] Preparing spawn area: 20%
2026-09-10 09:59:42 [INFO] Preparing spawn area: 32%
2026-09-10 09:59:43 [INFO] Preparing spawn area: 48%
2026-09-10 09:59:44 [INFO] Preparing spawn area: 52%
2026-09-10 09:59:45 [INFO] Preparing spawn area: 65%
2026-09-10 09:59:46 [INFO] Preparing spawn area: 77%
2026-09-10 09:59:47 [INFO] Preparing spawn area: 85%
2026-09-10 09:59:48 [INFO] Preparing spawn area: 93%
2026-09-10 09:59:49 [INFO] Preparing spawn area: 97%
2026-09-10 09:59:49 [INFO] Done (13602692642ns)! For help, type "help" or "?"
[Loaded net.minecraft.src.NetHandler from file:/home/tnazep/My%20Stuff/Dev/MC-Origins/build/libs/Minecraft-server.jar]
[Loaded net.minecraft.src.NetLoginHandler from file:/home/tnazep/My%20Stuff/Dev/MC-Origins/build/libs/Minecraft-server.jar]
[Loaded net.minecraft.src.Packet255KickDisconnect from file:/home/tnazep/My%20Stuff/Dev/MC-Origins/build/libs/Minecraft-server.jar]
[Loaded net.minecraft.src.Packet2Handshake from file:/home/tnazep/My%20Stuff/Dev/MC-Origins/build/libs/Minecraft-server.jar]
[Loaded net.minecraft.src.Packet1Login from file:/home/tnazep/My%20Stuff/Dev/MC-Origins/build/libs/Minecraft-server.jar]
[Loaded net.minecraft.src.Packet14BlockDig from file:/home/tnazep/My%20Stuff/Dev/MC-Origins/build/libs/Minecraft-server.jar]
[Loaded net.minecraft.src.Packet50PreChunk from file:/home/tnazep/My%20Stuff/Dev/MC-Origins/build/libs/Minecraft-server.jar]
[Loaded net.minecraft.src.Packet10Flying from file:/home/tnazep/My%20Stuff/Dev/MC-Origins/build/libs/Minecraft-server.jar]
[Loaded net.minecraft.src.Packet52MultiBlockChange from file:/home/tnazep/My%20Stuff/Dev/MC-Origins/build/libs/Minecraft-server.jar]
[Loaded net.minecraft.src.Packet53BlockChange from file:/home/tnazep/My%20Stuff/Dev/MC-Origins/build/libs/Minecraft-server.jar]
[Loaded net.minecraft.src.Packet20NamedEntitySpawn from file:/home/tnazep/My%20Stuff/Dev/MC-Origins/build/libs/Minecraft-server.jar]
[Loaded net.minecraft.src.Packet30Entity from file:/home/tnazep/My%20Stuff/Dev/MC-Origins/build/libs/Minecraft-server.jar]
[Loaded net.minecraft.src.Packet34EntityTeleport from file:/home/tnazep/My%20Stuff/Dev/MC-Origins/build/libs/Minecraft-server.jar]
[Loaded net.minecraft.src.Packet15Place from file:/home/tnazep/My%20Stuff/Dev/MC-Origins/build/libs/Minecraft-server.jar]
[Loaded net.minecraft.src.Packet16BlockItemSwitch from file:/home/tnazep/My%20Stuff/Dev/MC-Origins/build/libs/Minecraft-server.jar]
[Loaded net.minecraft.src.Packet29DestroyEntity from file:/home/tnazep/My%20Stuff/Dev/MC-Origins/build/libs/Minecraft-server.jar]
[Loaded net.minecraft.src.Packet21PickupSpawn from file:/home/tnazep/My%20Stuff/Dev/MC-Origins/build/libs/Minecraft-server.jar]
[Loaded net.minecraft.src.Packet22Collect from file:/home/tnazep/My%20Stuff/Dev/MC-Origins/build/libs/Minecraft-server.jar]
[Loaded net.minecraft.src.Packet23VehicleSpawn from file:/home/tnazep/My%20Stuff/Dev/MC-Origins/build/libs/Minecraft-server.jar]
[Loaded net.minecraft.src.Packet18Animation from file:/home/tnazep/My%20Stuff/Dev/MC-Origins/build/libs/Minecraft-server.jar]
[Loaded net.minecraft.src.Packet19EntityAction from file:/home/tnazep/My%20Stuff/Dev/MC-Origins/build/libs/Minecraft-server.jar]
[Loaded net.minecraft.src.Packet24MobSpawn from file:/home/tnazep/My%20Stuff/Dev/MC-Origins/build/libs/Minecraft-server.jar]
[Loaded net.minecraft.src.Packet6SpawnPosition from file:/home/tnazep/My%20Stuff/Dev/MC-Origins/build/libs/Minecraft-server.jar]
[Loaded net.minecraft.src.Packet28EntityVelocity from file:/home/tnazep/My%20Stuff/Dev/MC-Origins/build/libs/Minecraft-server.jar]
[Loaded net.minecraft.src.Packet40EntityMetadata from file:/home/tnazep/My%20Stuff/Dev/MC-Origins/build/libs/Minecraft-server.jar]
[Loaded net.minecraft.src.Packet39AttachEntity from file:/home/tnazep/My%20Stuff/Dev/MC-Origins/build/libs/Minecraft-server.jar]
[Loaded net.minecraft.src.Packet7UseEntity from file:/home/tnazep/My%20Stuff/Dev/MC-Origins/build/libs/Minecraft-server.jar]
[Loaded net.minecraft.src.Packet8UpdateHealth from file:/home/tnazep/My%20Stuff/Dev/MC-Origins/build/libs/Minecraft-server.jar]
[Loaded net.minecraft.src.Packet100OpenWindow from file:/home/tnazep/My%20Stuff/Dev/MC-Origins/build/libs/Minecraft-server.jar]
[Loaded net.minecraft.src.Packet101CloseWindow from file:/home/tnazep/My%20Stuff/Dev/MC-Origins/build/libs/Minecraft-server.jar]
[Loaded net.minecraft.src.Packet102WindowClick from file:/home/tnazep/My%20Stuff/Dev/MC-Origins/build/libs/Minecraft-server.jar]
[Loaded net.minecraft.src.Packet103SetSlot from file:/home/tnazep/My%20Stuff/Dev/MC-Origins/build/libs/Minecraft-server.jar]
[Loaded net.minecraft.src.Packet104WindowItems from file:/home/tnazep/My%20Stuff/Dev/MC-Origins/build/libs/Minecraft-server.jar]
[Loaded net.minecraft.src.Packet130UpdateSign from file:/home/tnazep/My%20Stuff/Dev/MC-Origins/build/libs/Minecraft-server.jar]
[Loaded net.minecraft.src.Packet105UpdateProgressbar from file:/home/tnazep/My%20Stuff/Dev/MC-Origins/build/libs/Minecraft-server.jar]
[Loaded net.minecraft.src.Packet5PlayerInventory from file:/home/tnazep/My%20Stuff/Dev/MC-Origins/build/libs/Minecraft-server.jar]
[Loaded net.minecraft.src.Packet106Transaction from file:/home/tnazep/My%20Stuff/Dev/MC-Origins/build/libs/Minecraft-server.jar]
[Loaded net.minecraft.src.Packet25EntityPainting from file:/home/tnazep/My%20Stuff/Dev/MC-Origins/build/libs/Minecraft-server.jar]
[Loaded net.minecraft.src.Packet200Statistic from file:/home/tnazep/My%20Stuff/Dev/MC-Origins/build/libs/Minecraft-server.jar]
[Loaded net.minecraft.src.Packet17Sleep from file:/home/tnazep/My%20Stuff/Dev/MC-Origins/build/libs/Minecraft-server.jar]
[Loaded net.minecraft.src.Packet27Position from file:/home/tnazep/My%20Stuff/Dev/MC-Origins/build/libs/Minecraft-server.jar]
[Loaded net.minecraft.src.NetworkManager from file:/home/tnazep/My%20Stuff/Dev/MC-Origins/build/libs/Minecraft-server.jar]
[Loaded net.minecraft.src.NetworkReaderThread from file:/home/tnazep/My%20Stuff/Dev/MC-Origins/build/libs/Minecraft-server.jar]
[Loaded net.minecraft.src.NetworkWriterThread from file:/home/tnazep/My%20Stuff/Dev/MC-Origins/build/libs/Minecraft-server.jar]
[Loaded java.net.Socket$2 from /usr/lib/jvm/java-8-openjdk/jre/lib/rt.jar]
[Loaded java.net.SocketInputStream from /usr/lib/jvm/java-8-openjdk/jre/lib/rt.jar]
[Loaded java.net.Socket$3 from /usr/lib/jvm/java-8-openjdk/jre/lib/rt.jar]
[Loaded java.net.SocketOutputStream from /usr/lib/jvm/java-8-openjdk/jre/lib/rt.jar]
[Loaded java.io.EOFException from /usr/lib/jvm/java-8-openjdk/jre/lib/rt.jar]
[Loaded net.minecraft.src.BetaPacketRegistry from file:/home/tnazep/My%20Stuff/Dev/MC-Origins/build/libs/Minecraft-server.jar]
[Loaded net.minecraft.src.Packet0KeepAlive from file:/home/tnazep/My%20Stuff/Dev/MC-Origins/build/libs/Minecraft-server.jar]
[Loaded net.minecraft.src.Packet11PlayerPosition from file:/home/tnazep/My%20Stuff/Dev/MC-Origins/build/libs/Minecraft-server.jar]
[Loaded net.minecraft.src.Packet12PlayerLook from file:/home/tnazep/My%20Stuff/Dev/MC-Origins/build/libs/Minecraft-server.jar]
[Loaded net.minecraft.src.Packet13PlayerLookMove from file:/home/tnazep/My%20Stuff/Dev/MC-Origins/build/libs/Minecraft-server.jar]
[Loaded net.minecraft.src.Packet31RelEntityMove from file:/home/tnazep/My%20Stuff/Dev/MC-Origins/build/libs/Minecraft-server.jar]
[Loaded net.minecraft.src.Packet32EntityLook from file:/home/tnazep/My%20Stuff/Dev/MC-Origins/build/libs/Minecraft-server.jar]
[Loaded net.minecraft.src.Packet33RelEntityMoveLook from file:/home/tnazep/My%20Stuff/Dev/MC-Origins/build/libs/Minecraft-server.jar]
[Loaded net.minecraft.src.Packet51MapChunk from file:/home/tnazep/My%20Stuff/Dev/MC-Origins/build/libs/Minecraft-server.jar]
[Loaded net.minecraft.src.BetaStringCodec from file:/home/tnazep/My%20Stuff/Dev/MC-Origins/build/libs/Minecraft-server.jar]
[Loaded net.minecraft.src.PacketCounter from file:/home/tnazep/My%20Stuff/Dev/MC-Origins/build/libs/Minecraft-server.jar]
[Loaded net.minecraft.src.AxisAlignedBB from file:/home/tnazep/My%20Stuff/Dev/MC-Origins/build/libs/Minecraft-server.jar]
[Loaded net.minecraft.src.Vec3D from file:/home/tnazep/My%20Stuff/Dev/MC-Origins/build/libs/Minecraft-server.jar]
[Loaded net.minecraft.src.SpawnerAnimals from file:/home/tnazep/My%20Stuff/Dev/MC-Origins/build/libs/Minecraft-server.jar]
[Loaded net.minecraft.src.EnumCreatureType from file:/home/tnazep/My%20Stuff/Dev/MC-Origins/build/libs/Minecraft-server.jar]
[Loaded net.minecraft.src.NBTTagDouble from file:/home/tnazep/My%20Stuff/Dev/MC-Origins/build/libs/Minecraft-server.jar]
[Loaded net.minecraft.src.NBTTagFloat from file:/home/tnazep/My%20Stuff/Dev/MC-Origins/build/libs/Minecraft-server.jar]
[Loaded net.minecraft.src.Container from file:/home/tnazep/My%20Stuff/Dev/MC-Origins/build/libs/Minecraft-server.jar]
[Loaded net.minecraft.src.ContainerPlayer from file:/home/tnazep/My%20Stuff/Dev/MC-Origins/build/libs/Minecraft-server.jar]
[Loaded net.minecraft.src.ContainerDispenser from file:/home/tnazep/My%20Stuff/Dev/MC-Origins/build/libs/Minecraft-server.jar]
[Loaded net.minecraft.src.ContainerFurnace from file:/home/tnazep/My%20Stuff/Dev/MC-Origins/build/libs/Minecraft-server.jar]
[Loaded net.minecraft.src.ContainerWorkbench from file:/home/tnazep/My%20Stuff/Dev/MC-Origins/build/libs/Minecraft-server.jar]
[Loaded net.minecraft.src.ContainerChest from file:/home/tnazep/My%20Stuff/Dev/MC-Origins/build/libs/Minecraft-server.jar]
[Loaded net.minecraft.src.ItemInWorldManager from file:/home/tnazep/My%20Stuff/Dev/MC-Origins/build/libs/Minecraft-server.jar]
[Loaded net.minecraft.src.DataWatcher from file:/home/tnazep/My%20Stuff/Dev/MC-Origins/build/libs/Minecraft-server.jar]
[Loaded net.minecraft.src.WatchableObject from file:/home/tnazep/My%20Stuff/Dev/MC-Origins/build/libs/Minecraft-server.jar]
[Loaded net.minecraft.src.InventoryPlayer from file:/home/tnazep/My%20Stuff/Dev/MC-Origins/build/libs/Minecraft-server.jar]
[Loaded net.minecraft.src.Slot from file:/home/tnazep/My%20Stuff/Dev/MC-Origins/build/libs/Minecraft-server.jar]
[Loaded net.minecraft.src.SlotCrafting from file:/home/tnazep/My%20Stuff/Dev/MC-Origins/build/libs/Minecraft-server.jar]
[Loaded net.minecraft.src.SlotArmor from file:/home/tnazep/My%20Stuff/Dev/MC-Origins/build/libs/Minecraft-server.jar]
[Loaded net.minecraft.src.InventoryCrafting from file:/home/tnazep/My%20Stuff/Dev/MC-Origins/build/libs/Minecraft-server.jar]
[Loaded net.minecraft.src.InventoryCraftResult from file:/home/tnazep/My%20Stuff/Dev/MC-Origins/build/libs/Minecraft-server.jar]
[Loaded sun.misc.FloatingDecimal from /usr/lib/jvm/java-8-openjdk/jre/lib/rt.jar]
[Loaded sun.misc.FloatingDecimal$BinaryToASCIIConverter from /usr/lib/jvm/java-8-openjdk/jre/lib/rt.jar]
[Loaded sun.misc.FloatingDecimal$ExceptionalBinaryToASCIIBuffer from /usr/lib/jvm/java-8-openjdk/jre/lib/rt.jar]
[Loaded sun.misc.FloatingDecimal$BinaryToASCIIBuffer from /usr/lib/jvm/java-8-openjdk/jre/lib/rt.jar]
[Loaded sun.misc.FloatingDecimal$1 from /usr/lib/jvm/java-8-openjdk/jre/lib/rt.jar]
[Loaded sun.misc.FloatingDecimal$ASCIIToBinaryConverter from /usr/lib/jvm/java-8-openjdk/jre/lib/rt.jar]
[Loaded sun.misc.FloatingDecimal$PreparedASCIIToBinaryBuffer from /usr/lib/jvm/java-8-openjdk/jre/lib/rt.jar]
[Loaded sun.misc.FDBigInteger from /usr/lib/jvm/java-8-openjdk/jre/lib/rt.jar]
2026-09-10 09:59:49 [INFO] OriginsProbe [/127.0.0.1:60666] logged in with entity id 0 at (76.5, 64.62000000476837, -59.5)
[Loaded net.minecraft.src.NetServerHandler from file:/home/tnazep/My%20Stuff/Dev/MC-Origins/build/libs/Minecraft-server.jar]
[Loaded net.minecraft.src.EntityTrackerEntry from file:/home/tnazep/My%20Stuff/Dev/MC-Origins/build/libs/Minecraft-server.jar]
[Loaded net.minecraft.src.ServerCommand from file:/home/tnazep/My%20Stuff/Dev/MC-Origins/build/libs/Minecraft-server.jar]
[Loaded sun.net.ConnectionResetException from /usr/lib/jvm/java-8-openjdk/jre/lib/rt.jar]
[Loaded java.lang.Throwable$PrintStreamOrWriter from /usr/lib/jvm/java-8-openjdk/jre/lib/rt.jar]
[Loaded java.lang.Throwable$WrappedPrintStream from /usr/lib/jvm/java-8-openjdk/jre/lib/rt.jar]
java.net.SocketException: Connection reset
	at java.net.SocketInputStream.read(SocketInputStream.java:210)
	at java.net.SocketInputStream.read(SocketInputStream.java:141)
	at java.net.SocketInputStream.read(SocketInputStream.java:224)
	at java.io.FilterInputStream.read(FilterInputStream.java:83)
	at net.minecraft.src.Packet.readPacket(Packet.java:41)
	at net.minecraft.src.NetworkManager.readPacket(NetworkManager.java:136)
	at net.minecraft.src.NetworkManager.readNetworkPacket(NetworkManager.java:242)
	at net.minecraft.src.NetworkReaderThread.run(NetworkReaderThread.java:32)
[Loaded net.minecraft.src.NetworkMasterThread from file:/home/tnazep/My%20Stuff/Dev/MC-Origins/build/libs/Minecraft-server.jar]
[Loaded sun.net.ResourceManager from /usr/lib/jvm/java-8-openjdk/jre/lib/rt.jar]
[Loaded net.minecraft.src.EntityFireball from file:/home/tnazep/My%20Stuff/Dev/MC-Origins/build/libs/Minecraft-server.jar]
[Loaded net.minecraft.src.EntityList from file:/home/tnazep/My%20Stuff/Dev/MC-Origins/build/libs/Minecraft-server.jar]
[Loaded net.minecraft.src.EntityGiantZombie from file:/home/tnazep/My%20Stuff/Dev/MC-Origins/build/libs/Minecraft-server.jar]
[Loaded java.lang.StrictMath from /usr/lib/jvm/java-8-openjdk/jre/lib/rt.jar]
2026-09-10 09:59:49 [INFO] OriginsProbe lost connection: disconnect.genericReason
[Loaded net.minecraft.src.NBTTagEnd from file:/home/tnazep/My%20Stuff/Dev/MC-Origins/build/libs/Minecraft-server.jar]
[Loaded net.minecraft.src.NBTTagByte from file:/home/tnazep/My%20Stuff/Dev/MC-Origins/build/libs/Minecraft-server.jar]
[Loaded net.minecraft.src.NBTTagShort from file:/home/tnazep/My%20Stuff/Dev/MC-Origins/build/libs/Minecraft-server.jar]
[Loaded net.minecraft.src.NBTTagInt from file:/home/tnazep/My%20Stuff/Dev/MC-Origins/build/libs/Minecraft-server.jar]
[Loaded net.minecraft.src.NBTTagLong from file:/home/tnazep/My%20Stuff/Dev/MC-Origins/build/libs/Minecraft-server.jar]
[Loaded net.minecraft.src.NBTTagByteArray from file:/home/tnazep/My%20Stuff/Dev/MC-Origins/build/libs/Minecraft-server.jar]
[Loaded net.minecraft.src.NBTTagString from file:/home/tnazep/My%20Stuff/Dev/MC-Origins/build/libs/Minecraft-server.jar]
[Loaded net.minecraft.src.CompressedStreamTools from file:/home/tnazep/My%20Stuff/Dev/MC-Origins/build/libs/Minecraft-server.jar]
[Loaded java.util.zip.GZIPOutputStream from /usr/lib/jvm/java-8-openjdk/jre/lib/rt.jar]
[Loaded java.util.zip.Deflater from /usr/lib/jvm/java-8-openjdk/jre/lib/rt.jar]
2026-09-10 09:59:49 [INFO] CONSOLE: Stopping the server..
2026-09-10 09:59:49 [INFO] Stopping server
2026-09-10 09:59:49 [INFO] Saving chunks
[Loaded net.minecraft.src.ChunkLoader from file:/home/tnazep/My%20Stuff/Dev/MC-Origins/build/libs/Minecraft-server.jar]
[Loaded java.io.RandomAccessFile$1 from /usr/lib/jvm/java-8-openjdk/jre/lib/rt.jar]
2026-09-10 09:59:50 [INFO] Saving chunks
[Loaded java.util.IdentityHashMap$IdentityHashMapIterator from /usr/lib/jvm/java-8-openjdk/jre/lib/rt.jar]
[Loaded java.util.IdentityHashMap$KeyIterator from /usr/lib/jvm/java-8-openjdk/jre/lib/rt.jar]
