[Opened /usr/lib/jvm/java-8-openjdk/jre/lib/rt.jar]
[Loaded java.lang.Object from /usr/lib/jvm/java-8-openjdk/jre/lib/rt.jar]
[Loaded java.io.Serializable from /usr/lib/jvm/java-8-openjdk/jre/lib/rt.jar]
[Loaded java.lang.Comparable from /usr/lib/jvm/java-8-openjdk/jre/lib/rt.jar]
[Loaded java.lang.CharSequence from /usr/lib/jvm/java-8-openjdk/jre/lib/rt.jar]
[Loaded java.lang.String from /usr/lib/jvm/java-8-openjdk/jre/lib/rt.jar]
[Loaded java.lang.reflect.AnnotatedElement from /usr/lib/jvm/java-8-openjdk/jre/lib/rt.jar]
[Loaded java.lang.reflect.GenericDeclaration from /usr/lib/jvm/java-8-openjdk/jre/lib/rt.jar]
[Loaded java.lang.reflect.Type from /usr/lib/jvm/java-8-openjdk/jre/lib/rt.jar]
[Loaded java.lang.Class from /usr/lib/jvm/java-8-openjdk/jre/lib/rt.jar]
[Loaded java.lang.Cloneable from /usr/lib/jvm/java-8-openjdk/jre/lib/rt.jar]
[Loaded java.lang.ClassLoader from /usr/lib/jvm/java-8-openjdk/jre/lib/rt.jar]
[Loaded java.lang.System from /usr/lib/jvm/java-8-openjdk/jre/lib/rt.jar]
[Loaded java.lang.Throwable from /usr/lib/jvm/java-8-openjdk/jre/lib/rt.jar]
[Loaded java.lang.Error from /usr/lib/jvm/java-8-openjdk/jre/lib/rt.jar]
[Loaded java.lang.ThreadDeath from /usr/lib/jvm/java-8-openjdk/jre/lib/rt.jar]
[Loaded java.lang.Exception from /usr/lib/jvm/java-8-openjdk/jre/lib/rt.jar]
[Loaded java.lang.RuntimeException from /usr/lib/jvm/java-8-openjdk/jre/lib/rt.jar]
[Loaded java.lang.SecurityManager from /usr/lib/jvm/java-8-openjdk/jre/lib/rt.jar]
[Loaded java.security.ProtectionDomain from /usr/lib/jvm/java-8-openjdk/jre/lib/rt.jar]
[Loaded java.security.AccessControlContext from /usr/lib/jvm/java-8-openjdk/jre/lib/rt.jar]
[Loaded java.security.SecureClassLoader from /usr/lib/jvm/java-8-openjdk/jre/lib/rt.jar]
[Loaded java.lang.ReflectiveOperationException from /usr/lib/jvm/java-8-openjdk/jre/lib/rt.jar]
[Loaded java.lang.ClassNotFoundException from /usr/lib/jvm/java-8-openjdk/jre/lib/rt.jar]
[Loaded java.lang.LinkageError from /usr/lib/jvm/java-8-openjdk/jre/lib/rt.jar]
[Loaded java.lang.NoClassDefFoundError from /usr/lib/jvm/java-8-openjdk/jre/lib/rt.jar]
[Loaded java.lang.ClassCastException from /usr/lib/jvm/java-8-openjdk/jre/lib/rt.jar]
[Loaded java.lang.ArrayStoreException from /usr/lib/jvm/java-8-openjdk/jre/lib/rt.jar]
[Loaded java.lang.VirtualMachineError from /usr/lib/jvm/java-8-openjdk/jre/lib/rt.jar]
[Loaded java.lang.OutOfMemoryError from /usr/lib/jvm/java-8-openjdk/jre/lib/rt.jar]
[Loaded java.lang.StackOverflowError from /usr/lib/jvm/java-8-openjdk/jre/lib/rt.jar]
[Loaded java.lang.IllegalMonitorStateException from /usr/lib/jvm/java-8-openjdk/jre/lib/rt.jar]
[Loaded java.lang.ref.Reference from /usr/lib/jvm/java-8-openjdk/jre/lib/rt.jar]
[Loaded java.lang.ref.SoftReference from /usr/lib/jvm/java-8-openjdk/jre/lib/rt.jar]
[Loaded java.lang.ref.WeakReference from /usr/lib/jvm/java-8-openjdk/jre/lib/rt.jar]
[Loaded java.lang.ref.FinalReference from /usr/lib/jvm/java-8-openjdk/jre/lib/rt.jar]
[Loaded java.lang.ref.PhantomReference from /usr/lib/jvm/java-8-openjdk/jre/lib/rt.jar]
[Loaded java.lang.ref.Finalizer from /usr/lib/jvm/java-8-openjdk/jre/lib/rt.jar]
[Loaded java.lang.ref.ReferenceQueue from /usr/lib/jvm/java-8-openjdk/jre/lib/rt.jar]
[Loaded java.lang.Runnable from /usr/lib/jvm/java-8-openjdk/jre/lib/rt.jar]
[Loaded java.lang.Thread from /usr/lib/jvm/java-8-openjdk/jre/lib/rt.jar]
[Loaded java.lang.Thread$UncaughtExceptionHandler from /usr/lib/jvm/java-8-openjdk/jre/lib/rt.jar]
[Loaded java.lang.ThreadGroup from /usr/lib/jvm/java-8-openjdk/jre/lib/rt.jar]
[Loaded java.util.Map from /usr/lib/jvm/java-8-openjdk/jre/lib/rt.jar]
[Loaded java.util.Dictionary from /usr/lib/jvm/java-8-openjdk/jre/lib/rt.jar]
[Loaded java.util.Hashtable from /usr/lib/jvm/java-8-openjdk/jre/lib/rt.jar]
[Loaded java.util.Properties from /usr/lib/jvm/java-8-openjdk/jre/lib/rt.jar]
[Loaded java.lang.reflect.AccessibleObject from /usr/lib/jvm/java-8-openjdk/jre/lib/rt.jar]
[Loaded java.lang.reflect.Member from /usr/lib/jvm/java-8-openjdk/jre/lib/rt.jar]
[Loaded java.lang.reflect.Field from /usr/lib/jvm/java-8-openjdk/jre/lib/rt.jar]
[Loaded java.lang.reflect.Parameter from /usr/lib/jvm/java-8-openjdk/jre/lib/rt.jar]
[Loaded java.lang.reflect.Executable from /usr/lib/jvm/java-8-openjdk/jre/lib/rt.jar]
[Loaded java.lang.reflect.Method from /usr/lib/jvm/java-8-openjdk/jre/lib/rt.jar]
[Loaded java.lang.reflect.Constructor from /usr/lib/jvm/java-8-openjdk/jre/lib/rt.jar]
[Loaded sun.reflect.MagicAccessorImpl from /usr/lib/jvm/java-8-openjdk/jre/lib/rt.jar]
[Loaded sun.reflect.MethodAccessor from /usr/lib/jvm/java-8-openjdk/jre/lib/rt.jar]
[Loaded sun.reflect.MethodAccessorImpl from /usr/lib/jvm/java-8-openjdk/jre/lib/rt.jar]
[Loaded sun.reflect.ConstructorAccessor from /usr/lib/jvm/java-8-openjdk/jre/lib/rt.jar]
[Loaded sun.reflect.ConstructorAccessorImpl from /usr/lib/jvm/java-8-openjdk/jre/lib/rt.jar]
[Loaded sun.reflect.DelegatingClassLoader from /usr/lib/jvm/java-8-openjdk/jre/lib/rt.jar]
[Loaded sun.reflect.ConstantPool from /usr/lib/jvm/java-8-openjdk/jre/lib/rt.jar]
[Loaded sun.reflect.FieldAccessor from /usr/lib/jvm/java-8-openjdk/jre/lib/rt.jar]
[Loaded sun.reflect.FieldAccessorImpl from /usr/lib/jvm/java-8-openjdk/jre/lib/rt.jar]
[Loaded sun.reflect.UnsafeFieldAccessorImpl from /usr/lib/jvm/java-8-openjdk/jre/lib/rt.jar]
[Loaded sun.reflect.UnsafeStaticFieldAccessorImpl from /usr/lib/jvm/java-8-openjdk/jre/lib/rt.jar]
[Loaded java.lang.annotation.Annotation from /usr/lib/jvm/java-8-openjdk/jre/lib/rt.jar]
[Loaded sun.reflect.CallerSensitive from /usr/lib/jvm/java-8-openjdk/jre/lib/rt.jar]
[Loaded java.lang.invoke.MethodHandle from /usr/lib/jvm/java-8-openjdk/jre/lib/rt.jar]
[Loaded java.lang.invoke.DirectMethodHandle from /usr/lib/jvm/java-8-openjdk/jre/lib/rt.jar]
[Loaded java.lang.invoke.MemberName from /usr/lib/jvm/java-8-openjdk/jre/lib/rt.jar]
[Loaded java.lang.invoke.MethodHandleNatives from /usr/lib/jvm/java-8-openjdk/jre/lib/rt.jar]
[Loaded java.lang.invoke.LambdaForm from /usr/lib/jvm/java-8-openjdk/jre/lib/rt.jar]
[Loaded java.lang.invoke.MethodType from /usr/lib/jvm/java-8-openjdk/jre/lib/rt.jar]
[Loaded java.lang.BootstrapMethodError from /usr/lib/jvm/java-8-openjdk/jre/lib/rt.jar]
[Loaded java.lang.invoke.CallSite from /usr/lib/jvm/java-8-openjdk/jre/lib/rt.jar]
[Loaded java.lang.invoke.ConstantCallSite from /usr/lib/jvm/java-8-openjdk/jre/lib/rt.jar]
[Loaded java.lang.invoke.MutableCallSite from /usr/lib/jvm/java-8-openjdk/jre/lib/rt.jar]
[Loaded java.lang.invoke.VolatileCallSite from /usr/lib/jvm/java-8-openjdk/jre/lib/rt.jar]
[Loaded java.lang.Appendable from /usr/lib/jvm/java-8-openjdk/jre/lib/rt.jar]
[Loaded java.lang.AbstractStringBuilder from /usr/lib/jvm/java-8-openjdk/jre/lib/rt.jar]
[Loaded java.lang.StringBuffer from /usr/lib/jvm/java-8-openjdk/jre/lib/rt.jar]
[Loaded java.lang.StringBuilder from /usr/lib/jvm/java-8-openjdk/jre/lib/rt.jar]
[Loaded sun.misc.Unsafe from /usr/lib/jvm/java-8-openjdk/jre/lib/rt.jar]
[Loaded java.lang.AutoCloseable from /usr/lib/jvm/java-8-openjdk/jre/lib/rt.jar]
[Loaded java.io.Closeable from /usr/lib/jvm/java-8-openjdk/jre/lib/rt.jar]
[Loaded java.io.InputStream from /usr/lib/jvm/java-8-openjdk/jre/lib/rt.jar]
[Loaded java.io.ByteArrayInputStream from /usr/lib/jvm/java-8-openjdk/jre/lib/rt.jar]
[Loaded java.io.File from /usr/lib/jvm/java-8-openjdk/jre/lib/rt.jar]
[Loaded java.net.URLClassLoader from /usr/lib/jvm/java-8-openjdk/jre/lib/rt.jar]
[Loaded java.net.URL from /usr/lib/jvm/java-8-openjdk/jre/lib/rt.jar]
[Loaded java.util.jar.Manifest from /usr/lib/jvm/java-8-openjdk/jre/lib/rt.jar]
[Loaded sun.misc.Launcher from /usr/lib/jvm/java-8-openjdk/jre/lib/rt.jar]
[Loaded sun.misc.Launcher$AppClassLoader from /usr/lib/jvm/java-8-openjdk/jre/lib/rt.jar]
[Loaded sun.misc.Launcher$ExtClassLoader from /usr/lib/jvm/java-8-openjdk/jre/lib/rt.jar]
[Loaded java.security.CodeSource from /usr/lib/jvm/java-8-openjdk/jre/lib/rt.jar]
[Loaded java.lang.StackTraceElement from /usr/lib/jvm/java-8-openjdk/jre/lib/rt.jar]
[Loaded java.nio.Buffer from /usr/lib/jvm/java-8-openjdk/jre/lib/rt.jar]
[Loaded java.lang.Boolean from /usr/lib/jvm/java-8-openjdk/jre/lib/rt.jar]
[Loaded java.lang.Character from /usr/lib/jvm/java-8-openjdk/jre/lib/rt.jar]
[Loaded java.lang.Number from /usr/lib/jvm/java-8-openjdk/jre/lib/rt.jar]
[Loaded java.lang.Float from /usr/lib/jvm/java-8-openjdk/jre/lib/rt.jar]
[Loaded java.lang.Double from /usr/lib/jvm/java-8-openjdk/jre/lib/rt.jar]
[Loaded java.lang.Byte from /usr/lib/jvm/java-8-openjdk/jre/lib/rt.jar]
[Loaded java.lang.Short from /usr/lib/jvm/java-8-openjdk/jre/lib/rt.jar]
[Loaded java.lang.Integer from /usr/lib/jvm/java-8-openjdk/jre/lib/rt.jar]
[Loaded java.lang.Long from /usr/lib/jvm/java-8-openjdk/jre/lib/rt.jar]
[Loaded java.lang.NullPointerException from /usr/lib/jvm/java-8-openjdk/jre/lib/rt.jar]
[Loaded java.lang.ArithmeticException from /usr/lib/jvm/java-8-openjdk/jre/lib/rt.jar]
[Loaded java.io.ObjectStreamField from /usr/lib/jvm/java-8-openjdk/jre/lib/rt.jar]
[Loaded java.util.Comparator from /usr/lib/jvm/java-8-openjdk/jre/lib/rt.jar]
[Loaded java.lang.String$CaseInsensitiveComparator from /usr/lib/jvm/java-8-openjdk/jre/lib/rt.jar]
[Loaded java.security.Guard from /usr/lib/jvm/java-8-openjdk/jre/lib/rt.jar]
[Loaded java.security.Permission from /usr/lib/jvm/java-8-openjdk/jre/lib/rt.jar]
[Loaded java.security.BasicPermission from /usr/lib/jvm/java-8-openjdk/jre/lib/rt.jar]
[Loaded java.lang.RuntimePermission from /usr/lib/jvm/java-8-openjdk/jre/lib/rt.jar]
[Loaded java.security.AccessController from /usr/lib/jvm/java-8-openjdk/jre/lib/rt.jar]
[Loaded java.lang.reflect.ReflectPermission from /usr/lib/jvm/java-8-openjdk/jre/lib/rt.jar]
[Loaded java.security.PrivilegedAction from /usr/lib/jvm/java-8-openjdk/jre/lib/rt.jar]
[Loaded sun.reflect.ReflectionFactory$GetReflectionFactoryAction from /usr/lib/jvm/java-8-openjdk/jre/lib/rt.jar]
[Loaded java.security.cert.Certificate from /usr/lib/jvm/java-8-openjdk/jre/lib/rt.jar]
[Loaded java.lang.Iterable from /usr/lib/jvm/java-8-openjdk/jre/lib/rt.jar]
[Loaded java.util.Collection from /usr/lib/jvm/java-8-openjdk/jre/lib/rt.jar]
[Loaded java.util.List from /usr/lib/jvm/java-8-openjdk/jre/lib/rt.jar]
[Loaded java.util.RandomAccess from /usr/lib/jvm/java-8-openjdk/jre/lib/rt.jar]
[Loaded java.util.AbstractCollection from /usr/lib/jvm/java-8-openjdk/jre/lib/rt.jar]
[Loaded java.util.AbstractList from /usr/lib/jvm/java-8-openjdk/jre/lib/rt.jar]
[Loaded java.util.Vector from /usr/lib/jvm/java-8-openjdk/jre/lib/rt.jar]
[Loaded java.util.Stack from /usr/lib/jvm/java-8-openjdk/jre/lib/rt.jar]
[Loaded sun.reflect.ReflectionFactory from /usr/lib/jvm/java-8-openjdk/jre/lib/rt.jar]
[Loaded java.lang.ref.Reference$Lock from /usr/lib/jvm/java-8-openjdk/jre/lib/rt.jar]
[Loaded java.lang.ref.Reference$ReferenceHandler from /usr/lib/jvm/java-8-openjdk/jre/lib/rt.jar]
[Loaded java.lang.InterruptedException from /usr/lib/jvm/java-8-openjdk/jre/lib/rt.jar]
[Loaded java.util.ArrayList from /usr/lib/jvm/java-8-openjdk/jre/lib/rt.jar]
[Loaded java.util.Collections from /usr/lib/jvm/java-8-openjdk/jre/lib/rt.jar]
[Loaded java.util.Set from /usr/lib/jvm/java-8-openjdk/jre/lib/rt.jar]
[Loaded java.util.AbstractSet from /usr/lib/jvm/java-8-openjdk/jre/lib/rt.jar]
[Loaded java.util.Collections$EmptySet from /usr/lib/jvm/java-8-openjdk/jre/lib/rt.jar]
[Loaded java.util.Collections$EmptyList from /usr/lib/jvm/java-8-openjdk/jre/lib/rt.jar]
[Loaded java.util.AbstractMap from /usr/lib/jvm/java-8-openjdk/jre/lib/rt.jar]
[Loaded java.util.Collections$EmptyMap from /usr/lib/jvm/java-8-openjdk/jre/lib/rt.jar]
[Loaded java.util.Collections$UnmodifiableCollection from /usr/lib/jvm/java-8-openjdk/jre/lib/rt.jar]
[Loaded java.util.Collections$UnmodifiableList from /usr/lib/jvm/java-8-openjdk/jre/lib/rt.jar]
[Loaded java.util.Collections$UnmodifiableRandomAccessList from /usr/lib/jvm/java-8-openjdk/jre/lib/rt.jar]
[Loaded sun.misc.Cleaner from /usr/lib/jvm/java-8-openjdk/jre/lib/rt.jar]
[Loaded java.lang.ref.ReferenceQueue$Null from /usr/lib/jvm/java-8-openjdk/jre/lib/rt.jar]
[Loaded java.lang.ref.ReferenceQueue$Lock from /usr/lib/jvm/java-8-openjdk/jre/lib/rt.jar]
[Loaded sun.misc.JavaLangRefAccess from /usr/lib/jvm/java-8-openjdk/jre/lib/rt.jar]
[Loaded java.lang.ref.Reference$1 from /usr/lib/jvm/java-8-openjdk/jre/lib/rt.jar]
[Loaded sun.misc.SharedSecrets from /usr/lib/jvm/java-8-openjdk/jre/lib/rt.jar]
[Loaded java.lang.IncompatibleClassChangeError from /usr/lib/jvm/java-8-openjdk/jre/lib/rt.jar]
[Loaded java.lang.NoSuchMethodError from /usr/lib/jvm/java-8-openjdk/jre/lib/rt.jar]
[Loaded sun.reflect.Reflection from /usr/lib/jvm/java-8-openjdk/jre/lib/rt.jar]
[Loaded java.util.HashMap from /usr/lib/jvm/java-8-openjdk/jre/lib/rt.jar]
[Loaded java.util.Map$Entry from /usr/lib/jvm/java-8-openjdk/jre/lib/rt.jar]
[Loaded java.util.HashMap$Node from /usr/lib/jvm/java-8-openjdk/jre/lib/rt.jar]
[Loaded sun.misc.VM from /usr/lib/jvm/java-8-openjdk/jre/lib/rt.jar]
[Loaded java.util.Hashtable$Entry from /usr/lib/jvm/java-8-openjdk/jre/lib/rt.jar]
[Loaded java.lang.Math from /usr/lib/jvm/java-8-openjdk/jre/lib/rt.jar]
[Loaded java.lang.ref.Finalizer$FinalizerThread from /usr/lib/jvm/java-8-openjdk/jre/lib/rt.jar]
[Loaded java.nio.charset.Charset from /usr/lib/jvm/java-8-openjdk/jre/lib/rt.jar]
[Loaded java.nio.charset.spi.CharsetProvider from /usr/lib/jvm/java-8-openjdk/jre/lib/rt.jar]
[Loaded sun.nio.cs.FastCharsetProvider from /usr/lib/jvm/java-8-openjdk/jre/lib/rt.jar]
[Loaded sun.nio.cs.StandardCharsets from /usr/lib/jvm/java-8-openjdk/jre/lib/rt.jar]
[Loaded sun.util.PreHashedMap from /usr/lib/jvm/java-8-openjdk/jre/lib/rt.jar]
[Loaded sun.nio.cs.StandardCharsets$Aliases from /usr/lib/jvm/java-8-openjdk/jre/lib/rt.jar]
[Loaded sun.nio.cs.StandardCharsets$Classes from /usr/lib/jvm/java-8-openjdk/jre/lib/rt.jar]
[Loaded sun.nio.cs.StandardCharsets$Cache from /usr/lib/jvm/java-8-openjdk/jre/lib/rt.jar]
[Loaded java.lang.ThreadLocal from /usr/lib/jvm/java-8-openjdk/jre/lib/rt.jar]
[Loaded java.util.concurrent.atomic.AtomicInteger from /usr/lib/jvm/java-8-openjdk/jre/lib/rt.jar]
[Loaded java.lang.Class$3 from /usr/lib/jvm/java-8-openjdk/jre/lib/rt.jar]
[Loaded java.lang.Class$ReflectionData from /usr/lib/jvm/java-8-openjdk/jre/lib/rt.jar]
[Loaded java.lang.Class$Atomic from /usr/lib/jvm/java-8-openjdk/jre/lib/rt.jar]
[Loaded sun.reflect.generics.repository.AbstractRepository from /usr/lib/jvm/java-8-openjdk/jre/lib/rt.jar]
[Loaded sun.reflect.generics.repository.GenericDeclRepository from /usr/lib/jvm/java-8-openjdk/jre/lib/rt.jar]
[Loaded sun.reflect.generics.repository.ClassRepository from /usr/lib/jvm/java-8-openjdk/jre/lib/rt.jar]
[Loaded java.lang.Class$AnnotationData from /usr/lib/jvm/java-8-openjdk/jre/lib/rt.jar]
[Loaded sun.reflect.annotation.AnnotationType from /usr/lib/jvm/java-8-openjdk/jre/lib/rt.jar]
[Loaded java.util.WeakHashMap from /usr/lib/jvm/java-8-openjdk/jre/lib/rt.jar]
[Loaded java.lang.ClassValue$ClassValueMap from /usr/lib/jvm/java-8-openjdk/jre/lib/rt.jar]
[Loaded java.lang.reflect.Modifier from /usr/lib/jvm/java-8-openjdk/jre/lib/rt.jar]
[Loaded sun.reflect.LangReflectAccess from /usr/lib/jvm/java-8-openjdk/jre/lib/rt.jar]
[Loaded java.lang.reflect.ReflectAccess from /usr/lib/jvm/java-8-openjdk/jre/lib/rt.jar]
[Loaded java.util.Arrays from /usr/lib/jvm/java-8-openjdk/jre/lib/rt.jar]
[Loaded sun.nio.cs.HistoricallyNamedCharset from /usr/lib/jvm/java-8-openjdk/jre/lib/rt.jar]
[Loaded sun.nio.cs.Unicode from /usr/lib/jvm/java-8-openjdk/jre/lib/rt.jar]
[Loaded sun.nio.cs.UTF_8 from /usr/lib/jvm/java-8-openjdk/jre/lib/rt.jar]
[Loaded java.lang.Class$1 from /usr/lib/jvm/java-8-openjdk/jre/lib/rt.jar]
[Loaded sun.reflect.ReflectionFactory$1 from /usr/lib/jvm/java-8-openjdk/jre/lib/rt.jar]
[Loaded sun.reflect.NativeConstructorAccessorImpl from /usr/lib/jvm/java-8-openjdk/jre/lib/rt.jar]
[Loaded sun.reflect.DelegatingConstructorAccessorImpl from /usr/lib/jvm/java-8-openjdk/jre/lib/rt.jar]
[Loaded java.lang.StringCoding from /usr/lib/jvm/java-8-openjdk/jre/lib/rt.jar]
[Loaded java.lang.ThreadLocal$ThreadLocalMap from /usr/lib/jvm/java-8-openjdk/jre/lib/rt.jar]
[Loaded java.lang.ThreadLocal$ThreadLocalMap$Entry from /usr/lib/jvm/java-8-openjdk/jre/lib/rt.jar]
[Loaded jdk.internal.misc.TerminatingThreadLocal from /usr/lib/jvm/java-8-openjdk/jre/lib/rt.jar]
[Loaded java.lang.StringCoding$StringDecoder from /usr/lib/jvm/java-8-openjdk/jre/lib/rt.jar]
[Loaded sun.nio.cs.ArrayDecoder from /usr/lib/jvm/java-8-openjdk/jre/lib/rt.jar]
[Loaded java.nio.charset.CharsetDecoder from /usr/lib/jvm/java-8-openjdk/jre/lib/rt.jar]
[Loaded sun.nio.cs.UTF_8$Decoder from /usr/lib/jvm/java-8-openjdk/jre/lib/rt.jar]
[Loaded java.nio.charset.CodingErrorAction from /usr/lib/jvm/java-8-openjdk/jre/lib/rt.jar]
[Loaded java.util.Hashtable$EntrySet from /usr/lib/jvm/java-8-openjdk/jre/lib/rt.jar]
[Loaded java.util.Collections$SynchronizedCollection from /usr/lib/jvm/java-8-openjdk/jre/lib/rt.jar]
[Loaded java.util.Collections$SynchronizedSet from /usr/lib/jvm/java-8-openjdk/jre/lib/rt.jar]
[Loaded java.util.Objects from /usr/lib/jvm/java-8-openjdk/jre/lib/rt.jar]
[Loaded java.util.Enumeration from /usr/lib/jvm/java-8-openjdk/jre/lib/rt.jar]
[Loaded java.util.Iterator from /usr/lib/jvm/java-8-openjdk/jre/lib/rt.jar]
[Loaded java.util.Hashtable$Enumerator from /usr/lib/jvm/java-8-openjdk/jre/lib/rt.jar]
[Loaded java.lang.Runtime from /usr/lib/jvm/java-8-openjdk/jre/lib/rt.jar]
[Loaded jdk.internal.util.StaticProperty from /usr/lib/jvm/java-8-openjdk/jre/lib/rt.jar]
[Loaded sun.misc.Version from /usr/lib/jvm/java-8-openjdk/jre/lib/rt.jar]
[Loaded java.io.FileInputStream from /usr/lib/jvm/java-8-openjdk/jre/lib/rt.jar]
[Loaded java.io.FileDescriptor from /usr/lib/jvm/java-8-openjdk/jre/lib/rt.jar]
[Loaded sun.misc.JavaIOFileDescriptorAccess from /usr/lib/jvm/java-8-openjdk/jre/lib/rt.jar]
[Loaded java.io.FileDescriptor$1 from /usr/lib/jvm/java-8-openjdk/jre/lib/rt.jar]
[Loaded java.io.Flushable from /usr/lib/jvm/java-8-openjdk/jre/lib/rt.jar]
[Loaded java.io.OutputStream from /usr/lib/jvm/java-8-openjdk/jre/lib/rt.jar]
[Loaded java.io.FileOutputStream from /usr/lib/jvm/java-8-openjdk/jre/lib/rt.jar]
[Loaded java.io.FilterInputStream from /usr/lib/jvm/java-8-openjdk/jre/lib/rt.jar]
[Loaded java.io.BufferedInputStream from /usr/lib/jvm/java-8-openjdk/jre/lib/rt.jar]
[Loaded java.util.concurrent.atomic.AtomicReferenceFieldUpdater from /usr/lib/jvm/java-8-openjdk/jre/lib/rt.jar]
[Loaded java.util.concurrent.atomic.AtomicReferenceFieldUpdater$AtomicReferenceFieldUpdaterImpl from /usr/lib/jvm/java-8-openjdk/jre/lib/rt.jar]
[Loaded java.security.PrivilegedExceptionAction from /usr/lib/jvm/java-8-openjdk/jre/lib/rt.jar]
[Loaded java.util.concurrent.atomic.AtomicReferenceFieldUpdater$AtomicReferenceFieldUpdaterImpl$1 from /usr/lib/jvm/java-8-openjdk/jre/lib/rt.jar]
[Loaded sun.reflect.misc.ReflectUtil from /usr/lib/jvm/java-8-openjdk/jre/lib/rt.jar]
[Loaded java.io.FilterOutputStream from /usr/lib/jvm/java-8-openjdk/jre/lib/rt.jar]
[Loaded java.io.PrintStream from /usr/lib/jvm/java-8-openjdk/jre/lib/rt.jar]
[Loaded java.io.BufferedOutputStream from /usr/lib/jvm/java-8-openjdk/jre/lib/rt.jar]
[Loaded java.io.Writer from /usr/lib/jvm/java-8-openjdk/jre/lib/rt.jar]
[Loaded java.io.OutputStreamWriter from /usr/lib/jvm/java-8-openjdk/jre/lib/rt.jar]
[Loaded sun.nio.cs.StreamEncoder from /usr/lib/jvm/java-8-openjdk/jre/lib/rt.jar]
[Loaded sun.security.action.GetPropertyAction from /usr/lib/jvm/java-8-openjdk/jre/lib/rt.jar]
[Loaded sun.nio.cs.ArrayEncoder from /usr/lib/jvm/java-8-openjdk/jre/lib/rt.jar]
[Loaded java.nio.charset.CharsetEncoder from /usr/lib/jvm/java-8-openjdk/jre/lib/rt.jar]
[Loaded sun.nio.cs.UTF_8$Encoder from /usr/lib/jvm/java-8-openjdk/jre/lib/rt.jar]
[Loaded java.nio.ByteBuffer from /usr/lib/jvm/java-8-openjdk/jre/lib/rt.jar]
[Loaded java.nio.HeapByteBuffer from /usr/lib/jvm/java-8-openjdk/jre/lib/rt.jar]
[Loaded java.nio.Bits from /usr/lib/jvm/java-8-openjdk/jre/lib/rt.jar]
[Loaded java.nio.ByteOrder from /usr/lib/jvm/java-8-openjdk/jre/lib/rt.jar]
[Loaded java.util.concurrent.atomic.AtomicLong from /usr/lib/jvm/java-8-openjdk/jre/lib/rt.jar]
[Loaded sun.misc.JavaNioAccess from /usr/lib/jvm/java-8-openjdk/jre/lib/rt.jar]
[Loaded java.nio.Bits$1 from /usr/lib/jvm/java-8-openjdk/jre/lib/rt.jar]
[Loaded java.io.BufferedWriter from /usr/lib/jvm/java-8-openjdk/jre/lib/rt.jar]
[Loaded java.io.DefaultFileSystem from /usr/lib/jvm/java-8-openjdk/jre/lib/rt.jar]
[Loaded java.io.FileSystem from /usr/lib/jvm/java-8-openjdk/jre/lib/rt.jar]
[Loaded java.io.UnixFileSystem from /usr/lib/jvm/java-8-openjdk/jre/lib/rt.jar]
[Loaded java.io.ExpiringCache from /usr/lib/jvm/java-8-openjdk/jre/lib/rt.jar]
[Loaded java.util.LinkedHashMap from /usr/lib/jvm/java-8-openjdk/jre/lib/rt.jar]
[Loaded java.io.ExpiringCache$1 from /usr/lib/jvm/java-8-openjdk/jre/lib/rt.jar]
[Loaded java.lang.Enum from /usr/lib/jvm/java-8-openjdk/jre/lib/rt.jar]
[Loaded java.io.File$PathStatus from /usr/lib/jvm/java-8-openjdk/jre/lib/rt.jar]
[Loaded java.nio.file.Watchable from /usr/lib/jvm/java-8-openjdk/jre/lib/rt.jar]
[Loaded java.nio.file.Path from /usr/lib/jvm/java-8-openjdk/jre/lib/rt.jar]
[Loaded java.lang.StringCoding$StringEncoder from /usr/lib/jvm/java-8-openjdk/jre/lib/rt.jar]
[Loaded java.lang.ClassLoader$3 from /usr/lib/jvm/java-8-openjdk/jre/lib/rt.jar]
[Loaded java.io.ExpiringCache$Entry from /usr/lib/jvm/java-8-openjdk/jre/lib/rt.jar]
[Loaded java.util.LinkedHashMap$Entry from /usr/lib/jvm/java-8-openjdk/jre/lib/rt.jar]
[Loaded java.lang.ClassLoader$NativeLibrary from /usr/lib/jvm/java-8-openjdk/jre/lib/rt.jar]
[Loaded java.lang.Terminator from /usr/lib/jvm/java-8-openjdk/jre/lib/rt.jar]
[Loaded sun.misc.SignalHandler from /usr/lib/jvm/java-8-openjdk/jre/lib/rt.jar]
[Loaded java.lang.Terminator$1 from /usr/lib/jvm/java-8-openjdk/jre/lib/rt.jar]
[Loaded sun.misc.Signal from /usr/lib/jvm/java-8-openjdk/jre/lib/rt.jar]
[Loaded sun.misc.NativeSignalHandler from /usr/lib/jvm/java-8-openjdk/jre/lib/rt.jar]
[Loaded java.lang.Integer$IntegerCache from /usr/lib/jvm/java-8-openjdk/jre/lib/rt.jar]
[Loaded sun.misc.OSEnvironment from /usr/lib/jvm/java-8-openjdk/jre/lib/rt.jar]
[Loaded sun.misc.JavaLangAccess from /usr/lib/jvm/java-8-openjdk/jre/lib/rt.jar]
[Loaded java.lang.System$2 from /usr/lib/jvm/java-8-openjdk/jre/lib/rt.jar]
[Loaded java.lang.IllegalArgumentException from /usr/lib/jvm/java-8-openjdk/jre/lib/rt.jar]
[Loaded java.lang.Compiler from /usr/lib/jvm/java-8-openjdk/jre/lib/rt.jar]
[Loaded java.lang.Compiler$1 from /usr/lib/jvm/java-8-openjdk/jre/lib/rt.jar]
[Loaded java.net.URLStreamHandlerFactory from /usr/lib/jvm/java-8-openjdk/jre/lib/rt.jar]
[Loaded sun.misc.Launcher$Factory from /usr/lib/jvm/java-8-openjdk/jre/lib/rt.jar]
[Loaded sun.security.util.Debug from /usr/lib/jvm/java-8-openjdk/jre/lib/rt.jar]
[Loaded java.lang.ClassLoader$ParallelLoaders from /usr/lib/jvm/java-8-openjdk/jre/lib/rt.jar]
[Loaded java.util.WeakHashMap$Entry from /usr/lib/jvm/java-8-openjdk/jre/lib/rt.jar]
[Loaded java.util.Collections$SetFromMap from /usr/lib/jvm/java-8-openjdk/jre/lib/rt.jar]
[Loaded java.util.WeakHashMap$KeySet from /usr/lib/jvm/java-8-openjdk/jre/lib/rt.jar]
[Loaded sun.misc.JavaNetAccess from /usr/lib/jvm/java-8-openjdk/jre/lib/rt.jar]
[Loaded java.net.URLClassLoader$7 from /usr/lib/jvm/java-8-openjdk/jre/lib/rt.jar]
[Loaded sun.misc.Launcher$ExtClassLoader$1 from /usr/lib/jvm/java-8-openjdk/jre/lib/rt.jar]
[Loaded java.util.StringTokenizer from /usr/lib/jvm/java-8-openjdk/jre/lib/rt.jar]
[Loaded sun.misc.MetaIndex from /usr/lib/jvm/java-8-openjdk/jre/lib/rt.jar]
[Loaded java.lang.Readable from /usr/lib/jvm/java-8-openjdk/jre/lib/rt.jar]
[Loaded java.io.Reader from /usr/lib/jvm/java-8-openjdk/jre/lib/rt.jar]
[Loaded java.io.BufferedReader from /usr/lib/jvm/java-8-openjdk/jre/lib/rt.jar]
[Loaded java.io.InputStreamReader from /usr/lib/jvm/java-8-openjdk/jre/lib/rt.jar]
[Loaded java.io.FileReader from /usr/lib/jvm/java-8-openjdk/jre/lib/rt.jar]
[Loaded sun.nio.cs.StreamDecoder from /usr/lib/jvm/java-8-openjdk/jre/lib/rt.jar]
[Loaded java.nio.CharBuffer from /usr/lib/jvm/java-8-openjdk/jre/lib/rt.jar]
[Loaded java.nio.HeapCharBuffer from /usr/lib/jvm/java-8-openjdk/jre/lib/rt.jar]
[Loaded java.nio.charset.CoderResult from /usr/lib/jvm/java-8-openjdk/jre/lib/rt.jar]
[Loaded java.nio.charset.CoderResult$Cache from /usr/lib/jvm/java-8-openjdk/jre/lib/rt.jar]
[Loaded java.nio.charset.CoderResult$1 from /usr/lib/jvm/java-8-openjdk/jre/lib/rt.jar]
[Loaded java.nio.charset.CoderResult$2 from /usr/lib/jvm/java-8-openjdk/jre/lib/rt.jar]
[Loaded java.lang.reflect.Array from /usr/lib/jvm/java-8-openjdk/jre/lib/rt.jar]
[Loaded java.util.HashMap$TreeNode from /usr/lib/jvm/java-8-openjdk/jre/lib/rt.jar]
[Loaded java.io.FileInputStream$1 from /usr/lib/jvm/java-8-openjdk/jre/lib/rt.jar]
[Loaded sun.net.www.ParseUtil from /usr/lib/jvm/java-8-openjdk/jre/lib/rt.jar]
[Loaded java.util.BitSet from /usr/lib/jvm/java-8-openjdk/jre/lib/rt.jar]
[Loaded java.util.Locale from /usr/lib/jvm/java-8-openjdk/jre/lib/rt.jar]
[Loaded sun.util.locale.LocaleObjectCache from /usr/lib/jvm/java-8-openjdk/jre/lib/rt.jar]
[Loaded java.util.Locale$Cache from /usr/lib/jvm/java-8-openjdk/jre/lib/rt.jar]
[Loaded java.util.concurrent.ConcurrentMap from /usr/lib/jvm/java-8-openjdk/jre/lib/rt.jar]
[Loaded java.util.concurrent.ConcurrentHashMap from /usr/lib/jvm/java-8-openjdk/jre/lib/rt.jar]
[Loaded java.util.concurrent.locks.Lock from /usr/lib/jvm/java-8-openjdk/jre/lib/rt.jar]
[Loaded java.util.concurrent.locks.ReentrantLock from /usr/lib/jvm/java-8-openjdk/jre/lib/rt.jar]
[Loaded java.util.concurrent.ConcurrentHashMap$Segment from /usr/lib/jvm/java-8-openjdk/jre/lib/rt.jar]
[Loaded java.util.concurrent.ConcurrentHashMap$Node from /usr/lib/jvm/java-8-openjdk/jre/lib/rt.jar]
[Loaded java.util.concurrent.ConcurrentHashMap$CounterCell from /usr/lib/jvm/java-8-openjdk/jre/lib/rt.jar]
[Loaded java.util.concurrent.ConcurrentHashMap$CollectionView from /usr/lib/jvm/java-8-openjdk/jre/lib/rt.jar]
[Loaded java.util.concurrent.ConcurrentHashMap$KeySetView from /usr/lib/jvm/java-8-openjdk/jre/lib/rt.jar]
[Loaded java.util.concurrent.ConcurrentHashMap$ValuesView from /usr/lib/jvm/java-8-openjdk/jre/lib/rt.jar]
[Loaded java.util.concurrent.ConcurrentHashMap$EntrySetView from /usr/lib/jvm/java-8-openjdk/jre/lib/rt.jar]
[Loaded sun.util.locale.BaseLocale from /usr/lib/jvm/java-8-openjdk/jre/lib/rt.jar]
[Loaded sun.util.locale.BaseLocale$Cache from /usr/lib/jvm/java-8-openjdk/jre/lib/rt.jar]
[Loaded sun.util.locale.BaseLocale$Key from /usr/lib/jvm/java-8-openjdk/jre/lib/rt.jar]
[Loaded sun.util.locale.LocaleObjectCache$CacheEntry from /usr/lib/jvm/java-8-openjdk/jre/lib/rt.jar]
[Loaded java.util.Locale$LocaleKey from /usr/lib/jvm/java-8-openjdk/jre/lib/rt.jar]
[Loaded sun.util.locale.LocaleUtils from /usr/lib/jvm/java-8-openjdk/jre/lib/rt.jar]
[Loaded java.lang.CharacterData from /usr/lib/jvm/java-8-openjdk/jre/lib/rt.jar]
[Loaded java.lang.CharacterDataLatin1 from /usr/lib/jvm/java-8-openjdk/jre/lib/rt.jar]
[Loaded java.net.Parts from /usr/lib/jvm/java-8-openjdk/jre/lib/rt.jar]
[Loaded java.net.URLStreamHandler from /usr/lib/jvm/java-8-openjdk/jre/lib/rt.jar]
[Loaded sun.net.www.protocol.file.Handler from /usr/lib/jvm/java-8-openjdk/jre/lib/rt.jar]
[Loaded sun.net.util.IPAddressUtil from /usr/lib/jvm/java-8-openjdk/jre/lib/rt.jar]
[Loaded sun.misc.JavaSecurityAccess from /usr/lib/jvm/java-8-openjdk/jre/lib/rt.jar]
[Loaded java.security.ProtectionDomain$JavaSecurityAccessImpl from /usr/lib/jvm/java-8-openjdk/jre/lib/rt.jar]
[Loaded sun.misc.JavaSecurityProtectionDomainAccess from /usr/lib/jvm/java-8-openjdk/jre/lib/rt.jar]
[Loaded java.security.ProtectionDomain$2 from /usr/lib/jvm/java-8-openjdk/jre/lib/rt.jar]
[Loaded java.security.ProtectionDomain$Key from /usr/lib/jvm/java-8-openjdk/jre/lib/rt.jar]
[Loaded java.security.Principal from /usr/lib/jvm/java-8-openjdk/jre/lib/rt.jar]
[Loaded sun.misc.URLClassPath from /usr/lib/jvm/java-8-openjdk/jre/lib/rt.jar]
[Loaded sun.net.www.protocol.jar.Handler from /usr/lib/jvm/java-8-openjdk/jre/lib/rt.jar]
[Loaded sun.misc.Launcher$AppClassLoader$1 from /usr/lib/jvm/java-8-openjdk/jre/lib/rt.jar]
[Loaded java.lang.SystemClassLoaderAction from /usr/lib/jvm/java-8-openjdk/jre/lib/rt.jar]
[Opened /usr/lib/jvm/java-8-openjdk/jre/lib/jfr.jar]
[Loaded jdk.jfr.internal.EventWriter from /usr/lib/jvm/java-8-openjdk/jre/lib/jfr.jar]
[Loaded java.lang.invoke.MethodHandleImpl from /usr/lib/jvm/java-8-openjdk/jre/lib/rt.jar]
[Loaded java.lang.invoke.MethodHandleImpl$1 from /usr/lib/jvm/java-8-openjdk/jre/lib/rt.jar]
[Loaded java.util.function.Function from /usr/lib/jvm/java-8-openjdk/jre/lib/rt.jar]
[Loaded java.lang.invoke.MethodHandleImpl$2 from /usr/lib/jvm/java-8-openjdk/jre/lib/rt.jar]
[Loaded java.lang.invoke.MethodHandleImpl$3 from /usr/lib/jvm/java-8-openjdk/jre/lib/rt.jar]
[Loaded java.lang.ClassValue from /usr/lib/jvm/java-8-openjdk/jre/lib/rt.jar]
[Loaded java.lang.invoke.MethodHandleImpl$4 from /usr/lib/jvm/java-8-openjdk/jre/lib/rt.jar]
[Loaded java.lang.ClassValue$Entry from /usr/lib/jvm/java-8-openjdk/jre/lib/rt.jar]
[Loaded java.lang.ClassValue$Identity from /usr/lib/jvm/java-8-openjdk/jre/lib/rt.jar]
[Loaded java.lang.ClassValue$Version from /usr/lib/jvm/java-8-openjdk/jre/lib/rt.jar]
[Loaded java.lang.invoke.MemberName$Factory from /usr/lib/jvm/java-8-openjdk/jre/lib/rt.jar]
[Loaded java.lang.invoke.MethodHandleStatics from /usr/lib/jvm/java-8-openjdk/jre/lib/rt.jar]
[Loaded java.lang.invoke.MethodHandleStatics$1 from /usr/lib/jvm/java-8-openjdk/jre/lib/rt.jar]
[Loaded sun.launcher.LauncherHelper from /usr/lib/jvm/java-8-openjdk/jre/lib/rt.jar]
[Loaded java.util.zip.ZipConstants from /usr/lib/jvm/java-8-openjdk/jre/lib/rt.jar]
[Loaded java.util.zip.ZipFile from /usr/lib/jvm/java-8-openjdk/jre/lib/rt.jar]
[Loaded java.util.jar.JarFile from /usr/lib/jvm/java-8-openjdk/jre/lib/rt.jar]
[Loaded sun.misc.JavaUtilZipFileAccess from /usr/lib/jvm/java-8-openjdk/jre/lib/rt.jar]
[Loaded java.util.zip.ZipFile$1 from /usr/lib/jvm/java-8-openjdk/jre/lib/rt.jar]
[Loaded sun.misc.JavaUtilJarAccess from /usr/lib/jvm/java-8-openjdk/jre/lib/rt.jar]
[Loaded java.util.jar.JavaUtilJarAccessImpl from /usr/lib/jvm/java-8-openjdk/jre/lib/rt.jar]
[Loaded java.nio.charset.StandardCharsets from /usr/lib/jvm/java-8-openjdk/jre/lib/rt.jar]
[Loaded sun.nio.cs.US_ASCII from /usr/lib/jvm/java-8-openjdk/jre/lib/rt.jar]
[Loaded sun.nio.cs.ISO_8859_1 from /usr/lib/jvm/java-8-openjdk/jre/lib/rt.jar]
[Loaded sun.nio.cs.UTF_16BE from /usr/lib/jvm/java-8-openjdk/jre/lib/rt.jar]
[Loaded sun.nio.cs.UTF_16LE from /usr/lib/jvm/java-8-openjdk/jre/lib/rt.jar]
[Loaded sun.nio.cs.UTF_16 from /usr/lib/jvm/java-8-openjdk/jre/lib/rt.jar]
[Loaded java.util.Queue from /usr/lib/jvm/java-8-openjdk/jre/lib/rt.jar]
[Loaded java.util.Deque from /usr/lib/jvm/java-8-openjdk/jre/lib/rt.jar]
[Loaded java.util.ArrayDeque from /usr/lib/jvm/java-8-openjdk/jre/lib/rt.jar]
[Loaded java.util.zip.ZipCoder from /usr/lib/jvm/java-8-openjdk/jre/lib/rt.jar]
[Loaded sun.misc.PerfCounter from /usr/lib/jvm/java-8-openjdk/jre/lib/rt.jar]
[Loaded sun.misc.Perf$GetPerfAction from /usr/lib/jvm/java-8-openjdk/jre/lib/rt.jar]
[Loaded sun.misc.Perf from /usr/lib/jvm/java-8-openjdk/jre/lib/rt.jar]
[Loaded sun.misc.PerfCounter$CoreCounters from /usr/lib/jvm/java-8-openjdk/jre/lib/rt.jar]
[Loaded sun.nio.ch.DirectBuffer from /usr/lib/jvm/java-8-openjdk/jre/lib/rt.jar]
[Loaded java.nio.MappedByteBuffer from /usr/lib/jvm/java-8-openjdk/jre/lib/rt.jar]
[Loaded java.nio.DirectByteBuffer from /usr/lib/jvm/java-8-openjdk/jre/lib/rt.jar]
[Loaded java.nio.LongBuffer from /usr/lib/jvm/java-8-openjdk/jre/lib/rt.jar]
[Loaded java.nio.DirectLongBufferU from /usr/lib/jvm/java-8-openjdk/jre/lib/rt.jar]
[Loaded java.util.zip.ZipEntry from /usr/lib/jvm/java-8-openjdk/jre/lib/rt.jar]
[Loaded java.util.jar.JarEntry from /usr/lib/jvm/java-8-openjdk/jre/lib/rt.jar]
[Loaded java.util.jar.JarFile$JarFileEntry from /usr/lib/jvm/java-8-openjdk/jre/lib/rt.jar]
[Loaded java.util.zip.ZipFile$ZipFileInputStream from /usr/lib/jvm/java-8-openjdk/jre/lib/rt.jar]
[Loaded java.util.zip.Inflater from /usr/lib/jvm/java-8-openjdk/jre/lib/rt.jar]
[Loaded java.util.zip.ZStreamRef from /usr/lib/jvm/java-8-openjdk/jre/lib/rt.jar]
[Loaded java.util.zip.InflaterInputStream from /usr/lib/jvm/java-8-openjdk/jre/lib/rt.jar]
[Loaded java.util.zip.ZipFile$ZipFileInflaterInputStream from /usr/lib/jvm/java-8-openjdk/jre/lib/rt.jar]
[Loaded sun.security.util.SignatureFileVerifier from /usr/lib/jvm/java-8-openjdk/jre/lib/rt.jar]
[Loaded sun.security.action.GetIntegerAction from /usr/lib/jvm/java-8-openjdk/jre/lib/rt.jar]
[Loaded sun.misc.IOUtils from /usr/lib/jvm/java-8-openjdk/jre/lib/rt.jar]
[Loaded java.util.jar.JarVerifier from /usr/lib/jvm/java-8-openjdk/jre/lib/rt.jar]
[Loaded java.security.CodeSigner from /usr/lib/jvm/java-8-openjdk/jre/lib/rt.jar]
[Loaded java.util.jar.JarVerifier$3 from /usr/lib/jvm/java-8-openjdk/jre/lib/rt.jar]
[Loaded java.io.ByteArrayOutputStream from /usr/lib/jvm/java-8-openjdk/jre/lib/rt.jar]
[Loaded java.util.jar.Attributes from /usr/lib/jvm/java-8-openjdk/jre/lib/rt.jar]
[Loaded java.util.jar.Manifest$FastInputStream from /usr/lib/jvm/java-8-openjdk/jre/lib/rt.jar]
[Loaded java.util.jar.Attributes$Name from /usr/lib/jvm/java-8-openjdk/jre/lib/rt.jar]
[Loaded sun.misc.ASCIICaseInsensitiveComparator from /usr/lib/jvm/java-8-openjdk/jre/lib/rt.jar]
[Loaded java.net.URLClassLoader$1 from /usr/lib/jvm/java-8-openjdk/jre/lib/rt.jar]
[Loaded sun.net.util.URLUtil from /usr/lib/jvm/java-8-openjdk/jre/lib/rt.jar]
[Loaded sun.misc.URLClassPath$3 from /usr/lib/jvm/java-8-openjdk/jre/lib/rt.jar]
[Loaded sun.misc.URLClassPath$Loader from /usr/lib/jvm/java-8-openjdk/jre/lib/rt.jar]
[Loaded sun.misc.URLClassPath$JarLoader from /usr/lib/jvm/java-8-openjdk/jre/lib/rt.jar]
[Loaded sun.nio.cs.ThreadLocalCoders from /usr/lib/jvm/java-8-openjdk/jre/lib/rt.jar]
[Loaded sun.nio.cs.ThreadLocalCoders$Cache from /usr/lib/jvm/java-8-openjdk/jre/lib/rt.jar]
[Loaded sun.nio.cs.ThreadLocalCoders$1 from /usr/lib/jvm/java-8-openjdk/jre/lib/rt.jar]
[Loaded sun.nio.cs.ThreadLocalCoders$2 from /usr/lib/jvm/java-8-openjdk/jre/lib/rt.jar]
[Loaded sun.misc.URLClassPath$JarLoader$1 from /usr/lib/jvm/java-8-openjdk/jre/lib/rt.jar]
[Loaded sun.misc.FileURLMapper from /usr/lib/jvm/java-8-openjdk/jre/lib/rt.jar]
[Loaded sun.misc.JarIndex from /usr/lib/jvm/java-8-openjdk/jre/lib/rt.jar]
[Loaded sun.misc.ExtensionDependency from /usr/lib/jvm/java-8-openjdk/jre/lib/rt.jar]
[Loaded sun.misc.Resource from /usr/lib/jvm/java-8-openjdk/jre/lib/rt.jar]
[Loaded sun.misc.URLClassPath$JarLoader$2 from /usr/lib/jvm/java-8-openjdk/jre/lib/rt.jar]
[Loaded java.lang.Package from /usr/lib/jvm/java-8-openjdk/jre/lib/rt.jar]
[Loaded sun.nio.ByteBuffered from /usr/lib/jvm/java-8-openjdk/jre/lib/rt.jar]
[Loaded java.util.zip.Checksum from /usr/lib/jvm/java-8-openjdk/jre/lib/rt.jar]
[Loaded java.util.zip.CRC32 from /usr/lib/jvm/java-8-openjdk/jre/lib/rt.jar]
[Loaded java.security.PermissionCollection from /usr/lib/jvm/java-8-openjdk/jre/lib/rt.jar]
[Loaded java.security.Permissions from /usr/lib/jvm/java-8-openjdk/jre/lib/rt.jar]
[Loaded java.net.URLConnection from /usr/lib/jvm/java-8-openjdk/jre/lib/rt.jar]
[Loaded sun.net.www.URLConnection from /usr/lib/jvm/java-8-openjdk/jre/lib/rt.jar]
[Loaded sun.net.www.protocol.file.FileURLConnection from /usr/lib/jvm/java-8-openjdk/jre/lib/rt.jar]
[Loaded sun.net.www.MessageHeader from /usr/lib/jvm/java-8-openjdk/jre/lib/rt.jar]
[Loaded java.io.FilePermission from /usr/lib/jvm/java-8-openjdk/jre/lib/rt.jar]
[Loaded sun.nio.fs.DefaultFileSystemProvider from /usr/lib/jvm/java-8-openjdk/jre/lib/rt.jar]
[Loaded java.nio.file.spi.FileSystemProvider from /usr/lib/jvm/java-8-openjdk/jre/lib/rt.jar]
[Loaded sun.nio.fs.AbstractFileSystemProvider from /usr/lib/jvm/java-8-openjdk/jre/lib/rt.jar]
[Loaded sun.nio.fs.UnixFileSystemProvider from /usr/lib/jvm/java-8-openjdk/jre/lib/rt.jar]
[Loaded sun.nio.fs.LinuxFileSystemProvider from /usr/lib/jvm/java-8-openjdk/jre/lib/rt.jar]
[Loaded java.nio.file.FileSystem from /usr/lib/jvm/java-8-openjdk/jre/lib/rt.jar]
[Loaded sun.nio.fs.UnixFileSystem from /usr/lib/jvm/java-8-openjdk/jre/lib/rt.jar]
[Loaded sun.nio.fs.LinuxFileSystem from /usr/lib/jvm/java-8-openjdk/jre/lib/rt.jar]
[Loaded sun.nio.fs.AbstractPath from /usr/lib/jvm/java-8-openjdk/jre/lib/rt.jar]
[Loaded sun.nio.fs.UnixPath from /usr/lib/jvm/java-8-openjdk/jre/lib/rt.jar]
[Loaded sun.nio.fs.Util from /usr/lib/jvm/java-8-openjdk/jre/lib/rt.jar]
[Loaded sun.nio.fs.UnixNativeDispatcher from /usr/lib/jvm/java-8-openjdk/jre/lib/rt.jar]
[Loaded sun.nio.fs.UnixNativeDispatcher$1 from /usr/lib/jvm/java-8-openjdk/jre/lib/rt.jar]
[Loaded java.nio.file.attribute.BasicFileAttributes from /usr/lib/jvm/java-8-openjdk/jre/lib/rt.jar]
[Loaded java.nio.file.attribute.PosixFileAttributes from /usr/lib/jvm/java-8-openjdk/jre/lib/rt.jar]
[Loaded sun.nio.fs.UnixFileAttributes from /usr/lib/jvm/java-8-openjdk/jre/lib/rt.jar]
[Loaded sun.nio.fs.UnixFileStoreAttributes from /usr/lib/jvm/java-8-openjdk/jre/lib/rt.jar]
[Loaded sun.nio.fs.UnixMountEntry from /usr/lib/jvm/java-8-openjdk/jre/lib/rt.jar]
[Loaded java.net.URI from /usr/lib/jvm/java-8-openjdk/jre/lib/rt.jar]
[Loaded java.net.URI$Parser from /usr/lib/jvm/java-8-openjdk/jre/lib/rt.jar]
[Loaded java.io.FilePermission$1 from /usr/lib/jvm/java-8-openjdk/jre/lib/rt.jar]
[Loaded java.io.FilePermissionCollection from /usr/lib/jvm/java-8-openjdk/jre/lib/rt.jar]
[Loaded java.security.AllPermission from /usr/lib/jvm/java-8-openjdk/jre/lib/rt.jar]
[Loaded java.security.UnresolvedPermission from /usr/lib/jvm/java-8-openjdk/jre/lib/rt.jar]
[Loaded java.security.BasicPermissionCollection from /usr/lib/jvm/java-8-openjdk/jre/lib/rt.jar]
[Loaded mb from file:/home/tnazep/My%20Stuff/Dev/MC-Origins/reference/source/beta-1.7.3/server/original/minecraft_server.jar]
[Loaded net.minecraft.server.MinecraftServer from file:/home/tnazep/My%20Stuff/Dev/MC-Origins/reference/source/beta-1.7.3/server/original/minecraft_server.jar]
[Loaded sun.launcher.LauncherHelper$FXHelper from /usr/lib/jvm/java-8-openjdk/jre/lib/rt.jar]
[Loaded java.lang.Class$MethodArray from /usr/lib/jvm/java-8-openjdk/jre/lib/rt.jar]
[Loaded java.lang.NumberFormatException from /usr/lib/jvm/java-8-openjdk/jre/lib/rt.jar]
[Loaded java.io.IOException from /usr/lib/jvm/java-8-openjdk/jre/lib/rt.jar]
[Loaded bs from file:/home/tnazep/My%20Stuff/Dev/MC-Origins/reference/source/beta-1.7.3/server/original/minecraft_server.jar]
[Loaded il from file:/home/tnazep/My%20Stuff/Dev/MC-Origins/reference/source/beta-1.7.3/server/original/minecraft_server.jar]
[Loaded java.util.concurrent.ConcurrentHashMap$ForwardingNode from /usr/lib/jvm/java-8-openjdk/jre/lib/rt.jar]
[Loaded gt from file:/home/tnazep/My%20Stuff/Dev/MC-Origins/reference/source/beta-1.7.3/server/original/minecraft_server.jar]
[Loaded ew from file:/home/tnazep/My%20Stuff/Dev/MC-Origins/reference/source/beta-1.7.3/server/original/minecraft_server.jar]
[Loaded pj from file:/home/tnazep/My%20Stuff/Dev/MC-Origins/reference/source/beta-1.7.3/server/original/minecraft_server.jar]
[Loaded om from file:/home/tnazep/My%20Stuff/Dev/MC-Origins/reference/source/beta-1.7.3/server/original/minecraft_server.jar]
[Loaded jp from file:/home/tnazep/My%20Stuff/Dev/MC-Origins/reference/source/beta-1.7.3/server/original/minecraft_server.jar]
[Loaded nl from file:/home/tnazep/My%20Stuff/Dev/MC-Origins/reference/source/beta-1.7.3/server/original/minecraft_server.jar]
[Loaded pb from file:/home/tnazep/My%20Stuff/Dev/MC-Origins/reference/source/beta-1.7.3/server/original/minecraft_server.jar]
[Loaded dj from file:/home/tnazep/My%20Stuff/Dev/MC-Origins/reference/source/beta-1.7.3/server/original/minecraft_server.jar]
[Loaded dp from file:/home/tnazep/My%20Stuff/Dev/MC-Origins/reference/source/beta-1.7.3/server/original/minecraft_server.jar]
[Loaded dg from file:/home/tnazep/My%20Stuff/Dev/MC-Origins/reference/source/beta-1.7.3/server/original/minecraft_server.jar]
[Loaded java.lang.Void from /usr/lib/jvm/java-8-openjdk/jre/lib/rt.jar]
[Loaded java.util.logging.Logger from /usr/lib/jvm/java-8-openjdk/jre/lib/rt.jar]
[Loaded java.util.logging.Handler from /usr/lib/jvm/java-8-openjdk/jre/lib/rt.jar]
[Loaded java.util.logging.Level from /usr/lib/jvm/java-8-openjdk/jre/lib/rt.jar]
[Loaded java.util.logging.Level$KnownLevel from /usr/lib/jvm/java-8-openjdk/jre/lib/rt.jar]
[Loaded java.util.logging.Logger$LoggerBundle from /usr/lib/jvm/java-8-openjdk/jre/lib/rt.jar]
[Loaded java.util.concurrent.CopyOnWriteArrayList from /usr/lib/jvm/java-8-openjdk/jre/lib/rt.jar]
[Loaded java.util.concurrent.locks.AbstractOwnableSynchronizer from /usr/lib/jvm/java-8-openjdk/jre/lib/rt.jar]
[Loaded java.util.concurrent.locks.AbstractQueuedSynchronizer from /usr/lib/jvm/java-8-openjdk/jre/lib/rt.jar]
[Loaded java.util.concurrent.locks.ReentrantLock$Sync from /usr/lib/jvm/java-8-openjdk/jre/lib/rt.jar]
[Loaded java.util.concurrent.locks.ReentrantLock$NonfairSync from /usr/lib/jvm/java-8-openjdk/jre/lib/rt.jar]
[Loaded java.util.concurrent.locks.AbstractQueuedSynchronizer$Node from /usr/lib/jvm/java-8-openjdk/jre/lib/rt.jar]
[Loaded java.util.logging.LogManager from /usr/lib/jvm/java-8-openjdk/jre/lib/rt.jar]
[Loaded java.util.logging.LogManager$1 from /usr/lib/jvm/java-8-openjdk/jre/lib/rt.jar]
[Loaded java.util.logging.LogManager$LoggerContext from /usr/lib/jvm/java-8-openjdk/jre/lib/rt.jar]
[Loaded java.util.logging.LogManager$SystemLoggerContext from /usr/lib/jvm/java-8-openjdk/jre/lib/rt.jar]
[Loaded java.util.logging.LogManager$LogNode from /usr/lib/jvm/java-8-openjdk/jre/lib/rt.jar]
[Loaded java.util.logging.LoggingPermission from /usr/lib/jvm/java-8-openjdk/jre/lib/rt.jar]
[Loaded java.util.logging.LogManager$Cleaner from /usr/lib/jvm/java-8-openjdk/jre/lib/rt.jar]
[Loaded java.lang.ApplicationShutdownHooks from /usr/lib/jvm/java-8-openjdk/jre/lib/rt.jar]
[Loaded java.lang.ApplicationShutdownHooks$1 from /usr/lib/jvm/java-8-openjdk/jre/lib/rt.jar]
[Loaded java.lang.Shutdown from /usr/lib/jvm/java-8-openjdk/jre/lib/rt.jar]
[Loaded java.lang.Shutdown$Lock from /usr/lib/jvm/java-8-openjdk/jre/lib/rt.jar]
[Loaded java.util.IdentityHashMap from /usr/lib/jvm/java-8-openjdk/jre/lib/rt.jar]
[Loaded java.util.logging.LogManager$2 from /usr/lib/jvm/java-8-openjdk/jre/lib/rt.jar]
[Loaded java.util.logging.LogManager$3 from /usr/lib/jvm/java-8-openjdk/jre/lib/rt.jar]
[Loaded java.util.ArrayList$Itr from /usr/lib/jvm/java-8-openjdk/jre/lib/rt.jar]
[Loaded java.util.logging.LogManager$LoggerWeakRef from /usr/lib/jvm/java-8-openjdk/jre/lib/rt.jar]
[Loaded java.util.logging.LogManager$LoggerContext$1 from /usr/lib/jvm/java-8-openjdk/jre/lib/rt.jar]
[Loaded java.util.Properties$LineReader from /usr/lib/jvm/java-8-openjdk/jre/lib/rt.jar]
[Loaded sun.util.logging.PlatformLogger from /usr/lib/jvm/java-8-openjdk/jre/lib/rt.jar]
[Loaded sun.util.logging.PlatformLogger$Level from /usr/lib/jvm/java-8-openjdk/jre/lib/rt.jar]
[Loaded sun.util.logging.PlatformLogger$1 from /usr/lib/jvm/java-8-openjdk/jre/lib/rt.jar]
[Loaded sun.util.logging.PlatformLogger$LoggerProxy from /usr/lib/jvm/java-8-openjdk/jre/lib/rt.jar]
[Loaded sun.util.logging.PlatformLogger$DefaultLoggerProxy from /usr/lib/jvm/java-8-openjdk/jre/lib/rt.jar]
[Loaded sun.util.logging.PlatformLogger$JavaLoggerProxy from /usr/lib/jvm/java-8-openjdk/jre/lib/rt.jar]
[Loaded sun.util.logging.LoggingSupport from /usr/lib/jvm/java-8-openjdk/jre/lib/rt.jar]
[Loaded sun.util.logging.LoggingSupport$1 from /usr/lib/jvm/java-8-openjdk/jre/lib/rt.jar]
[Loaded sun.util.logging.LoggingProxy from /usr/lib/jvm/java-8-openjdk/jre/lib/rt.jar]
[Loaded java.util.logging.LoggingProxyImpl from /usr/lib/jvm/java-8-openjdk/jre/lib/rt.jar]
[Loaded sun.reflect.UnsafeFieldAccessorFactory from /usr/lib/jvm/java-8-openjdk/jre/lib/rt.jar]
[Loaded sun.reflect.UnsafeQualifiedStaticFieldAccessorImpl from /usr/lib/jvm/java-8-openjdk/jre/lib/rt.jar]
[Loaded sun.reflect.UnsafeQualifiedStaticObjectFieldAccessorImpl from /usr/lib/jvm/java-8-openjdk/jre/lib/rt.jar]
[Loaded java.util.HashMap$EntrySet from /usr/lib/jvm/java-8-openjdk/jre/lib/rt.jar]
[Loaded java.util.HashMap$HashIterator from /usr/lib/jvm/java-8-openjdk/jre/lib/rt.jar]
[Loaded java.util.HashMap$EntryIterator from /usr/lib/jvm/java-8-openjdk/jre/lib/rt.jar]
[Loaded java.util.logging.LogManager$RootLogger from /usr/lib/jvm/java-8-openjdk/jre/lib/rt.jar]
[Loaded java.util.HashMap$Values from /usr/lib/jvm/java-8-openjdk/jre/lib/rt.jar]
[Loaded java.util.HashMap$ValueIterator from /usr/lib/jvm/java-8-openjdk/jre/lib/rt.jar]
[Loaded java.util.logging.LogManager$5 from /usr/lib/jvm/java-8-openjdk/jre/lib/rt.jar]
[Loaded gg from file:/home/tnazep/My%20Stuff/Dev/MC-Origins/reference/source/beta-1.7.3/server/original/minecraft_server.jar]
[Loaded ns from file:/home/tnazep/My%20Stuff/Dev/MC-Origins/reference/source/beta-1.7.3/server/original/minecraft_server.jar]
[Loaded pm from file:/home/tnazep/My%20Stuff/Dev/MC-Origins/reference/source/beta-1.7.3/server/original/minecraft_server.jar]
[Loaded oe from file:/home/tnazep/My%20Stuff/Dev/MC-Origins/reference/source/beta-1.7.3/server/original/minecraft_server.jar]
[Loaded java.text.Format from /usr/lib/jvm/java-8-openjdk/jre/lib/rt.jar]
[Loaded java.text.NumberFormat from /usr/lib/jvm/java-8-openjdk/jre/lib/rt.jar]
[Loaded java.util.spi.LocaleServiceProvider from /usr/lib/jvm/java-8-openjdk/jre/lib/rt.jar]
[Loaded java.text.spi.NumberFormatProvider from /usr/lib/jvm/java-8-openjdk/jre/lib/rt.jar]
[Loaded sun.util.locale.provider.LocaleProviderAdapter from /usr/lib/jvm/java-8-openjdk/jre/lib/rt.jar]
[Loaded sun.util.locale.provider.ResourceBundleBasedAdapter from /usr/lib/jvm/java-8-openjdk/jre/lib/rt.jar]
[Loaded sun.util.locale.provider.JRELocaleProviderAdapter from /usr/lib/jvm/java-8-openjdk/jre/lib/rt.jar]
[Loaded sun.util.locale.provider.AuxLocaleProviderAdapter from /usr/lib/jvm/java-8-openjdk/jre/lib/rt.jar]
[Loaded sun.util.locale.provider.SPILocaleProviderAdapter from /usr/lib/jvm/java-8-openjdk/jre/lib/rt.jar]
[Loaded sun.util.locale.provider.AuxLocaleProviderAdapter$NullProvider from /usr/lib/jvm/java-8-openjdk/jre/lib/rt.jar]
[Loaded sun.util.locale.provider.LocaleProviderAdapter$Type from /usr/lib/jvm/java-8-openjdk/jre/lib/rt.jar]
[Loaded java.util.Collections$UnmodifiableCollection$1 from /usr/lib/jvm/java-8-openjdk/jre/lib/rt.jar]
[Loaded sun.util.locale.provider.LocaleProviderAdapter$1 from /usr/lib/jvm/java-8-openjdk/jre/lib/rt.jar]
[Loaded sun.util.locale.provider.AvailableLanguageTags from /usr/lib/jvm/java-8-openjdk/jre/lib/rt.jar]
[Loaded sun.util.locale.provider.NumberFormatProviderImpl from /usr/lib/jvm/java-8-openjdk/jre/lib/rt.jar]
[Loaded sun.util.locale.provider.LocaleDataMetaInfo from /usr/lib/jvm/java-8-openjdk/jre/lib/rt.jar]
[Loaded java.util.HashSet from /usr/lib/jvm/java-8-openjdk/jre/lib/rt.jar]
[Loaded sun.util.locale.provider.JRELocaleProviderAdapter$1 from /usr/lib/jvm/java-8-openjdk/jre/lib/rt.jar]
[Loaded sun.util.locale.LanguageTag from /usr/lib/jvm/java-8-openjdk/jre/lib/rt.jar]
[Loaded java.util.Collections$EmptyIterator from /usr/lib/jvm/java-8-openjdk/jre/lib/rt.jar]
[Loaded sun.util.locale.provider.LocaleResources from /usr/lib/jvm/java-8-openjdk/jre/lib/rt.jar]
[Loaded sun.util.resources.LocaleData from /usr/lib/jvm/java-8-openjdk/jre/lib/rt.jar]
[Loaded sun.util.resources.LocaleData$1 from /usr/lib/jvm/java-8-openjdk/jre/lib/rt.jar]
[Loaded java.util.ResourceBundle$Control from /usr/lib/jvm/java-8-openjdk/jre/lib/rt.jar]
[Loaded sun.util.resources.LocaleData$LocaleDataResourceBundleControl from /usr/lib/jvm/java-8-openjdk/jre/lib/rt.jar]
[Loaded java.util.Arrays$ArrayList from /usr/lib/jvm/java-8-openjdk/jre/lib/rt.jar]
[Loaded java.util.ResourceBundle$Control$CandidateListCache from /usr/lib/jvm/java-8-openjdk/jre/lib/rt.jar]
[Loaded java.util.ResourceBundle from /usr/lib/jvm/java-8-openjdk/jre/lib/rt.jar]
[Loaded java.util.ResourceBundle$1 from /usr/lib/jvm/java-8-openjdk/jre/lib/rt.jar]
[Loaded java.util.spi.ResourceBundleControlProvider from /usr/lib/jvm/java-8-openjdk/jre/lib/rt.jar]
[Loaded java.util.ServiceLoader from /usr/lib/jvm/java-8-openjdk/jre/lib/rt.jar]
[Loaded java.util.ServiceLoader$LazyIterator from /usr/lib/jvm/java-8-openjdk/jre/lib/rt.jar]
[Loaded java.util.ServiceLoader$1 from /usr/lib/jvm/java-8-openjdk/jre/lib/rt.jar]
[Loaded java.util.LinkedHashMap$LinkedEntrySet from /usr/lib/jvm/java-8-openjdk/jre/lib/rt.jar]
[Loaded java.util.LinkedHashMap$LinkedHashIterator from /usr/lib/jvm/java-8-openjdk/jre/lib/rt.jar]
[Loaded java.util.LinkedHashMap$LinkedEntryIterator from /usr/lib/jvm/java-8-openjdk/jre/lib/rt.jar]
[Loaded sun.misc.Launcher$BootClassPathHolder from /usr/lib/jvm/java-8-openjdk/jre/lib/rt.jar]
[Loaded sun.misc.Launcher$BootClassPathHolder$1 from /usr/lib/jvm/java-8-openjdk/jre/lib/rt.jar]
[Loaded sun.misc.URLClassPath$2 from /usr/lib/jvm/java-8-openjdk/jre/lib/rt.jar]
[Loaded java.lang.ClassLoader$2 from /usr/lib/jvm/java-8-openjdk/jre/lib/rt.jar]
[Loaded sun.misc.URLClassPath$1 from /usr/lib/jvm/java-8-openjdk/jre/lib/rt.jar]
[Loaded java.net.URLClassLoader$3 from /usr/lib/jvm/java-8-openjdk/jre/lib/rt.jar]
[Loaded sun.misc.CompoundEnumeration from /usr/lib/jvm/java-8-openjdk/jre/lib/rt.jar]
[Loaded java.io.FileNotFoundException from /usr/lib/jvm/java-8-openjdk/jre/lib/rt.jar]
[Loaded java.security.PrivilegedActionException from /usr/lib/jvm/java-8-openjdk/jre/lib/rt.jar]
[Loaded java.net.URLClassLoader$3$1 from /usr/lib/jvm/java-8-openjdk/jre/lib/rt.jar]
[Loaded java.util.ResourceBundle$RBClassLoader from /usr/lib/jvm/java-8-openjdk/jre/lib/rt.jar]
[Loaded java.util.ResourceBundle$RBClassLoader$1 from /usr/lib/jvm/java-8-openjdk/jre/lib/rt.jar]
[Loaded java.util.ResourceBundle$CacheKey from /usr/lib/jvm/java-8-openjdk/jre/lib/rt.jar]
[Loaded java.util.ResourceBundle$CacheKeyReference from /usr/lib/jvm/java-8-openjdk/jre/lib/rt.jar]
[Loaded java.util.ResourceBundle$LoaderReference from /usr/lib/jvm/java-8-openjdk/jre/lib/rt.jar]
[Loaded java.util.ResourceBundle$SingleFormatControl from /usr/lib/jvm/java-8-openjdk/jre/lib/rt.jar]
[Loaded java.util.AbstractSequentialList from /usr/lib/jvm/java-8-openjdk/jre/lib/rt.jar]
[Loaded java.util.LinkedList from /usr/lib/jvm/java-8-openjdk/jre/lib/rt.jar]
[Loaded java.util.LinkedList$Node from /usr/lib/jvm/java-8-openjdk/jre/lib/rt.jar]
[Loaded sun.util.resources.ParallelListResourceBundle from /usr/lib/jvm/java-8-openjdk/jre/lib/rt.jar]
[Loaded sun.text.resources.FormatData from /usr/lib/jvm/java-8-openjdk/jre/lib/rt.jar]
[Loaded java.util.concurrent.atomic.AtomicMarkableReference from /usr/lib/jvm/java-8-openjdk/jre/lib/rt.jar]
[Loaded java.util.concurrent.atomic.AtomicMarkableReference$Pair from /usr/lib/jvm/java-8-openjdk/jre/lib/rt.jar]
[Loaded java.util.ResourceBundle$BundleReference from /usr/lib/jvm/java-8-openjdk/jre/lib/rt.jar]
[Loaded sun.text.resources.en.FormatData_en from /usr/lib/jvm/java-8-openjdk/jre/lib/rt.jar]
[Loaded sun.text.resources.en.FormatData_en_US from /usr/lib/jvm/java-8-openjdk/jre/lib/rt.jar]
[Loaded sun.util.locale.provider.LocaleResources$ResourceReference from /usr/lib/jvm/java-8-openjdk/jre/lib/rt.jar]
[Loaded java.text.DecimalFormatSymbols from /usr/lib/jvm/java-8-openjdk/jre/lib/rt.jar]
[Loaded java.text.spi.DecimalFormatSymbolsProvider from /usr/lib/jvm/java-8-openjdk/jre/lib/rt.jar]
[Loaded sun.util.locale.provider.DecimalFormatSymbolsProviderImpl from /usr/lib/jvm/java-8-openjdk/jre/lib/rt.jar]
[Loaded sun.util.resources.ParallelListResourceBundle$KeySet from /usr/lib/jvm/java-8-openjdk/jre/lib/rt.jar]
[Loaded java.util.Currency from /usr/lib/jvm/java-8-openjdk/jre/lib/rt.jar]
[Loaded java.util.Currency$1 from /usr/lib/jvm/java-8-openjdk/jre/lib/rt.jar]
[Loaded java.io.DataInput from /usr/lib/jvm/java-8-openjdk/jre/lib/rt.jar]
[Loaded java.io.DataInputStream from /usr/lib/jvm/java-8-openjdk/jre/lib/rt.jar]
[Loaded java.util.Currency$SpecialCaseEntry from /usr/lib/jvm/java-8-openjdk/jre/lib/rt.jar]
[Loaded java.util.Currency$OtherCurrencyEntry from /usr/lib/jvm/java-8-openjdk/jre/lib/rt.jar]
[Loaded java.util.spi.CurrencyNameProvider from /usr/lib/jvm/java-8-openjdk/jre/lib/rt.jar]
[Loaded sun.util.locale.provider.LocaleServiceProviderPool from /usr/lib/jvm/java-8-openjdk/jre/lib/rt.jar]
[Loaded java.text.spi.BreakIteratorProvider from /usr/lib/jvm/java-8-openjdk/jre/lib/rt.jar]
[Loaded java.text.spi.CollatorProvider from /usr/lib/jvm/java-8-openjdk/jre/lib/rt.jar]
[Loaded java.text.spi.DateFormatProvider from /usr/lib/jvm/java-8-openjdk/jre/lib/rt.jar]
[Loaded java.text.spi.DateFormatSymbolsProvider from /usr/lib/jvm/java-8-openjdk/jre/lib/rt.jar]
[Loaded java.util.spi.LocaleNameProvider from /usr/lib/jvm/java-8-openjdk/jre/lib/rt.jar]
[Loaded java.util.spi.TimeZoneNameProvider from /usr/lib/jvm/java-8-openjdk/jre/lib/rt.jar]
[Loaded java.util.spi.CalendarDataProvider from /usr/lib/jvm/java-8-openjdk/jre/lib/rt.jar]
[Loaded sun.util.locale.provider.CurrencyNameProviderImpl from /usr/lib/jvm/java-8-openjdk/jre/lib/rt.jar]
[Loaded sun.util.locale.provider.SPILocaleProviderAdapter$1 from /usr/lib/jvm/java-8-openjdk/jre/lib/rt.jar]
[Loaded sun.util.locale.provider.LocaleServiceProviderPool$LocalizedObjectGetter from /usr/lib/jvm/java-8-openjdk/jre/lib/rt.jar]
[Loaded java.util.Currency$CurrencyNameGetter from /usr/lib/jvm/java-8-openjdk/jre/lib/rt.jar]
[Loaded sun.util.resources.OpenListResourceBundle from /usr/lib/jvm/java-8-openjdk/jre/lib/rt.jar]
[Loaded sun.util.resources.LocaleNamesBundle from /usr/lib/jvm/java-8-openjdk/jre/lib/rt.jar]
[Loaded sun.util.resources.CurrencyNames from /usr/lib/jvm/java-8-openjdk/jre/lib/rt.jar]
[Loaded sun.util.resources.en.CurrencyNames_en_US from /usr/lib/jvm/java-8-openjdk/jre/lib/rt.jar]
[Loaded java.util.HashMap$KeySet from /usr/lib/jvm/java-8-openjdk/jre/lib/rt.jar]
[Loaded java.text.DecimalFormat from /usr/lib/jvm/java-8-openjdk/jre/lib/rt.jar]
[Loaded java.text.FieldPosition from /usr/lib/jvm/java-8-openjdk/jre/lib/rt.jar]
[Loaded java.text.DigitList from /usr/lib/jvm/java-8-openjdk/jre/lib/rt.jar]
[Loaded java.math.RoundingMode from /usr/lib/jvm/java-8-openjdk/jre/lib/rt.jar]
[Loaded ax from file:/home/tnazep/My%20Stuff/Dev/MC-Origins/reference/source/beta-1.7.3/server/original/minecraft_server.jar]
[Loaded java.util.Locale$Category from /usr/lib/jvm/java-8-openjdk/jre/lib/rt.jar]
[Loaded java.util.Locale$1 from /usr/lib/jvm/java-8-openjdk/jre/lib/rt.jar]
[Loaded av from file:/home/tnazep/My%20Stuff/Dev/MC-Origins/reference/source/beta-1.7.3/server/original/minecraft_server.jar]
[Loaded at from file:/home/tnazep/My%20Stuff/Dev/MC-Origins/reference/source/beta-1.7.3/server/original/minecraft_server.jar]
[Loaded ch from file:/home/tnazep/My%20Stuff/Dev/MC-Origins/reference/source/beta-1.7.3/server/original/minecraft_server.jar]
[Loaded ii from file:/home/tnazep/My%20Stuff/Dev/MC-Origins/reference/source/beta-1.7.3/server/original/minecraft_server.jar]
[Loaded java.net.URLClassLoader$2 from /usr/lib/jvm/java-8-openjdk/jre/lib/rt.jar]
[Loaded java.net.JarURLConnection from /usr/lib/jvm/java-8-openjdk/jre/lib/rt.jar]
[Loaded sun.net.www.protocol.jar.JarURLConnection from /usr/lib/jvm/java-8-openjdk/jre/lib/rt.jar]
[Loaded sun.net.www.protocol.jar.URLJarFile$URLJarFileCloseController from /usr/lib/jvm/java-8-openjdk/jre/lib/rt.jar]
[Loaded sun.net.www.protocol.jar.JarFileFactory from /usr/lib/jvm/java-8-openjdk/jre/lib/rt.jar]
[Loaded sun.net.www.protocol.jar.URLJarFile from /usr/lib/jvm/java-8-openjdk/jre/lib/rt.jar]
[Loaded sun.net.www.protocol.jar.URLJarFile$URLJarFileEntry from /usr/lib/jvm/java-8-openjdk/jre/lib/rt.jar]
[Loaded sun.net.www.protocol.jar.JarURLConnection$JarURLInputStream from /usr/lib/jvm/java-8-openjdk/jre/lib/rt.jar]
[Loaded b from file:/home/tnazep/My%20Stuff/Dev/MC-Origins/reference/source/beta-1.7.3/server/original/minecraft_server.jar]
[Loaded java.util.ArrayList$SubList from /usr/lib/jvm/java-8-openjdk/jre/lib/rt.jar]
[Loaded java.util.ListIterator from /usr/lib/jvm/java-8-openjdk/jre/lib/rt.jar]
[Loaded java.util.ArrayList$SubList$1 from /usr/lib/jvm/java-8-openjdk/jre/lib/rt.jar]
[Loaded na from file:/home/tnazep/My%20Stuff/Dev/MC-Origins/reference/source/beta-1.7.3/server/original/minecraft_server.jar]
[Loaded bu from file:/home/tnazep/My%20Stuff/Dev/MC-Origins/reference/source/beta-1.7.3/server/original/minecraft_server.jar]
[Loaded aa from file:/home/tnazep/My%20Stuff/Dev/MC-Origins/reference/source/beta-1.7.3/server/original/minecraft_server.jar]
[Loaded x from file:/home/tnazep/My%20Stuff/Dev/MC-Origins/reference/source/beta-1.7.3/server/original/minecraft_server.jar]
[Loaded lq from file:/home/tnazep/My%20Stuff/Dev/MC-Origins/reference/source/beta-1.7.3/server/original/minecraft_server.jar]
[Loaded ez from file:/home/tnazep/My%20Stuff/Dev/MC-Origins/reference/source/beta-1.7.3/server/original/minecraft_server.jar]
[Loaded cx from file:/home/tnazep/My%20Stuff/Dev/MC-Origins/reference/source/beta-1.7.3/server/original/minecraft_server.jar]
[Loaded hj from file:/home/tnazep/My%20Stuff/Dev/MC-Origins/reference/source/beta-1.7.3/server/original/minecraft_server.jar]
[Loaded ho from file:/home/tnazep/My%20Stuff/Dev/MC-Origins/reference/source/beta-1.7.3/server/original/minecraft_server.jar]
[Loaded cm from file:/home/tnazep/My%20Stuff/Dev/MC-Origins/reference/source/beta-1.7.3/server/original/minecraft_server.jar]
[Loaded lk from file:/home/tnazep/My%20Stuff/Dev/MC-Origins/reference/source/beta-1.7.3/server/original/minecraft_server.jar]
[Loaded ac from file:/home/tnazep/My%20Stuff/Dev/MC-Origins/reference/source/beta-1.7.3/server/original/minecraft_server.jar]
[Loaded jg from file:/home/tnazep/My%20Stuff/Dev/MC-Origins/reference/source/beta-1.7.3/server/original/minecraft_server.jar]
[Loaded oj from file:/home/tnazep/My%20Stuff/Dev/MC-Origins/reference/source/beta-1.7.3/server/original/minecraft_server.jar]
[Loaded jf from file:/home/tnazep/My%20Stuff/Dev/MC-Origins/reference/source/beta-1.7.3/server/original/minecraft_server.jar]
[Loaded nw from file:/home/tnazep/My%20Stuff/Dev/MC-Origins/reference/source/beta-1.7.3/server/original/minecraft_server.jar]
[Loaded eu from file:/home/tnazep/My%20Stuff/Dev/MC-Origins/reference/source/beta-1.7.3/server/original/minecraft_server.jar]
[Loaded jm from file:/home/tnazep/My%20Stuff/Dev/MC-Origins/reference/source/beta-1.7.3/server/original/minecraft_server.jar]
[Loaded on from file:/home/tnazep/My%20Stuff/Dev/MC-Origins/reference/source/beta-1.7.3/server/original/minecraft_server.jar]
[Loaded h from file:/home/tnazep/My%20Stuff/Dev/MC-Origins/reference/source/beta-1.7.3/server/original/minecraft_server.jar]
[Loaded pn from file:/home/tnazep/My%20Stuff/Dev/MC-Origins/reference/source/beta-1.7.3/server/original/minecraft_server.jar]
[Loaded fn from file:/home/tnazep/My%20Stuff/Dev/MC-Origins/reference/source/beta-1.7.3/server/original/minecraft_server.jar]
[Loaded kv from file:/home/tnazep/My%20Stuff/Dev/MC-Origins/reference/source/beta-1.7.3/server/original/minecraft_server.jar]
[Loaded jc from file:/home/tnazep/My%20Stuff/Dev/MC-Origins/reference/source/beta-1.7.3/server/original/minecraft_server.jar]
[Loaded is from file:/home/tnazep/My%20Stuff/Dev/MC-Origins/reference/source/beta-1.7.3/server/original/minecraft_server.jar]
[Loaded ei from file:/home/tnazep/My%20Stuff/Dev/MC-Origins/reference/source/beta-1.7.3/server/original/minecraft_server.jar]
[Loaded gl from file:/home/tnazep/My%20Stuff/Dev/MC-Origins/reference/source/beta-1.7.3/server/original/minecraft_server.jar]
[Loaded ig from file:/home/tnazep/My%20Stuff/Dev/MC-Origins/reference/source/beta-1.7.3/server/original/minecraft_server.jar]
[Loaded ic from file:/home/tnazep/My%20Stuff/Dev/MC-Origins/reference/source/beta-1.7.3/server/original/minecraft_server.jar]
[Loaded nk from file:/home/tnazep/My%20Stuff/Dev/MC-Origins/reference/source/beta-1.7.3/server/original/minecraft_server.jar]
[Loaded in from file:/home/tnazep/My%20Stuff/Dev/MC-Origins/reference/source/beta-1.7.3/server/original/minecraft_server.jar]
[Loaded ar from file:/home/tnazep/My%20Stuff/Dev/MC-Origins/reference/source/beta-1.7.3/server/original/minecraft_server.jar]
[Loaded ov from file:/home/tnazep/My%20Stuff/Dev/MC-Origins/reference/source/beta-1.7.3/server/original/minecraft_server.jar]
[Loaded gh from file:/home/tnazep/My%20Stuff/Dev/MC-Origins/reference/source/beta-1.7.3/server/original/minecraft_server.jar]
[Loaded do from file:/home/tnazep/My%20Stuff/Dev/MC-Origins/reference/source/beta-1.7.3/server/original/minecraft_server.jar]
[Loaded lb from file:/home/tnazep/My%20Stuff/Dev/MC-Origins/reference/source/beta-1.7.3/server/original/minecraft_server.jar]
[Loaded pa from file:/home/tnazep/My%20Stuff/Dev/MC-Origins/reference/source/beta-1.7.3/server/original/minecraft_server.jar]
[Loaded jh from file:/home/tnazep/My%20Stuff/Dev/MC-Origins/reference/source/beta-1.7.3/server/original/minecraft_server.jar]
[Loaded hp from file:/home/tnazep/My%20Stuff/Dev/MC-Origins/reference/source/beta-1.7.3/server/original/minecraft_server.jar]
[Loaded ak from file:/home/tnazep/My%20Stuff/Dev/MC-Origins/reference/source/beta-1.7.3/server/original/minecraft_server.jar]
[Loaded lp from file:/home/tnazep/My%20Stuff/Dev/MC-Origins/reference/source/beta-1.7.3/server/original/minecraft_server.jar]
[Loaded nu from file:/home/tnazep/My%20Stuff/Dev/MC-Origins/reference/source/beta-1.7.3/server/original/minecraft_server.jar]
[Loaded be from file:/home/tnazep/My%20Stuff/Dev/MC-Origins/reference/source/beta-1.7.3/server/original/minecraft_server.jar]
[Loaded java.util.Random from /usr/lib/jvm/java-8-openjdk/jre/lib/rt.jar]
[Loaded kl from file:/home/tnazep/My%20Stuff/Dev/MC-Origins/reference/source/beta-1.7.3/server/original/minecraft_server.jar]
[Loaded jr from file:/home/tnazep/My%20Stuff/Dev/MC-Origins/reference/source/beta-1.7.3/server/original/minecraft_server.jar]
[Loaded mf from file:/home/tnazep/My%20Stuff/Dev/MC-Origins/reference/source/beta-1.7.3/server/original/minecraft_server.jar]
[Loaded nj from file:/home/tnazep/My%20Stuff/Dev/MC-Origins/reference/source/beta-1.7.3/server/original/minecraft_server.jar]
[Loaded jj from file:/home/tnazep/My%20Stuff/Dev/MC-Origins/reference/source/beta-1.7.3/server/original/minecraft_server.jar]
[Loaded jn from file:/home/tnazep/My%20Stuff/Dev/MC-Origins/reference/source/beta-1.7.3/server/original/minecraft_server.jar]
[Loaded gi from file:/home/tnazep/My%20Stuff/Dev/MC-Origins/reference/source/beta-1.7.3/server/original/minecraft_server.jar]
[Loaded ku from file:/home/tnazep/My%20Stuff/Dev/MC-Origins/reference/source/beta-1.7.3/server/original/minecraft_server.jar]
[Loaded kz from file:/home/tnazep/My%20Stuff/Dev/MC-Origins/reference/source/beta-1.7.3/server/original/minecraft_server.jar]
[Loaded fz from file:/home/tnazep/My%20Stuff/Dev/MC-Origins/reference/source/beta-1.7.3/server/original/minecraft_server.jar]
[Loaded g from file:/home/tnazep/My%20Stuff/Dev/MC-Origins/reference/source/beta-1.7.3/server/original/minecraft_server.jar]
[Loaded cq from file:/home/tnazep/My%20Stuff/Dev/MC-Origins/reference/source/beta-1.7.3/server/original/minecraft_server.jar]
[Loaded mz from file:/home/tnazep/My%20Stuff/Dev/MC-Origins/reference/source/beta-1.7.3/server/original/minecraft_server.jar]
[Loaded mu from file:/home/tnazep/My%20Stuff/Dev/MC-Origins/reference/source/beta-1.7.3/server/original/minecraft_server.jar]
[Loaded md from file:/home/tnazep/My%20Stuff/Dev/MC-Origins/reference/source/beta-1.7.3/server/original/minecraft_server.jar]
[Loaded j from file:/home/tnazep/My%20Stuff/Dev/MC-Origins/reference/source/beta-1.7.3/server/original/minecraft_server.jar]
[Loaded pw from file:/home/tnazep/My%20Stuff/Dev/MC-Origins/reference/source/beta-1.7.3/server/original/minecraft_server.jar]
[Loaded t from file:/home/tnazep/My%20Stuff/Dev/MC-Origins/reference/source/beta-1.7.3/server/original/minecraft_server.jar]
[Loaded kg from file:/home/tnazep/My%20Stuff/Dev/MC-Origins/reference/source/beta-1.7.3/server/original/minecraft_server.jar]
[Loaded er from file:/home/tnazep/My%20Stuff/Dev/MC-Origins/reference/source/beta-1.7.3/server/original/minecraft_server.jar]
[Loaded dh from file:/home/tnazep/My%20Stuff/Dev/MC-Origins/reference/source/beta-1.7.3/server/original/minecraft_server.jar]
[Loaded np from file:/home/tnazep/My%20Stuff/Dev/MC-Origins/reference/source/beta-1.7.3/server/original/minecraft_server.jar]
[Loaded pt from file:/home/tnazep/My%20Stuff/Dev/MC-Origins/reference/source/beta-1.7.3/server/original/minecraft_server.jar]
[Loaded bz from file:/home/tnazep/My%20Stuff/Dev/MC-Origins/reference/source/beta-1.7.3/server/original/minecraft_server.jar]
[Loaded bx from file:/home/tnazep/My%20Stuff/Dev/MC-Origins/reference/source/beta-1.7.3/server/original/minecraft_server.jar]
[Loaded lu from file:/home/tnazep/My%20Stuff/Dev/MC-Origins/reference/source/beta-1.7.3/server/original/minecraft_server.jar]
[Loaded e from file:/home/tnazep/My%20Stuff/Dev/MC-Origins/reference/source/beta-1.7.3/server/original/minecraft_server.jar]
[Loaded gk from file:/home/tnazep/My%20Stuff/Dev/MC-Origins/reference/source/beta-1.7.3/server/original/minecraft_server.jar]
[Loaded iy from file:/home/tnazep/My%20Stuff/Dev/MC-Origins/reference/source/beta-1.7.3/server/original/minecraft_server.jar]
[Loaded lo from file:/home/tnazep/My%20Stuff/Dev/MC-Origins/reference/source/beta-1.7.3/server/original/minecraft_server.jar]
[Loaded dn from file:/home/tnazep/My%20Stuff/Dev/MC-Origins/reference/source/beta-1.7.3/server/original/minecraft_server.jar]
[Loaded ij from file:/home/tnazep/My%20Stuff/Dev/MC-Origins/reference/source/beta-1.7.3/server/original/minecraft_server.jar]
[Loaded no from file:/home/tnazep/My%20Stuff/Dev/MC-Origins/reference/source/beta-1.7.3/server/original/minecraft_server.jar]
[Loaded lz from file:/home/tnazep/My%20Stuff/Dev/MC-Origins/reference/source/beta-1.7.3/server/original/minecraft_server.jar]
[Loaded ln from file:/home/tnazep/My%20Stuff/Dev/MC-Origins/reference/source/beta-1.7.3/server/original/minecraft_server.jar]
[Loaded mt from file:/home/tnazep/My%20Stuff/Dev/MC-Origins/reference/source/beta-1.7.3/server/original/minecraft_server.jar]
[Loaded pq from file:/home/tnazep/My%20Stuff/Dev/MC-Origins/reference/source/beta-1.7.3/server/original/minecraft_server.jar]
[Loaded hc from file:/home/tnazep/My%20Stuff/Dev/MC-Origins/reference/source/beta-1.7.3/server/original/minecraft_server.jar]
[Loaded cg from file:/home/tnazep/My%20Stuff/Dev/MC-Origins/reference/source/beta-1.7.3/server/original/minecraft_server.jar]
[Loaded pd from file:/home/tnazep/My%20Stuff/Dev/MC-Origins/reference/source/beta-1.7.3/server/original/minecraft_server.jar]
[Loaded bc from file:/home/tnazep/My%20Stuff/Dev/MC-Origins/reference/source/beta-1.7.3/server/original/minecraft_server.jar]
[Loaded kx from file:/home/tnazep/My%20Stuff/Dev/MC-Origins/reference/source/beta-1.7.3/server/original/minecraft_server.jar]
[Loaded az from file:/home/tnazep/My%20Stuff/Dev/MC-Origins/reference/source/beta-1.7.3/server/original/minecraft_server.jar]
[Loaded by from file:/home/tnazep/My%20Stuff/Dev/MC-Origins/reference/source/beta-1.7.3/server/original/minecraft_server.jar]
[Loaded iz from file:/home/tnazep/My%20Stuff/Dev/MC-Origins/reference/source/beta-1.7.3/server/original/minecraft_server.jar]
[Loaded gj from file:/home/tnazep/My%20Stuff/Dev/MC-Origins/reference/source/beta-1.7.3/server/original/minecraft_server.jar]
[Loaded ik from file:/home/tnazep/My%20Stuff/Dev/MC-Origins/reference/source/beta-1.7.3/server/original/minecraft_server.jar]
[Loaded p from file:/home/tnazep/My%20Stuff/Dev/MC-Origins/reference/source/beta-1.7.3/server/original/minecraft_server.jar]
[Loaded je from file:/home/tnazep/My%20Stuff/Dev/MC-Origins/reference/source/beta-1.7.3/server/original/minecraft_server.jar]
[Loaded lf from file:/home/tnazep/My%20Stuff/Dev/MC-Origins/reference/source/beta-1.7.3/server/original/minecraft_server.jar]
[Loaded ko from file:/home/tnazep/My%20Stuff/Dev/MC-Origins/reference/source/beta-1.7.3/server/original/minecraft_server.jar]
[Loaded dt from file:/home/tnazep/My%20Stuff/Dev/MC-Origins/reference/source/beta-1.7.3/server/original/minecraft_server.jar]
[Loaded cr from file:/home/tnazep/My%20Stuff/Dev/MC-Origins/reference/source/beta-1.7.3/server/original/minecraft_server.jar]
[Loaded gn from file:/home/tnazep/My%20Stuff/Dev/MC-Origins/reference/source/beta-1.7.3/server/original/minecraft_server.jar]
[Loaded di from file:/home/tnazep/My%20Stuff/Dev/MC-Origins/reference/source/beta-1.7.3/server/original/minecraft_server.jar]
[Loaded po from file:/home/tnazep/My%20Stuff/Dev/MC-Origins/reference/source/beta-1.7.3/server/original/minecraft_server.jar]
[Loaded iu from file:/home/tnazep/My%20Stuff/Dev/MC-Origins/reference/source/beta-1.7.3/server/original/minecraft_server.jar]
[Loaded hr from file:/home/tnazep/My%20Stuff/Dev/MC-Origins/reference/source/beta-1.7.3/server/original/minecraft_server.jar]
[Loaded z from file:/home/tnazep/My%20Stuff/Dev/MC-Origins/reference/source/beta-1.7.3/server/original/minecraft_server.jar]
[Loaded mw from file:/home/tnazep/My%20Stuff/Dev/MC-Origins/reference/source/beta-1.7.3/server/original/minecraft_server.jar]
[Loaded oi from file:/home/tnazep/My%20Stuff/Dev/MC-Origins/reference/source/beta-1.7.3/server/original/minecraft_server.jar]
[Loaded gv from file:/home/tnazep/My%20Stuff/Dev/MC-Origins/reference/source/beta-1.7.3/server/original/minecraft_server.jar]
[Loaded jd from file:/home/tnazep/My%20Stuff/Dev/MC-Origins/reference/source/beta-1.7.3/server/original/minecraft_server.jar]
[Loaded ej from file:/home/tnazep/My%20Stuff/Dev/MC-Origins/reference/source/beta-1.7.3/server/original/minecraft_server.jar]
[Loaded cj from file:/home/tnazep/My%20Stuff/Dev/MC-Origins/reference/source/beta-1.7.3/server/original/minecraft_server.jar]
[Loaded ny from file:/home/tnazep/My%20Stuff/Dev/MC-Origins/reference/source/beta-1.7.3/server/original/minecraft_server.jar]
[Loaded hl from file:/home/tnazep/My%20Stuff/Dev/MC-Origins/reference/source/beta-1.7.3/server/original/minecraft_server.jar]
[Loaded bb from file:/home/tnazep/My%20Stuff/Dev/MC-Origins/reference/source/beta-1.7.3/server/original/minecraft_server.jar]
[Loaded ah from file:/home/tnazep/My%20Stuff/Dev/MC-Origins/reference/source/beta-1.7.3/server/original/minecraft_server.jar]
[Loaded ly from file:/home/tnazep/My%20Stuff/Dev/MC-Origins/reference/source/beta-1.7.3/server/original/minecraft_server.jar]
[Loaded pl from file:/home/tnazep/My%20Stuff/Dev/MC-Origins/reference/source/beta-1.7.3/server/original/minecraft_server.jar]
[Loaded em from file:/home/tnazep/My%20Stuff/Dev/MC-Origins/reference/source/beta-1.7.3/server/original/minecraft_server.jar]
[Loaded px from file:/home/tnazep/My%20Stuff/Dev/MC-Origins/reference/source/beta-1.7.3/server/original/minecraft_server.jar]
[Loaded kj from file:/home/tnazep/My%20Stuff/Dev/MC-Origins/reference/source/beta-1.7.3/server/original/minecraft_server.jar]
[Loaded lc from file:/home/tnazep/My%20Stuff/Dev/MC-Origins/reference/source/beta-1.7.3/server/original/minecraft_server.jar]
[Loaded jw from file:/home/tnazep/My%20Stuff/Dev/MC-Origins/reference/source/beta-1.7.3/server/original/minecraft_server.jar]
[Loaded bf from file:/home/tnazep/My%20Stuff/Dev/MC-Origins/reference/source/beta-1.7.3/server/original/minecraft_server.jar]
[Loaded gz from file:/home/tnazep/My%20Stuff/Dev/MC-Origins/reference/source/beta-1.7.3/server/original/minecraft_server.jar]
[Loaded kr from file:/home/tnazep/My%20Stuff/Dev/MC-Origins/reference/source/beta-1.7.3/server/original/minecraft_server.jar]
[Loaded nx from file:/home/tnazep/My%20Stuff/Dev/MC-Origins/reference/source/beta-1.7.3/server/original/minecraft_server.jar]
[Loaded ps from file:/home/tnazep/My%20Stuff/Dev/MC-Origins/reference/source/beta-1.7.3/server/original/minecraft_server.jar]
[Loaded kf from file:/home/tnazep/My%20Stuff/Dev/MC-Origins/reference/source/beta-1.7.3/server/original/minecraft_server.jar]
[Loaded ng from file:/home/tnazep/My%20Stuff/Dev/MC-Origins/reference/source/beta-1.7.3/server/original/minecraft_server.jar]
[Loaded fg from file:/home/tnazep/My%20Stuff/Dev/MC-Origins/reference/source/beta-1.7.3/server/original/minecraft_server.jar]
[Loaded al from file:/home/tnazep/My%20Stuff/Dev/MC-Origins/reference/source/beta-1.7.3/server/original/minecraft_server.jar]
[Loaded ks from file:/home/tnazep/My%20Stuff/Dev/MC-Origins/reference/source/beta-1.7.3/server/original/minecraft_server.jar]
[Loaded pr from file:/home/tnazep/My%20Stuff/Dev/MC-Origins/reference/source/beta-1.7.3/server/original/minecraft_server.jar]
[Loaded lg from file:/home/tnazep/My%20Stuff/Dev/MC-Origins/reference/source/beta-1.7.3/server/original/minecraft_server.jar]
[Loaded fk from file:/home/tnazep/My%20Stuff/Dev/MC-Origins/reference/source/beta-1.7.3/server/original/minecraft_server.jar]
[Loaded cf from file:/home/tnazep/My%20Stuff/Dev/MC-Origins/reference/source/beta-1.7.3/server/original/minecraft_server.jar]
[Loaded ni from file:/home/tnazep/My%20Stuff/Dev/MC-Origins/reference/source/beta-1.7.3/server/original/minecraft_server.jar]
[Loaded eb from file:/home/tnazep/My%20Stuff/Dev/MC-Origins/reference/source/beta-1.7.3/server/original/minecraft_server.jar]
[Loaded hn from file:/home/tnazep/My%20Stuff/Dev/MC-Origins/reference/source/beta-1.7.3/server/original/minecraft_server.jar]
[Loaded hx from file:/home/tnazep/My%20Stuff/Dev/MC-Origins/reference/source/beta-1.7.3/server/original/minecraft_server.jar]
[Loaded bv from file:/home/tnazep/My%20Stuff/Dev/MC-Origins/reference/source/beta-1.7.3/server/original/minecraft_server.jar]
[Loaded hq from file:/home/tnazep/My%20Stuff/Dev/MC-Origins/reference/source/beta-1.7.3/server/original/minecraft_server.jar]
[Loaded gu from file:/home/tnazep/My%20Stuff/Dev/MC-Origins/reference/source/beta-1.7.3/server/original/minecraft_server.jar]
[Loaded hk from file:/home/tnazep/My%20Stuff/Dev/MC-Origins/reference/source/beta-1.7.3/server/original/minecraft_server.jar]
[Loaded jy from file:/home/tnazep/My%20Stuff/Dev/MC-Origins/reference/source/beta-1.7.3/server/original/minecraft_server.jar]
[Loaded bo from file:/home/tnazep/My%20Stuff/Dev/MC-Origins/reference/source/beta-1.7.3/server/original/minecraft_server.jar]
[Loaded ol from file:/home/tnazep/My%20Stuff/Dev/MC-Origins/reference/source/beta-1.7.3/server/original/minecraft_server.jar]
[Loaded fa from file:/home/tnazep/My%20Stuff/Dev/MC-Origins/reference/source/beta-1.7.3/server/original/minecraft_server.jar]
[Loaded fv from file:/home/tnazep/My%20Stuff/Dev/MC-Origins/reference/source/beta-1.7.3/server/original/minecraft_server.jar]
[Loaded w from file:/home/tnazep/My%20Stuff/Dev/MC-Origins/reference/source/beta-1.7.3/server/original/minecraft_server.jar]
[Loaded as from file:/home/tnazep/My%20Stuff/Dev/MC-Origins/reference/source/beta-1.7.3/server/original/minecraft_server.jar]
[Loaded mj from file:/home/tnazep/My%20Stuff/Dev/MC-Origins/reference/source/beta-1.7.3/server/original/minecraft_server.jar]
[Loaded java.util.Formatter from /usr/lib/jvm/java-8-openjdk/jre/lib/rt.jar]
[Loaded java.util.regex.Pattern from /usr/lib/jvm/java-8-openjdk/jre/lib/rt.jar]
[Loaded java.util.regex.Pattern$Node from /usr/lib/jvm/java-8-openjdk/jre/lib/rt.jar]
[Loaded java.util.regex.Pattern$4 from /usr/lib/jvm/java-8-openjdk/jre/lib/rt.jar]
[Loaded java.util.regex.Pattern$LastNode from /usr/lib/jvm/java-8-openjdk/jre/lib/rt.jar]
[Loaded java.util.regex.Pattern$GroupHead from /usr/lib/jvm/java-8-openjdk/jre/lib/rt.jar]
[Loaded java.util.regex.Pattern$CharProperty from /usr/lib/jvm/java-8-openjdk/jre/lib/rt.jar]
[Loaded java.util.regex.Pattern$BmpCharProperty from /usr/lib/jvm/java-8-openjdk/jre/lib/rt.jar]
[Loaded java.util.regex.Pattern$Single from /usr/lib/jvm/java-8-openjdk/jre/lib/rt.jar]
[Loaded java.util.regex.Pattern$GroupTail from /usr/lib/jvm/java-8-openjdk/jre/lib/rt.jar]
[Loaded java.util.regex.Pattern$Ctype from /usr/lib/jvm/java-8-openjdk/jre/lib/rt.jar]
[Loaded java.util.regex.Pattern$Curly from /usr/lib/jvm/java-8-openjdk/jre/lib/rt.jar]
[Loaded java.util.regex.Pattern$Ques from /usr/lib/jvm/java-8-openjdk/jre/lib/rt.jar]
[Loaded java.util.regex.Pattern$BranchConn from /usr/lib/jvm/java-8-openjdk/jre/lib/rt.jar]
[Loaded java.util.regex.Pattern$Branch from /usr/lib/jvm/java-8-openjdk/jre/lib/rt.jar]
[Loaded java.util.regex.Pattern$BitClass from /usr/lib/jvm/java-8-openjdk/jre/lib/rt.jar]
[Loaded java.util.regex.Pattern$1 from /usr/lib/jvm/java-8-openjdk/jre/lib/rt.jar]
[Loaded java.util.regex.Pattern$5 from /usr/lib/jvm/java-8-openjdk/jre/lib/rt.jar]
[Loaded java.util.regex.Pattern$SliceNode from /usr/lib/jvm/java-8-openjdk/jre/lib/rt.jar]
[Loaded java.util.regex.Pattern$Slice from /usr/lib/jvm/java-8-openjdk/jre/lib/rt.jar]
[Loaded java.util.regex.Pattern$Begin from /usr/lib/jvm/java-8-openjdk/jre/lib/rt.jar]
[Loaded java.util.regex.Pattern$First from /usr/lib/jvm/java-8-openjdk/jre/lib/rt.jar]
[Loaded java.util.regex.Pattern$Start from /usr/lib/jvm/java-8-openjdk/jre/lib/rt.jar]
[Loaded java.util.regex.Pattern$TreeInfo from /usr/lib/jvm/java-8-openjdk/jre/lib/rt.jar]
[Loaded java.util.regex.MatchResult from /usr/lib/jvm/java-8-openjdk/jre/lib/rt.jar]
[Loaded java.util.regex.Matcher from /usr/lib/jvm/java-8-openjdk/jre/lib/rt.jar]
[Loaded java.util.regex.ASCII from /usr/lib/jvm/java-8-openjdk/jre/lib/rt.jar]
[Loaded java.util.Formatter$FormatString from /usr/lib/jvm/java-8-openjdk/jre/lib/rt.jar]
[Loaded java.util.Formatter$FormatSpecifier from /usr/lib/jvm/java-8-openjdk/jre/lib/rt.jar]
[Loaded java.util.Formatter$Flags from /usr/lib/jvm/java-8-openjdk/jre/lib/rt.jar]
[Loaded java.util.Formatter$Conversion from /usr/lib/jvm/java-8-openjdk/jre/lib/rt.jar]
[Loaded java.util.Formatter$FixedString from /usr/lib/jvm/java-8-openjdk/jre/lib/rt.jar]
[Loaded java.util.Formattable from /usr/lib/jvm/java-8-openjdk/jre/lib/rt.jar]
[Loaded mm from file:/home/tnazep/My%20Stuff/Dev/MC-Origins/reference/source/beta-1.7.3/server/original/minecraft_server.jar]
[Loaded bk from file:/home/tnazep/My%20Stuff/Dev/MC-Origins/reference/source/beta-1.7.3/server/original/minecraft_server.jar]
[Loaded ap from file:/home/tnazep/My%20Stuff/Dev/MC-Origins/reference/source/beta-1.7.3/server/original/minecraft_server.jar]
[Loaded ek from file:/home/tnazep/My%20Stuff/Dev/MC-Origins/reference/source/beta-1.7.3/server/original/minecraft_server.jar]
[Loaded cw from file:/home/tnazep/My%20Stuff/Dev/MC-Origins/reference/source/beta-1.7.3/server/original/minecraft_server.jar]
[Loaded ia from file:/home/tnazep/My%20Stuff/Dev/MC-Origins/reference/source/beta-1.7.3/server/original/minecraft_server.jar]
[Loaded nd from file:/home/tnazep/My%20Stuff/Dev/MC-Origins/reference/source/beta-1.7.3/server/original/minecraft_server.jar]
[Loaded kc from file:/home/tnazep/My%20Stuff/Dev/MC-Origins/reference/source/beta-1.7.3/server/original/minecraft_server.jar]
[Loaded ey from file:/home/tnazep/My%20Stuff/Dev/MC-Origins/reference/source/beta-1.7.3/server/original/minecraft_server.jar]
[Loaded eq from file:/home/tnazep/My%20Stuff/Dev/MC-Origins/reference/source/beta-1.7.3/server/original/minecraft_server.jar]
[Loaded fy from file:/home/tnazep/My%20Stuff/Dev/MC-Origins/reference/source/beta-1.7.3/server/original/minecraft_server.jar]
[Loaded java.lang.Character$CharacterCache from /usr/lib/jvm/java-8-openjdk/jre/lib/rt.jar]
[Loaded ck from file:/home/tnazep/My%20Stuff/Dev/MC-Origins/reference/source/beta-1.7.3/server/original/minecraft_server.jar]
[Loaded ft from file:/home/tnazep/My%20Stuff/Dev/MC-Origins/reference/source/beta-1.7.3/server/original/minecraft_server.jar]
[Loaded ot from file:/home/tnazep/My%20Stuff/Dev/MC-Origins/reference/source/beta-1.7.3/server/original/minecraft_server.jar]
[Loaded mh from file:/home/tnazep/My%20Stuff/Dev/MC-Origins/reference/source/beta-1.7.3/server/original/minecraft_server.jar]
[Loaded iw from file:/home/tnazep/My%20Stuff/Dev/MC-Origins/reference/source/beta-1.7.3/server/original/minecraft_server.jar]
[Loaded gp from file:/home/tnazep/My%20Stuff/Dev/MC-Origins/reference/source/beta-1.7.3/server/original/minecraft_server.jar]
[Loaded n from file:/home/tnazep/My%20Stuff/Dev/MC-Origins/reference/source/beta-1.7.3/server/original/minecraft_server.jar]
[Loaded ih from file:/home/tnazep/My%20Stuff/Dev/MC-Origins/reference/source/beta-1.7.3/server/original/minecraft_server.jar]
[Loaded ml from file:/home/tnazep/My%20Stuff/Dev/MC-Origins/reference/source/beta-1.7.3/server/original/minecraft_server.jar]
[Loaded gx from file:/home/tnazep/My%20Stuff/Dev/MC-Origins/reference/source/beta-1.7.3/server/original/minecraft_server.jar]
[Loaded java.util.Arrays$LegacyMergeSort from /usr/lib/jvm/java-8-openjdk/jre/lib/rt.jar]
[Loaded sun.security.action.GetBooleanAction from /usr/lib/jvm/java-8-openjdk/jre/lib/rt.jar]
[Loaded java.util.TimSort from /usr/lib/jvm/java-8-openjdk/jre/lib/rt.jar]
151 recipes
[Loaded de from file:/home/tnazep/My%20Stuff/Dev/MC-Origins/reference/source/beta-1.7.3/server/original/minecraft_server.jar]
[Loaded java.util.HashMap$KeyIterator from /usr/lib/jvm/java-8-openjdk/jre/lib/rt.jar]
[Loaded cy from file:/home/tnazep/My%20Stuff/Dev/MC-Origins/reference/source/beta-1.7.3/server/original/minecraft_server.jar]
[Loaded it from file:/home/tnazep/My%20Stuff/Dev/MC-Origins/reference/source/beta-1.7.3/server/original/minecraft_server.jar]
16 achievements
[Loaded java.util.Collections$SynchronizedList from /usr/lib/jvm/java-8-openjdk/jre/lib/rt.jar]
[Loaded java.util.Collections$SynchronizedRandomAccessList from /usr/lib/jvm/java-8-openjdk/jre/lib/rt.jar]
[Loaded bt from file:/home/tnazep/My%20Stuff/Dev/MC-Origins/reference/source/beta-1.7.3/server/original/minecraft_server.jar]
[Loaded java.awt.GraphicsEnvironment from /usr/lib/jvm/java-8-openjdk/jre/lib/rt.jar]
[Loaded java.lang.invoke.LambdaMetafactory from /usr/lib/jvm/java-8-openjdk/jre/lib/rt.jar]
[Loaded java.lang.invoke.MethodHandles$Lookup from /usr/lib/jvm/java-8-openjdk/jre/lib/rt.jar]
[Loaded java.lang.invoke.MethodType$ConcurrentWeakInternSet from /usr/lib/jvm/java-8-openjdk/jre/lib/rt.jar]
[Loaded java.lang.invoke.MethodTypeForm from /usr/lib/jvm/java-8-openjdk/jre/lib/rt.jar]
[Loaded java.lang.invoke.Invokers from /usr/lib/jvm/java-8-openjdk/jre/lib/rt.jar]
[Loaded java.lang.invoke.MethodType$ConcurrentWeakInternSet$WeakEntry from /usr/lib/jvm/java-8-openjdk/jre/lib/rt.jar]
[Loaded java.lang.invoke.MethodHandles from /usr/lib/jvm/java-8-openjdk/jre/lib/rt.jar]
[Loaded sun.invoke.util.Wrapper from /usr/lib/jvm/java-8-openjdk/jre/lib/rt.jar]
[Loaded sun.invoke.util.Wrapper$Format from /usr/lib/jvm/java-8-openjdk/jre/lib/rt.jar]
[Loaded java.lang.Byte$ByteCache from /usr/lib/jvm/java-8-openjdk/jre/lib/rt.jar]
[Loaded java.lang.Short$ShortCache from /usr/lib/jvm/java-8-openjdk/jre/lib/rt.jar]
[Loaded java.lang.Long$LongCache from /usr/lib/jvm/java-8-openjdk/jre/lib/rt.jar]
[Loaded sun.invoke.util.VerifyAccess from /usr/lib/jvm/java-8-openjdk/jre/lib/rt.jar]
[Loaded sun.invoke.util.ValueConversions from /usr/lib/jvm/java-8-openjdk/jre/lib/rt.jar]
[Loaded java.lang.NoSuchMethodException from /usr/lib/jvm/java-8-openjdk/jre/lib/rt.jar]
[Loaded java.lang.invoke.LambdaForm$BasicType from /usr/lib/jvm/java-8-openjdk/jre/lib/rt.jar]
[Loaded java.lang.invoke.LambdaForm$Name from /usr/lib/jvm/java-8-openjdk/jre/lib/rt.jar]
[Loaded java.lang.invoke.LambdaForm$NamedFunction from /usr/lib/jvm/java-8-openjdk/jre/lib/rt.jar]
[Loaded java.lang.invoke.BoundMethodHandle from /usr/lib/jvm/java-8-openjdk/jre/lib/rt.jar]
[Loaded java.lang.invoke.SimpleMethodHandle from /usr/lib/jvm/java-8-openjdk/jre/lib/rt.jar]
[Loaded java.lang.invoke.BoundMethodHandle$SpeciesData from /usr/lib/jvm/java-8-openjdk/jre/lib/rt.jar]
[Loaded java.lang.invoke.BoundMethodHandle$Factory from /usr/lib/jvm/java-8-openjdk/jre/lib/rt.jar]
[Loaded java.lang.invoke.BoundMethodHandle$Species_L from /usr/lib/jvm/java-8-openjdk/jre/lib/rt.jar]
[Loaded sun.invoke.util.BytecodeDescriptor from /usr/lib/jvm/java-8-openjdk/jre/lib/rt.jar]
[Loaded java.lang.invoke.DirectMethodHandle$Lazy from /usr/lib/jvm/java-8-openjdk/jre/lib/rt.jar]
[Loaded java.lang.InstantiationException from /usr/lib/jvm/java-8-openjdk/jre/lib/rt.jar]
[Loaded java.lang.invoke.DirectMethodHandle$Interface from /usr/lib/jvm/java-8-openjdk/jre/lib/rt.jar]
[Loaded java.util.AbstractList$Itr from /usr/lib/jvm/java-8-openjdk/jre/lib/rt.jar]
[Loaded java.lang.invoke.InvokerBytecodeGenerator from /usr/lib/jvm/java-8-openjdk/jre/lib/rt.jar]
[Loaded jdk.internal.org.objectweb.asm.ClassVisitor from /usr/lib/jvm/java-8-openjdk/jre/lib/rt.jar]
[Loaded jdk.internal.org.objectweb.asm.ClassWriter from /usr/lib/jvm/java-8-openjdk/jre/lib/rt.jar]
[Loaded jdk.internal.org.objectweb.asm.ByteVector from /usr/lib/jvm/java-8-openjdk/jre/lib/rt.jar]
[Loaded jdk.internal.org.objectweb.asm.Item from /usr/lib/jvm/java-8-openjdk/jre/lib/rt.jar]
[Loaded jdk.internal.org.objectweb.asm.MethodVisitor from /usr/lib/jvm/java-8-openjdk/jre/lib/rt.jar]
[Loaded jdk.internal.org.objectweb.asm.MethodWriter from /usr/lib/jvm/java-8-openjdk/jre/lib/rt.jar]
[Loaded jdk.internal.org.objectweb.asm.Type from /usr/lib/jvm/java-8-openjdk/jre/lib/rt.jar]
[Loaded jdk.internal.org.objectweb.asm.Label from /usr/lib/jvm/java-8-openjdk/jre/lib/rt.jar]
[Loaded jdk.internal.org.objectweb.asm.Frame from /usr/lib/jvm/java-8-openjdk/jre/lib/rt.jar]
[Loaded jdk.internal.org.objectweb.asm.AnnotationVisitor from /usr/lib/jvm/java-8-openjdk/jre/lib/rt.jar]
[Loaded jdk.internal.org.objectweb.asm.AnnotationWriter from /usr/lib/jvm/java-8-openjdk/jre/lib/rt.jar]
[Loaded java.lang.invoke.MethodHandleImpl$Intrinsic from /usr/lib/jvm/java-8-openjdk/jre/lib/rt.jar]
[Loaded java.lang.invoke.InvokerBytecodeGenerator$2 from /usr/lib/jvm/java-8-openjdk/jre/lib/rt.jar]
[Loaded sun.invoke.util.VerifyType from /usr/lib/jvm/java-8-openjdk/jre/lib/rt.jar]
[Loaded sun.invoke.empty.Empty from /usr/lib/jvm/java-8-openjdk/jre/lib/rt.jar]
[Loaded java.lang.invoke.LambdaForm$DMH/123961122 from java.lang.invoke.LambdaForm]
[Loaded java.lang.invoke.LambdaForm$DMH/1227229563 from java.lang.invoke.LambdaForm]
[Loaded java.lang.invoke.LambdaForm$DMH/1982791261 from java.lang.invoke.LambdaForm]
[Loaded java.lang.invoke.LambdaForm$DMH/1562557367 from java.lang.invoke.LambdaForm]
[Loaded java.lang.invoke.LambdaForm$DMH/1101288798 from java.lang.invoke.LambdaForm]
[Loaded java.lang.invoke.LambdaForm$DMH/942731712 from java.lang.invoke.LambdaForm]
[Loaded java.lang.NoSuchFieldException from /usr/lib/jvm/java-8-openjdk/jre/lib/rt.jar]
[Loaded java.lang.invoke.InvokerBytecodeGenerator$CpPatch from /usr/lib/jvm/java-8-openjdk/jre/lib/rt.jar]
[Loaded java.lang.invoke.LambdaForm$MH/1910163204 from java.lang.invoke.LambdaForm]
[Loaded java.lang.invoke.DirectMethodHandle$Accessor from /usr/lib/jvm/java-8-openjdk/jre/lib/rt.jar]
[Loaded java.lang.invoke.LambdaForm$MH/305623748 from java.lang.invoke.LambdaForm]
[Loaded java.lang.invoke.LambdaForm$MH/758529971 from java.lang.invoke.LambdaForm]
[Loaded java.lang.invoke.LambdaForm$MH/2104457164 from java.lang.invoke.LambdaForm]
[Loaded java.lang.invoke.LambdaForm$MH/1521118594 from java.lang.invoke.LambdaForm]
[Loaded java.lang.invoke.LambdaForm$MH/1940030785 from java.lang.invoke.LambdaForm]
[Loaded java.lang.invoke.LambdaForm$MH/1869997857 from java.lang.invoke.LambdaForm]
[Loaded java.lang.invoke.LambdaForm$MH/1763847188 from java.lang.invoke.LambdaForm]
[Loaded java.lang.invoke.LambdaForm$MH/1617791695 from java.lang.invoke.LambdaForm]
[Loaded java.lang.invoke.LambdaForm$MH/125993742 from java.lang.invoke.LambdaForm]
[Loaded java.lang.invoke.LambdaForm$MH/1192108080 from java.lang.invoke.LambdaForm]
[Loaded java.lang.invoke.LambdaForm$MH/1068824137 from java.lang.invoke.LambdaForm]
[Loaded java.util.SubList from /usr/lib/jvm/java-8-openjdk/jre/lib/rt.jar]
[Loaded java.util.RandomAccessSubList from /usr/lib/jvm/java-8-openjdk/jre/lib/rt.jar]
[Loaded java.util.SubList$1 from /usr/lib/jvm/java-8-openjdk/jre/lib/rt.jar]
[Loaded java.util.AbstractList$ListItr from /usr/lib/jvm/java-8-openjdk/jre/lib/rt.jar]
[Loaded java.lang.invoke.LambdaForm$DMH/1221555852 from java.lang.invoke.LambdaForm]
[Loaded java.lang.invoke.LambdaForm$DMH/1252585652 from java.lang.invoke.LambdaForm]
[Loaded java.lang.invoke.LambdaForm$DMH/1785210046 from java.lang.invoke.LambdaForm]
[Loaded java.lang.invoke.DelegatingMethodHandle from /usr/lib/jvm/java-8-openjdk/jre/lib/rt.jar]
[Loaded java.lang.invoke.MethodHandleImpl$AsVarargsCollector from /usr/lib/jvm/java-8-openjdk/jre/lib/rt.jar]
[Loaded java.lang.invoke.WrongMethodTypeException from /usr/lib/jvm/java-8-openjdk/jre/lib/rt.jar]
[Loaded java.lang.invoke.LambdaForm$DMH/739498517 from java.lang.invoke.LambdaForm]
[Loaded java.lang.invoke.LambdaForm$DMH/125130493 from java.lang.invoke.LambdaForm]
[Loaded java.lang.invoke.LambdaForm$MH/914504136 from java.lang.invoke.LambdaForm]
[Loaded java.lang.invoke.LambdaForm$BMH/166239592 from java.lang.invoke.LambdaForm]
[Loaded java.lang.invoke.MethodHandleImpl$Lazy from /usr/lib/jvm/java-8-openjdk/jre/lib/rt.jar]
[Loaded java.lang.invoke.MethodHandleImpl$IntrinsicMethodHandle from /usr/lib/jvm/java-8-openjdk/jre/lib/rt.jar]
[Loaded java.lang.invoke.LambdaForm$DMH/991505714 from java.lang.invoke.LambdaForm]
[Loaded java.lang.invoke.LambdaForm$MH/385242642 from java.lang.invoke.LambdaForm]
[Loaded java.lang.invoke.LambdaForm$DMH/824009085 from java.lang.invoke.LambdaForm]
[Loaded java.lang.invoke.LambdaForm$MH/2085857771 from java.lang.invoke.LambdaForm]
[Loaded java.lang.invoke.LambdaForm$DMH/248609774 from java.lang.invoke.LambdaForm]
[Loaded java.lang.invoke.LambdaForm$MH/708049632 from java.lang.invoke.LambdaForm]
[Loaded java.lang.invoke.LambdaForm$DMH/1887400018 from java.lang.invoke.LambdaForm]
[Loaded java.lang.invoke.LambdaForm$DMH/285377351 from java.lang.invoke.LambdaForm]
[Loaded java.lang.invoke.LambdaForm$MH/344560770 from java.lang.invoke.LambdaForm]
[Loaded java.lang.invoke.LambdaForm$DMH/559450121 from java.lang.invoke.LambdaForm]
[Loaded java.lang.invoke.LambdaForm$DMH/716083600 from java.lang.invoke.LambdaForm]
[Loaded java.lang.invoke.LambdaForm$MH/791885625 from java.lang.invoke.LambdaForm]
[Loaded java.lang.invoke.LambdaForm$DMH/2001112025 from java.lang.invoke.LambdaForm]
[Loaded java.lang.invoke.LambdaForm$MH/314265080 from java.lang.invoke.LambdaForm]
[Loaded java.lang.invoke.LambdaForm$DMH/1288141870 from java.lang.invoke.LambdaForm]
[Loaded java.lang.invoke.LambdaForm$DMH/2054881392 from java.lang.invoke.LambdaForm]
[Loaded java.lang.invoke.LambdaForm$MH/966808741 from java.lang.invoke.LambdaForm]
[Loaded java.lang.invoke.LambdaForm$DMH/1908153060 from java.lang.invoke.LambdaForm]
[Loaded java.lang.invoke.LambdaForm$DMH/116211441 from java.lang.invoke.LambdaForm]
[Loaded java.lang.invoke.LambdaForm$MH/607635164 from java.lang.invoke.LambdaForm]
[Loaded java.lang.invoke.LambdaForm$DMH/529116035 from java.lang.invoke.LambdaForm]
[Loaded java.lang.invoke.LambdaForm$DMH/242481580 from java.lang.invoke.LambdaForm]
[Loaded java.lang.invoke.LambdaForm$MH/1627800613 from java.lang.invoke.LambdaForm]
[Loaded java.lang.invoke.LambdaForm$DMH/2065530879 from java.lang.invoke.LambdaForm]
[Loaded java.lang.invoke.LambdaForm$DMH/697960108 from java.lang.invoke.LambdaForm]
[Loaded java.lang.invoke.LambdaForm$MH/943010986 from java.lang.invoke.LambdaForm]
[Loaded java.lang.NoSuchFieldError from /usr/lib/jvm/java-8-openjdk/jre/lib/rt.jar]
[Loaded java.lang.IllegalAccessException from /usr/lib/jvm/java-8-openjdk/jre/lib/rt.jar]
[Loaded java.lang.invoke.LambdaForm$DMH/2066940133 from java.lang.invoke.LambdaForm]
[Loaded java.lang.invoke.LambdaForm$DMH/48612937 from java.lang.invoke.LambdaForm]
[Loaded java.lang.invoke.LambdaForm$DMH/1937962514 from java.lang.invoke.LambdaForm]
[Loaded java.lang.invoke.LambdaForm$DMH/242131142 from java.lang.invoke.LambdaForm]
[Loaded java.lang.invoke.LambdaForm$BMH/1433867275 from java.lang.invoke.LambdaForm]
[Loaded java.lang.invoke.LambdaFormEditor from /usr/lib/jvm/java-8-openjdk/jre/lib/rt.jar]
[Loaded java.lang.invoke.LambdaFormEditor$Transform$Kind from /usr/lib/jvm/java-8-openjdk/jre/lib/rt.jar]
[Loaded java.lang.invoke.LambdaFormEditor$Transform from /usr/lib/jvm/java-8-openjdk/jre/lib/rt.jar]
[Loaded java.lang.invoke.LambdaFormBuffer from /usr/lib/jvm/java-8-openjdk/jre/lib/rt.jar]
[Loaded java.lang.invoke.LambdaForm$MH/476800120 from java.lang.invoke.LambdaForm]
[Loaded java.lang.invoke.LambdaForm$BMH/1744347043 from java.lang.invoke.LambdaForm]
[Loaded java.lang.invoke.LambdaForm$BMH/1254526270 from java.lang.invoke.LambdaForm]
[Loaded java.lang.invoke.LambdaForm$DMH/662441761 from java.lang.invoke.LambdaForm]
[Loaded java.lang.invoke.LambdaForm$DMH/1618212626 from java.lang.invoke.LambdaForm]
[Loaded java.lang.invoke.LambdaForm$MH/1129670968 from java.lang.invoke.LambdaForm]
[Loaded java.lang.invoke.LambdaForm$BMH/1023714065 from java.lang.invoke.LambdaForm]
[Loaded java.lang.invoke.LambdaForm$MH/2051450519 from java.lang.invoke.LambdaForm]
[Loaded java.lang.invoke.LambdaForm$BMH/99747242 from java.lang.invoke.LambdaForm]
[Loaded java.lang.invoke.BoundMethodHandle$SpeciesData$1 from /usr/lib/jvm/java-8-openjdk/jre/lib/rt.jar]
[Loaded java.lang.invoke.BoundMethodHandle$Factory$1 from /usr/lib/jvm/java-8-openjdk/jre/lib/rt.jar]
[Loaded java.util.concurrent.ConcurrentHashMap$ReservationNode from /usr/lib/jvm/java-8-openjdk/jre/lib/rt.jar]
[Loaded jdk.internal.org.objectweb.asm.FieldVisitor from /usr/lib/jvm/java-8-openjdk/jre/lib/rt.jar]
[Loaded jdk.internal.org.objectweb.asm.FieldWriter from /usr/lib/jvm/java-8-openjdk/jre/lib/rt.jar]
[Loaded java.lang.invoke.BoundMethodHandle$Species_LL from __JVM_DefineClass__]
[Loaded sun.reflect.UnsafeStaticObjectFieldAccessorImpl from /usr/lib/jvm/java-8-openjdk/jre/lib/rt.jar]
[Loaded java.lang.invoke.LambdaForm$BMH/1971489295 from java.lang.invoke.LambdaForm]
[Loaded java.lang.invoke.LambdaForm$BMH/985655350 from java.lang.invoke.LambdaForm]
[Loaded java.lang.invoke.BoundMethodHandle$Species_L3 from __JVM_DefineClass__]
[Loaded java.lang.invoke.LambdaForm$BMH/2008017533 from java.lang.invoke.LambdaForm]
[Loaded java.lang.invoke.BoundMethodHandle$Species_L4 from __JVM_DefineClass__]
[Loaded java.lang.invoke.LambdaForm$BMH/1395089624 from java.lang.invoke.LambdaForm]
[Loaded java.lang.invoke.AbstractValidatingLambdaMetafactory from /usr/lib/jvm/java-8-openjdk/jre/lib/rt.jar]
[Loaded java.lang.invoke.InnerClassLambdaMetafactory from /usr/lib/jvm/java-8-openjdk/jre/lib/rt.jar]
[Loaded java.util.PropertyPermission from /usr/lib/jvm/java-8-openjdk/jre/lib/rt.jar]
[Loaded java.security.AccessController$1 from /usr/lib/jvm/java-8-openjdk/jre/lib/rt.jar]
[Loaded sun.security.util.SecurityConstants from /usr/lib/jvm/java-8-openjdk/jre/lib/rt.jar]
[Loaded java.net.NetPermission from /usr/lib/jvm/java-8-openjdk/jre/lib/rt.jar]
[Loaded java.security.SecurityPermission from /usr/lib/jvm/java-8-openjdk/jre/lib/rt.jar]
[Loaded java.net.SocketPermission from /usr/lib/jvm/java-8-openjdk/jre/lib/rt.jar]
[Loaded java.security.AllPermissionCollection from /usr/lib/jvm/java-8-openjdk/jre/lib/rt.jar]
[Loaded java.lang.invoke.MethodHandleInfo from /usr/lib/jvm/java-8-openjdk/jre/lib/rt.jar]
[Loaded java.lang.invoke.InfoFromMemberName from /usr/lib/jvm/java-8-openjdk/jre/lib/rt.jar]
[Loaded java.lang.invoke.TypeConvertingMethodAdapter from /usr/lib/jvm/java-8-openjdk/jre/lib/rt.jar]
[Loaded java.lang.invoke.InnerClassLambdaMetafactory$ForwardingMethodGenerator from /usr/lib/jvm/java-8-openjdk/jre/lib/rt.jar]
[Loaded java.awt.GraphicsEnvironment$$Lambda$1/1603195447 from java.awt.GraphicsEnvironment]
[Loaded java.lang.invoke.InnerClassLambdaMetafactory$1 from /usr/lib/jvm/java-8-openjdk/jre/lib/rt.jar]
[Loaded java.lang.invoke.LambdaForm$MH/792791759 from java.lang.invoke.LambdaForm]
[Loaded java.lang.invoke.LambdaForm$MH/1191747167 from java.lang.invoke.LambdaForm]
[Loaded bq from file:/home/tnazep/My%20Stuff/Dev/MC-Origins/reference/source/beta-1.7.3/server/original/minecraft_server.jar]
[Loaded jdk.internal.misc.TerminatingThreadLocal$1 from /usr/lib/jvm/java-8-openjdk/jre/lib/rt.jar]
[Loaded mc from file:/home/tnazep/My%20Stuff/Dev/MC-Origins/reference/source/beta-1.7.3/server/original/minecraft_server.jar]
[Loaded jk from file:/home/tnazep/My%20Stuff/Dev/MC-Origins/reference/source/beta-1.7.3/server/original/minecraft_server.jar]
[Loaded ev from file:/home/tnazep/My%20Stuff/Dev/MC-Origins/reference/source/beta-1.7.3/server/original/minecraft_server.jar]
[Loaded java.util.logging.StreamHandler from /usr/lib/jvm/java-8-openjdk/jre/lib/rt.jar]
[Loaded java.util.logging.ConsoleHandler from /usr/lib/jvm/java-8-openjdk/jre/lib/rt.jar]
[Loaded java.util.logging.Formatter from /usr/lib/jvm/java-8-openjdk/jre/lib/rt.jar]
[Loaded oh from file:/home/tnazep/My%20Stuff/Dev/MC-Origins/reference/source/beta-1.7.3/server/original/minecraft_server.jar]
[Loaded java.util.logging.FileHandler from /usr/lib/jvm/java-8-openjdk/jre/lib/rt.jar]
[Loaded java.io.StringWriter from /usr/lib/jvm/java-8-openjdk/jre/lib/rt.jar]
[Loaded java.text.DateFormat from /usr/lib/jvm/java-8-openjdk/jre/lib/rt.jar]
[Loaded java.text.SimpleDateFormat from /usr/lib/jvm/java-8-openjdk/jre/lib/rt.jar]
[Loaded java.text.AttributedCharacterIterator$Attribute from /usr/lib/jvm/java-8-openjdk/jre/lib/rt.jar]
[Loaded java.text.Format$Field from /usr/lib/jvm/java-8-openjdk/jre/lib/rt.jar]
[Loaded java.text.DateFormat$Field from /usr/lib/jvm/java-8-openjdk/jre/lib/rt.jar]
[Loaded java.util.TimeZone from /usr/lib/jvm/java-8-openjdk/jre/lib/rt.jar]
[Loaded sun.util.calendar.ZoneInfo from /usr/lib/jvm/java-8-openjdk/jre/lib/rt.jar]
[Loaded sun.util.calendar.CalendarSystem from /usr/lib/jvm/java-8-openjdk/jre/lib/rt.jar]
[Loaded sun.util.calendar.AbstractCalendar from /usr/lib/jvm/java-8-openjdk/jre/lib/rt.jar]
[Loaded sun.util.calendar.BaseCalendar from /usr/lib/jvm/java-8-openjdk/jre/lib/rt.jar]
[Loaded sun.util.calendar.Gregorian from /usr/lib/jvm/java-8-openjdk/jre/lib/rt.jar]
[Loaded sun.util.calendar.ZoneInfoFile from /usr/lib/jvm/java-8-openjdk/jre/lib/rt.jar]
[Loaded sun.util.calendar.ZoneInfoFile$1 from /usr/lib/jvm/java-8-openjdk/jre/lib/rt.jar]
[Loaded sun.util.calendar.ZoneInfoFile$ZoneOffsetTransitionRule from /usr/lib/jvm/java-8-openjdk/jre/lib/rt.jar]
[Loaded sun.util.calendar.ZoneInfoFile$Checksum from /usr/lib/jvm/java-8-openjdk/jre/lib/rt.jar]
[Loaded java.util.TimeZone$1 from /usr/lib/jvm/java-8-openjdk/jre/lib/rt.jar]
[Loaded java.util.Calendar from /usr/lib/jvm/java-8-openjdk/jre/lib/rt.jar]
[Loaded sun.util.spi.CalendarProvider from /usr/lib/jvm/java-8-openjdk/jre/lib/rt.jar]
[Loaded sun.util.locale.provider.CalendarProviderImpl from /usr/lib/jvm/java-8-openjdk/jre/lib/rt.jar]
[Loaded java.util.Calendar$Builder from /usr/lib/jvm/java-8-openjdk/jre/lib/rt.jar]
[Loaded java.util.GregorianCalendar from /usr/lib/jvm/java-8-openjdk/jre/lib/rt.jar]
[Loaded sun.util.locale.provider.CalendarDataUtility from /usr/lib/jvm/java-8-openjdk/jre/lib/rt.jar]
[Loaded sun.util.locale.provider.CalendarDataProviderImpl from /usr/lib/jvm/java-8-openjdk/jre/lib/rt.jar]
[Loaded sun.util.locale.provider.CalendarDataUtility$CalendarWeekParameterGetter from /usr/lib/jvm/java-8-openjdk/jre/lib/rt.jar]
[Loaded sun.util.resources.CalendarData from /usr/lib/jvm/java-8-openjdk/jre/lib/rt.jar]
[Loaded sun.util.resources.en.CalendarData_en from /usr/lib/jvm/java-8-openjdk/jre/lib/rt.jar]
[Loaded sun.util.calendar.CalendarDate from /usr/lib/jvm/java-8-openjdk/jre/lib/rt.jar]
[Loaded sun.util.calendar.BaseCalendar$Date from /usr/lib/jvm/java-8-openjdk/jre/lib/rt.jar]
[Loaded sun.util.calendar.Gregorian$Date from /usr/lib/jvm/java-8-openjdk/jre/lib/rt.jar]
[Loaded sun.util.calendar.CalendarUtils from /usr/lib/jvm/java-8-openjdk/jre/lib/rt.jar]
[Loaded java.text.DateFormatSymbols from /usr/lib/jvm/java-8-openjdk/jre/lib/rt.jar]
[Loaded sun.util.locale.provider.DateFormatSymbolsProviderImpl from /usr/lib/jvm/java-8-openjdk/jre/lib/rt.jar]
[Loaded java.util.Date from /usr/lib/jvm/java-8-openjdk/jre/lib/rt.jar]
[Loaded java.util.logging.ErrorManager from /usr/lib/jvm/java-8-openjdk/jre/lib/rt.jar]
[Loaded java.util.logging.SimpleFormatter from /usr/lib/jvm/java-8-openjdk/jre/lib/rt.jar]
[Loaded sun.util.logging.LoggingSupport$2 from /usr/lib/jvm/java-8-openjdk/jre/lib/rt.jar]
[Loaded java.lang.invoke.LambdaForm$DMH/512553933 from java.lang.invoke.LambdaForm]
[Loaded java.util.logging.FileHandler$$Lambda$2/1256257900 from java.util.logging.FileHandler]
[Loaded java.util.logging.XMLFormatter from /usr/lib/jvm/java-8-openjdk/jre/lib/rt.jar]
[Loaded java.util.logging.FileHandler$InitializationErrorManager from /usr/lib/jvm/java-8-openjdk/jre/lib/rt.jar]
[Loaded java.nio.file.Paths from /usr/lib/jvm/java-8-openjdk/jre/lib/rt.jar]
[Loaded java.nio.file.FileSystems from /usr/lib/jvm/java-8-openjdk/jre/lib/rt.jar]
[Loaded java.nio.file.FileSystems$DefaultFileSystemHolder from /usr/lib/jvm/java-8-openjdk/jre/lib/rt.jar]
[Loaded java.nio.file.FileSystems$DefaultFileSystemHolder$1 from /usr/lib/jvm/java-8-openjdk/jre/lib/rt.jar]
[Loaded java.nio.file.OpenOption from /usr/lib/jvm/java-8-openjdk/jre/lib/rt.jar]
[Loaded java.nio.file.StandardOpenOption from /usr/lib/jvm/java-8-openjdk/jre/lib/rt.jar]
[Loaded java.nio.channels.Channel from /usr/lib/jvm/java-8-openjdk/jre/lib/rt.jar]
[Loaded java.nio.channels.ReadableByteChannel from /usr/lib/jvm/java-8-openjdk/jre/lib/rt.jar]
[Loaded java.nio.channels.WritableByteChannel from /usr/lib/jvm/java-8-openjdk/jre/lib/rt.jar]
[Loaded java.nio.channels.ByteChannel from /usr/lib/jvm/java-8-openjdk/jre/lib/rt.jar]
[Loaded java.nio.channels.SeekableByteChannel from /usr/lib/jvm/java-8-openjdk/jre/lib/rt.jar]
[Loaded java.nio.channels.GatheringByteChannel from /usr/lib/jvm/java-8-openjdk/jre/lib/rt.jar]
[Loaded java.nio.channels.ScatteringByteChannel from /usr/lib/jvm/java-8-openjdk/jre/lib/rt.jar]
[Loaded java.nio.channels.InterruptibleChannel from /usr/lib/jvm/java-8-openjdk/jre/lib/rt.jar]
[Loaded java.nio.channels.spi.AbstractInterruptibleChannel from /usr/lib/jvm/java-8-openjdk/jre/lib/rt.jar]
[Loaded java.nio.channels.FileChannel from /usr/lib/jvm/java-8-openjdk/jre/lib/rt.jar]
[Loaded java.nio.file.attribute.FileAttribute from /usr/lib/jvm/java-8-openjdk/jre/lib/rt.jar]
[Loaded sun.nio.fs.UnixFileModeAttribute from /usr/lib/jvm/java-8-openjdk/jre/lib/rt.jar]
[Loaded sun.nio.fs.UnixChannelFactory from /usr/lib/jvm/java-8-openjdk/jre/lib/rt.jar]
[Loaded sun.nio.fs.UnixChannelFactory$Flags from /usr/lib/jvm/java-8-openjdk/jre/lib/rt.jar]
[Loaded sun.nio.fs.UnixChannelFactory$1 from /usr/lib/jvm/java-8-openjdk/jre/lib/rt.jar]
[Loaded sun.nio.fs.NativeBuffers from /usr/lib/jvm/java-8-openjdk/jre/lib/rt.jar]
[Loaded sun.nio.fs.NativeBuffers$1 from /usr/lib/jvm/java-8-openjdk/jre/lib/rt.jar]
[Loaded java.util.IdentityHashMap$KeySet from /usr/lib/jvm/java-8-openjdk/jre/lib/rt.jar]
[Loaded sun.nio.fs.NativeBuffer from /usr/lib/jvm/java-8-openjdk/jre/lib/rt.jar]
[Loaded sun.nio.fs.NativeBuffer$Deallocator from /usr/lib/jvm/java-8-openjdk/jre/lib/rt.jar]
[Loaded sun.nio.ch.FileChannelImpl from /usr/lib/jvm/java-8-openjdk/jre/lib/rt.jar]
[Loaded sun.nio.ch.IOUtil from /usr/lib/jvm/java-8-openjdk/jre/lib/rt.jar]
[Loaded sun.nio.ch.IOUtil$1 from /usr/lib/jvm/java-8-openjdk/jre/lib/rt.jar]
[Loaded java.net.InetAddress from /usr/lib/jvm/java-8-openjdk/jre/lib/rt.jar]
[Loaded java.net.InetAddress$1 from /usr/lib/jvm/java-8-openjdk/jre/lib/rt.jar]
[Loaded java.net.InetAddress$InetAddressHolder from /usr/lib/jvm/java-8-openjdk/jre/lib/rt.jar]
[Loaded java.util.SortedSet from /usr/lib/jvm/java-8-openjdk/jre/lib/rt.jar]
[Loaded java.util.NavigableSet from /usr/lib/jvm/java-8-openjdk/jre/lib/rt.jar]
[Loaded java.util.concurrent.ConcurrentSkipListSet from /usr/lib/jvm/java-8-openjdk/jre/lib/rt.jar]
[Loaded java.util.SortedMap from /usr/lib/jvm/java-8-openjdk/jre/lib/rt.jar]
[Loaded java.util.NavigableMap from /usr/lib/jvm/java-8-openjdk/jre/lib/rt.jar]
[Loaded java.util.concurrent.ConcurrentNavigableMap from /usr/lib/jvm/java-8-openjdk/jre/lib/rt.jar]
[Loaded java.util.concurrent.ConcurrentSkipListMap from /usr/lib/jvm/java-8-openjdk/jre/lib/rt.jar]
[Loaded java.util.concurrent.ConcurrentSkipListMap$Index from /usr/lib/jvm/java-8-openjdk/jre/lib/rt.jar]
[Loaded java.util.concurrent.ConcurrentSkipListMap$HeadIndex from /usr/lib/jvm/java-8-openjdk/jre/lib/rt.jar]
[Loaded java.util.concurrent.ConcurrentSkipListMap$KeySet from /usr/lib/jvm/java-8-openjdk/jre/lib/rt.jar]
[Loaded java.util.concurrent.ConcurrentSkipListMap$EntrySet from /usr/lib/jvm/java-8-openjdk/jre/lib/rt.jar]
[Loaded java.util.concurrent.ConcurrentSkipListMap$Values from /usr/lib/jvm/java-8-openjdk/jre/lib/rt.jar]
[Loaded sun.nio.ch.Interruptible from /usr/lib/jvm/java-8-openjdk/jre/lib/rt.jar]
[Loaded java.util.concurrent.ConcurrentSkipListMap$Node from /usr/lib/jvm/java-8-openjdk/jre/lib/rt.jar]
[Loaded java.net.InetAddressImplFactory from /usr/lib/jvm/java-8-openjdk/jre/lib/rt.jar]
[Loaded java.net.InetAddressImpl from /usr/lib/jvm/java-8-openjdk/jre/lib/rt.jar]
[Loaded java.net.Inet6AddressImpl from /usr/lib/jvm/java-8-openjdk/jre/lib/rt.jar]
[Loaded sun.net.spi.nameservice.NameService from /usr/lib/jvm/java-8-openjdk/jre/lib/rt.jar]
[Loaded java.net.InetAddress$2 from /usr/lib/jvm/java-8-openjdk/jre/lib/rt.jar]
[Loaded java.net.InetAddress$CachedLocalHost from /usr/lib/jvm/java-8-openjdk/jre/lib/rt.jar]
[Loaded java.net.Inet4Address from /usr/lib/jvm/java-8-openjdk/jre/lib/rt.jar]
[Loaded java.net.Inet6Address from /usr/lib/jvm/java-8-openjdk/jre/lib/rt.jar]
[Loaded java.net.Inet6Address$Inet6AddressHolder from /usr/lib/jvm/java-8-openjdk/jre/lib/rt.jar]
[Loaded sun.nio.ch.NativeThreadSet from /usr/lib/jvm/java-8-openjdk/jre/lib/rt.jar]
[Loaded sun.nio.ch.NativeDispatcher from /usr/lib/jvm/java-8-openjdk/jre/lib/rt.jar]
[Loaded sun.nio.ch.FileDispatcher from /usr/lib/jvm/java-8-openjdk/jre/lib/rt.jar]
[Loaded sun.nio.ch.FileDispatcherImpl from /usr/lib/jvm/java-8-openjdk/jre/lib/rt.jar]
[Loaded java.nio.channels.FileLock from /usr/lib/jvm/java-8-openjdk/jre/lib/rt.jar]
[Loaded sun.nio.ch.FileLockImpl from /usr/lib/jvm/java-8-openjdk/jre/lib/rt.jar]
[Loaded sun.nio.ch.NativeThread from /usr/lib/jvm/java-8-openjdk/jre/lib/rt.jar]
[Loaded sun.nio.ch.FileLockTable from /usr/lib/jvm/java-8-openjdk/jre/lib/rt.jar]
[Loaded sun.nio.ch.SharedFileLockTable from /usr/lib/jvm/java-8-openjdk/jre/lib/rt.jar]
[Loaded sun.nio.ch.FileKey from /usr/lib/jvm/java-8-openjdk/jre/lib/rt.jar]
[Loaded sun.nio.ch.SharedFileLockTable$FileLockReference from /usr/lib/jvm/java-8-openjdk/jre/lib/rt.jar]
[Loaded java.util.logging.FileHandler$MeteredStream from /usr/lib/jvm/java-8-openjdk/jre/lib/rt.jar]
[Loaded java.util.logging.LogRecord from /usr/lib/jvm/java-8-openjdk/jre/lib/rt.jar]
[Loaded java.text.Format$FieldDelegate from /usr/lib/jvm/java-8-openjdk/jre/lib/rt.jar]
[Loaded java.text.FieldPosition$Delegate from /usr/lib/jvm/java-8-openjdk/jre/lib/rt.jar]
2026-09-09 11:29:52 [INFO] Starting minecraft server version Beta 1.7.3
2026-09-09 11:29:52 [WARNING] **** NOT ENOUGH RAM!
2026-09-09 11:29:52 [WARNING] To start the server with more ram, launch it as "java -Xmx1024M -Xms1024M -jar minecraft_server.jar"
2026-09-09 11:29:52 [INFO] Loading properties
[Loaded ky from file:/home/tnazep/My%20Stuff/Dev/MC-Origins/reference/source/beta-1.7.3/server/original/minecraft_server.jar]
[Loaded sun.nio.cs.ISO_8859_1$Encoder from /usr/lib/jvm/java-8-openjdk/jre/lib/rt.jar]
[Loaded sun.nio.cs.Surrogate$Parser from /usr/lib/jvm/java-8-openjdk/jre/lib/rt.jar]
[Loaded sun.nio.cs.Surrogate from /usr/lib/jvm/java-8-openjdk/jre/lib/rt.jar]
[Loaded sun.util.locale.provider.TimeZoneNameUtility from /usr/lib/jvm/java-8-openjdk/jre/lib/rt.jar]
[Loaded sun.util.locale.provider.TimeZoneNameProviderImpl from /usr/lib/jvm/java-8-openjdk/jre/lib/rt.jar]
[Loaded sun.util.locale.provider.TimeZoneNameUtility$TimeZoneNameGetter from /usr/lib/jvm/java-8-openjdk/jre/lib/rt.jar]
[Loaded sun.util.resources.TimeZoneNamesBundle from /usr/lib/jvm/java-8-openjdk/jre/lib/rt.jar]
[Loaded sun.util.resources.TimeZoneNames from /usr/lib/jvm/java-8-openjdk/jre/lib/rt.jar]
[Loaded sun.util.resources.en.TimeZoneNames_en from /usr/lib/jvm/java-8-openjdk/jre/lib/rt.jar]
[Loaded java.util.LinkedHashMap$LinkedKeySet from /usr/lib/jvm/java-8-openjdk/jre/lib/rt.jar]
2026-09-09 11:29:52 [INFO] Starting Minecraft server on 127.0.0.1:44689
[Loaded cu from file:/home/tnazep/My%20Stuff/Dev/MC-Origins/reference/source/beta-1.7.3/server/original/minecraft_server.jar]
[Loaded ld from file:/home/tnazep/My%20Stuff/Dev/MC-Origins/reference/source/beta-1.7.3/server/original/minecraft_server.jar]
[Loaded java.net.ServerSocket from /usr/lib/jvm/java-8-openjdk/jre/lib/rt.jar]
[Loaded java.net.SocksConsts from /usr/lib/jvm/java-8-openjdk/jre/lib/rt.jar]
[Loaded java.net.SocketOptions from /usr/lib/jvm/java-8-openjdk/jre/lib/rt.jar]
[Loaded java.net.SocketImpl from /usr/lib/jvm/java-8-openjdk/jre/lib/rt.jar]
[Loaded java.net.AbstractPlainSocketImpl from /usr/lib/jvm/java-8-openjdk/jre/lib/rt.jar]
[Loaded java.net.PlainSocketImpl from /usr/lib/jvm/java-8-openjdk/jre/lib/rt.jar]
[Loaded java.net.SocksSocketImpl from /usr/lib/jvm/java-8-openjdk/jre/lib/rt.jar]
[Loaded java.net.AbstractPlainSocketImpl$1 from /usr/lib/jvm/java-8-openjdk/jre/lib/rt.jar]
[Loaded java.net.SocketAddress from /usr/lib/jvm/java-8-openjdk/jre/lib/rt.jar]
[Loaded java.net.InetSocketAddress from /usr/lib/jvm/java-8-openjdk/jre/lib/rt.jar]
[Loaded java.net.InetSocketAddress$InetSocketAddressHolder from /usr/lib/jvm/java-8-openjdk/jre/lib/rt.jar]
[Loaded java.net.SocketException from /usr/lib/jvm/java-8-openjdk/jre/lib/rt.jar]
[Loaded sun.net.NetHooks from /usr/lib/jvm/java-8-openjdk/jre/lib/rt.jar]
[Loaded sun.net.NetHooks$Provider from /usr/lib/jvm/java-8-openjdk/jre/lib/rt.jar]
[Loaded sun.net.sdp.SdpProvider from /usr/lib/jvm/java-8-openjdk/jre/lib/rt.jar]
2026-09-09 11:29:52 [WARNING] **** SERVER IS RUNNING IN OFFLINE/INSECURE MODE!
2026-09-09 11:29:52 [WARNING] The server will make no attempt to authenticate usernames. Beware.
[Loaded java.net.Socket from /usr/lib/jvm/java-8-openjdk/jre/lib/rt.jar]
2026-09-09 11:29:52 [WARNING] While this makes the game possible to play without internet access, it also opens up the ability for hackers to connect with any username they choose.
2026-09-09 11:29:52 [WARNING] To change this, set "online-mode" to "true" in the server.settings file.
[Loaded fc from file:/home/tnazep/My%20Stuff/Dev/MC-Origins/reference/source/beta-1.7.3/server/original/minecraft_server.jar]
[Loaded cp from file:/home/tnazep/My%20Stuff/Dev/MC-Origins/reference/source/beta-1.7.3/server/original/minecraft_server.jar]
[Loaded dl from file:/home/tnazep/My%20Stuff/Dev/MC-Origins/reference/source/beta-1.7.3/server/original/minecraft_server.jar]
[Loaded java.io.FileWriter from /usr/lib/jvm/java-8-openjdk/jre/lib/rt.jar]
[Loaded java.io.PrintWriter from /usr/lib/jvm/java-8-openjdk/jre/lib/rt.jar]
[Loaded ji from file:/home/tnazep/My%20Stuff/Dev/MC-Origins/reference/source/beta-1.7.3/server/original/minecraft_server.jar]
[Loaded bg from file:/home/tnazep/My%20Stuff/Dev/MC-Origins/reference/source/beta-1.7.3/server/original/minecraft_server.jar]
[Loaded oo from file:/home/tnazep/My%20Stuff/Dev/MC-Origins/reference/source/beta-1.7.3/server/original/minecraft_server.jar]
[Loaded dx from file:/home/tnazep/My%20Stuff/Dev/MC-Origins/reference/source/beta-1.7.3/server/original/minecraft_server.jar]
[Loaded kd from file:/home/tnazep/My%20Stuff/Dev/MC-Origins/reference/source/beta-1.7.3/server/original/minecraft_server.jar]
2026-09-09 11:29:52 [WARNING] Failed to load ban list: java.io.FileNotFoundException: banned-players.txt (No such file or directory)
2026-09-09 11:29:52 [WARNING] Failed to load ip ban list: java.io.FileNotFoundException: banned-ips.txt (No such file or directory)
2026-09-09 11:29:52 [WARNING] Failed to load ip ban list: java.io.FileNotFoundException: ops.txt (No such file or directory)
2026-09-09 11:29:52 [WARNING] Failed to load white-list: java.io.FileNotFoundException: white-list.txt (No such file or directory)
[Loaded java.io.FileOutputStream$1 from /usr/lib/jvm/java-8-openjdk/jre/lib/rt.jar]
[Loaded java.lang.IllegalStateException from /usr/lib/jvm/java-8-openjdk/jre/lib/rt.jar]
[Loaded go from file:/home/tnazep/My%20Stuff/Dev/MC-Origins/reference/source/beta-1.7.3/server/original/minecraft_server.jar]
[Loaded og from file:/home/tnazep/My%20Stuff/Dev/MC-Origins/reference/source/beta-1.7.3/server/original/minecraft_server.jar]
2026-09-09 11:29:52 [INFO] Preparing level "smoke-world"
[Loaded mi from file:/home/tnazep/My%20Stuff/Dev/MC-Origins/reference/source/beta-1.7.3/server/original/minecraft_server.jar]
[Loaded ex from file:/home/tnazep/My%20Stuff/Dev/MC-Origins/reference/source/beta-1.7.3/server/original/minecraft_server.jar]
[Loaded java.io.FileFilter from /usr/lib/jvm/java-8-openjdk/jre/lib/rt.jar]
[Loaded java.io.FilenameFilter from /usr/lib/jvm/java-8-openjdk/jre/lib/rt.jar]
[Loaded java.util.zip.GZIPInputStream from /usr/lib/jvm/java-8-openjdk/jre/lib/rt.jar]
[Loaded ag from file:/home/tnazep/My%20Stuff/Dev/MC-Origins/reference/source/beta-1.7.3/server/original/minecraft_server.jar]
[Loaded java.util.zip.DeflaterOutputStream from /usr/lib/jvm/java-8-openjdk/jre/lib/rt.jar]
[Loaded java.util.zip.GZIPOutputStream from /usr/lib/jvm/java-8-openjdk/jre/lib/rt.jar]
[Loaded java.io.DataOutput from /usr/lib/jvm/java-8-openjdk/jre/lib/rt.jar]
[Loaded fo from file:/home/tnazep/My%20Stuff/Dev/MC-Origins/reference/source/beta-1.7.3/server/original/minecraft_server.jar]
[Loaded iq from file:/home/tnazep/My%20Stuff/Dev/MC-Origins/reference/source/beta-1.7.3/server/original/minecraft_server.jar]
[Loaded java.util.zip.CheckedInputStream from /usr/lib/jvm/java-8-openjdk/jre/lib/rt.jar]
[Loaded hf from file:/home/tnazep/My%20Stuff/Dev/MC-Origins/reference/source/beta-1.7.3/server/original/minecraft_server.jar]
[Loaded kb from file:/home/tnazep/My%20Stuff/Dev/MC-Origins/reference/source/beta-1.7.3/server/original/minecraft_server.jar]
[Loaded mv from file:/home/tnazep/My%20Stuff/Dev/MC-Origins/reference/source/beta-1.7.3/server/original/minecraft_server.jar]
[Loaded jq from file:/home/tnazep/My%20Stuff/Dev/MC-Origins/reference/source/beta-1.7.3/server/original/minecraft_server.jar]
[Loaded hv from file:/home/tnazep/My%20Stuff/Dev/MC-Origins/reference/source/beta-1.7.3/server/original/minecraft_server.jar]
[Loaded k from file:/home/tnazep/My%20Stuff/Dev/MC-Origins/reference/source/beta-1.7.3/server/original/minecraft_server.jar]
[Loaded lx from file:/home/tnazep/My%20Stuff/Dev/MC-Origins/reference/source/beta-1.7.3/server/original/minecraft_server.jar]
[Loaded fb from file:/home/tnazep/My%20Stuff/Dev/MC-Origins/reference/source/beta-1.7.3/server/original/minecraft_server.jar]
[Loaded ou from file:/home/tnazep/My%20Stuff/Dev/MC-Origins/reference/source/beta-1.7.3/server/original/minecraft_server.jar]
[Loaded lr from file:/home/tnazep/My%20Stuff/Dev/MC-Origins/reference/source/beta-1.7.3/server/original/minecraft_server.jar]
[Loaded ct from file:/home/tnazep/My%20Stuff/Dev/MC-Origins/reference/source/beta-1.7.3/server/original/minecraft_server.jar]
[Loaded fl from file:/home/tnazep/My%20Stuff/Dev/MC-Origins/reference/source/beta-1.7.3/server/original/minecraft_server.jar]
[Loaded dq from file:/home/tnazep/My%20Stuff/Dev/MC-Origins/reference/source/beta-1.7.3/server/original/minecraft_server.jar]
[Loaded ie from file:/home/tnazep/My%20Stuff/Dev/MC-Origins/reference/source/beta-1.7.3/server/original/minecraft_server.jar]
[Loaded an from file:/home/tnazep/My%20Stuff/Dev/MC-Origins/reference/source/beta-1.7.3/server/original/minecraft_server.jar]
[Loaded my from file:/home/tnazep/My%20Stuff/Dev/MC-Origins/reference/source/beta-1.7.3/server/original/minecraft_server.jar]
[Loaded java.io.DataOutputStream from /usr/lib/jvm/java-8-openjdk/jre/lib/rt.jar]
[Loaded pz from file:/home/tnazep/My%20Stuff/Dev/MC-Origins/reference/source/beta-1.7.3/server/original/minecraft_server.jar]
[Loaded c from file:/home/tnazep/My%20Stuff/Dev/MC-Origins/reference/source/beta-1.7.3/server/original/minecraft_server.jar]
[Loaded bl from file:/home/tnazep/My%20Stuff/Dev/MC-Origins/reference/source/beta-1.7.3/server/original/minecraft_server.jar]
[Loaded nv from file:/home/tnazep/My%20Stuff/Dev/MC-Origins/reference/source/beta-1.7.3/server/original/minecraft_server.jar]
[Loaded df from file:/home/tnazep/My%20Stuff/Dev/MC-Origins/reference/source/beta-1.7.3/server/original/minecraft_server.jar]
[Loaded kt from file:/home/tnazep/My%20Stuff/Dev/MC-Origins/reference/source/beta-1.7.3/server/original/minecraft_server.jar]
[Loaded gc from file:/home/tnazep/My%20Stuff/Dev/MC-Origins/reference/source/beta-1.7.3/server/original/minecraft_server.jar]
[Loaded os from file:/home/tnazep/My%20Stuff/Dev/MC-Origins/reference/source/beta-1.7.3/server/original/minecraft_server.jar]
[Loaded nz from file:/home/tnazep/My%20Stuff/Dev/MC-Origins/reference/source/beta-1.7.3/server/original/minecraft_server.jar]
[Loaded kp from file:/home/tnazep/My%20Stuff/Dev/MC-Origins/reference/source/beta-1.7.3/server/original/minecraft_server.jar]
[Loaded aj from file:/home/tnazep/My%20Stuff/Dev/MC-Origins/reference/source/beta-1.7.3/server/original/minecraft_server.jar]
[Loaded java.util.TreeSet from /usr/lib/jvm/java-8-openjdk/jre/lib/rt.jar]
[Loaded java.util.TreeMap from /usr/lib/jvm/java-8-openjdk/jre/lib/rt.jar]
[Loaded es from file:/home/tnazep/My%20Stuff/Dev/MC-Origins/reference/source/beta-1.7.3/server/original/minecraft_server.jar]
[Loaded ph from file:/home/tnazep/My%20Stuff/Dev/MC-Origins/reference/source/beta-1.7.3/server/original/minecraft_server.jar]
[Loaded ca from file:/home/tnazep/My%20Stuff/Dev/MC-Origins/reference/source/beta-1.7.3/server/original/minecraft_server.jar]
[Loaded mq from file:/home/tnazep/My%20Stuff/Dev/MC-Origins/reference/source/beta-1.7.3/server/original/minecraft_server.jar]
[Loaded bi from file:/home/tnazep/My%20Stuff/Dev/MC-Origins/reference/source/beta-1.7.3/server/original/minecraft_server.jar]
[Loaded hb from file:/home/tnazep/My%20Stuff/Dev/MC-Origins/reference/source/beta-1.7.3/server/original/minecraft_server.jar]
[Loaded he from file:/home/tnazep/My%20Stuff/Dev/MC-Origins/reference/source/beta-1.7.3/server/original/minecraft_server.jar]
[Loaded hi from file:/home/tnazep/My%20Stuff/Dev/MC-Origins/reference/source/beta-1.7.3/server/original/minecraft_server.jar]
[Loaded hg from file:/home/tnazep/My%20Stuff/Dev/MC-Origins/reference/source/beta-1.7.3/server/original/minecraft_server.jar]
[Loaded pk from file:/home/tnazep/My%20Stuff/Dev/MC-Origins/reference/source/beta-1.7.3/server/original/minecraft_server.jar]
[Loaded dy from file:/home/tnazep/My%20Stuff/Dev/MC-Origins/reference/source/beta-1.7.3/server/original/minecraft_server.jar]
[Loaded lt from file:/home/tnazep/My%20Stuff/Dev/MC-Origins/reference/source/beta-1.7.3/server/original/minecraft_server.jar]
[Loaded mp from file:/home/tnazep/My%20Stuff/Dev/MC-Origins/reference/source/beta-1.7.3/server/original/minecraft_server.jar]
[Loaded ab from file:/home/tnazep/My%20Stuff/Dev/MC-Origins/reference/source/beta-1.7.3/server/original/minecraft_server.jar]
[Loaded ob from file:/home/tnazep/My%20Stuff/Dev/MC-Origins/reference/source/beta-1.7.3/server/original/minecraft_server.jar]
[Loaded fq from file:/home/tnazep/My%20Stuff/Dev/MC-Origins/reference/source/beta-1.7.3/server/original/minecraft_server.jar]
[Loaded dm from file:/home/tnazep/My%20Stuff/Dev/MC-Origins/reference/source/beta-1.7.3/server/original/minecraft_server.jar]
[Loaded ds from file:/home/tnazep/My%20Stuff/Dev/MC-Origins/reference/source/beta-1.7.3/server/original/minecraft_server.jar]
[Loaded eg from file:/home/tnazep/My%20Stuff/Dev/MC-Origins/reference/source/beta-1.7.3/server/original/minecraft_server.jar]
[Loaded et from file:/home/tnazep/My%20Stuff/Dev/MC-Origins/reference/source/beta-1.7.3/server/original/minecraft_server.jar]
[Loaded gs from file:/home/tnazep/My%20Stuff/Dev/MC-Origins/reference/source/beta-1.7.3/server/original/minecraft_server.jar]
[Loaded pp from file:/home/tnazep/My%20Stuff/Dev/MC-Origins/reference/source/beta-1.7.3/server/original/minecraft_server.jar]
[Loaded aq from file:/home/tnazep/My%20Stuff/Dev/MC-Origins/reference/source/beta-1.7.3/server/original/minecraft_server.jar]
[Loaded u from file:/home/tnazep/My%20Stuff/Dev/MC-Origins/reference/source/beta-1.7.3/server/original/minecraft_server.jar]
[Loaded dk from file:/home/tnazep/My%20Stuff/Dev/MC-Origins/reference/source/beta-1.7.3/server/original/minecraft_server.jar]
[Loaded fp from file:/home/tnazep/My%20Stuff/Dev/MC-Origins/reference/source/beta-1.7.3/server/original/minecraft_server.jar]
[Loaded ep from file:/home/tnazep/My%20Stuff/Dev/MC-Origins/reference/source/beta-1.7.3/server/original/minecraft_server.jar]
[Loaded bn from file:/home/tnazep/My%20Stuff/Dev/MC-Origins/reference/source/beta-1.7.3/server/original/minecraft_server.jar]
[Loaded ne from file:/home/tnazep/My%20Stuff/Dev/MC-Origins/reference/source/beta-1.7.3/server/original/minecraft_server.jar]
[Loaded dv from file:/home/tnazep/My%20Stuff/Dev/MC-Origins/reference/source/beta-1.7.3/server/original/minecraft_server.jar]
[Loaded ec from file:/home/tnazep/My%20Stuff/Dev/MC-Origins/reference/source/beta-1.7.3/server/original/minecraft_server.jar]
[Loaded nb from file:/home/tnazep/My%20Stuff/Dev/MC-Origins/reference/source/beta-1.7.3/server/original/minecraft_server.jar]
[Loaded ao from file:/home/tnazep/My%20Stuff/Dev/MC-Origins/reference/source/beta-1.7.3/server/original/minecraft_server.jar]
[Loaded ce from file:/home/tnazep/My%20Stuff/Dev/MC-Origins/reference/source/beta-1.7.3/server/original/minecraft_server.jar]
[Loaded oc from file:/home/tnazep/My%20Stuff/Dev/MC-Origins/reference/source/beta-1.7.3/server/original/minecraft_server.jar]
[Loaded or from file:/home/tnazep/My%20Stuff/Dev/MC-Origins/reference/source/beta-1.7.3/server/original/minecraft_server.jar]
[Loaded bd from file:/home/tnazep/My%20Stuff/Dev/MC-Origins/reference/source/beta-1.7.3/server/original/minecraft_server.jar]
[Loaded ae from file:/home/tnazep/My%20Stuff/Dev/MC-Origins/reference/source/beta-1.7.3/server/original/minecraft_server.jar]
[Loaded pf from file:/home/tnazep/My%20Stuff/Dev/MC-Origins/reference/source/beta-1.7.3/server/original/minecraft_server.jar]
[Loaded ma from file:/home/tnazep/My%20Stuff/Dev/MC-Origins/reference/source/beta-1.7.3/server/original/minecraft_server.jar]
[Loaded kk from file:/home/tnazep/My%20Stuff/Dev/MC-Origins/reference/source/beta-1.7.3/server/original/minecraft_server.jar]
[Loaded eh from file:/home/tnazep/My%20Stuff/Dev/MC-Origins/reference/source/beta-1.7.3/server/original/minecraft_server.jar]
[Loaded dw from file:/home/tnazep/My%20Stuff/Dev/MC-Origins/reference/source/beta-1.7.3/server/original/minecraft_server.jar]
[Loaded f from file:/home/tnazep/My%20Stuff/Dev/MC-Origins/reference/source/beta-1.7.3/server/original/minecraft_server.jar]
[Loaded jt from file:/home/tnazep/My%20Stuff/Dev/MC-Origins/reference/source/beta-1.7.3/server/original/minecraft_server.jar]
[Loaded m from file:/home/tnazep/My%20Stuff/Dev/MC-Origins/reference/source/beta-1.7.3/server/original/minecraft_server.jar]
[Loaded ok from file:/home/tnazep/My%20Stuff/Dev/MC-Origins/reference/source/beta-1.7.3/server/original/minecraft_server.jar]
[Loaded aw from file:/home/tnazep/My%20Stuff/Dev/MC-Origins/reference/source/beta-1.7.3/server/original/minecraft_server.jar]
[Loaded pi from file:/home/tnazep/My%20Stuff/Dev/MC-Origins/reference/source/beta-1.7.3/server/original/minecraft_server.jar]
[Loaded le from file:/home/tnazep/My%20Stuff/Dev/MC-Origins/reference/source/beta-1.7.3/server/original/minecraft_server.jar]
[Loaded ka from file:/home/tnazep/My%20Stuff/Dev/MC-Origins/reference/source/beta-1.7.3/server/original/minecraft_server.jar]
[Loaded jo from file:/home/tnazep/My%20Stuff/Dev/MC-Origins/reference/source/beta-1.7.3/server/original/minecraft_server.jar]
2026-09-09 11:29:52 [INFO] Preparing start region for level 0
[Loaded ay from file:/home/tnazep/My%20Stuff/Dev/MC-Origins/reference/source/beta-1.7.3/server/original/minecraft_server.jar]
[Loaded qa from file:/home/tnazep/My%20Stuff/Dev/MC-Origins/reference/source/beta-1.7.3/server/original/minecraft_server.jar]
[Loaded kq from file:/home/tnazep/My%20Stuff/Dev/MC-Origins/reference/source/beta-1.7.3/server/original/minecraft_server.jar]
[Loaded jx from file:/home/tnazep/My%20Stuff/Dev/MC-Origins/reference/source/beta-1.7.3/server/original/minecraft_server.jar]
[Loaded fh from file:/home/tnazep/My%20Stuff/Dev/MC-Origins/reference/source/beta-1.7.3/server/original/minecraft_server.jar]
[Loaded java.io.RandomAccessFile from /usr/lib/jvm/java-8-openjdk/jre/lib/rt.jar]
[Loaded co from file:/home/tnazep/My%20Stuff/Dev/MC-Origins/reference/source/beta-1.7.3/server/original/minecraft_server.jar]
[Loaded lv from file:/home/tnazep/My%20Stuff/Dev/MC-Origins/reference/source/beta-1.7.3/server/original/minecraft_server.jar]
[Loaded da from file:/home/tnazep/My%20Stuff/Dev/MC-Origins/reference/source/beta-1.7.3/server/original/minecraft_server.jar]
[Loaded ib from file:/home/tnazep/My%20Stuff/Dev/MC-Origins/reference/source/beta-1.7.3/server/original/minecraft_server.jar]
[Loaded dr from file:/home/tnazep/My%20Stuff/Dev/MC-Origins/reference/source/beta-1.7.3/server/original/minecraft_server.jar]
[Loaded ki from file:/home/tnazep/My%20Stuff/Dev/MC-Origins/reference/source/beta-1.7.3/server/original/minecraft_server.jar]
[Loaded java.util.TreeMap$Entry from /usr/lib/jvm/java-8-openjdk/jre/lib/rt.jar]
[Loaded gw from file:/home/tnazep/My%20Stuff/Dev/MC-Origins/reference/source/beta-1.7.3/server/original/minecraft_server.jar]
[Loaded am from file:/home/tnazep/My%20Stuff/Dev/MC-Origins/reference/source/beta-1.7.3/server/original/minecraft_server.jar]
[Loaded fs from file:/home/tnazep/My%20Stuff/Dev/MC-Origins/reference/source/beta-1.7.3/server/original/minecraft_server.jar]
[Loaded ea from file:/home/tnazep/My%20Stuff/Dev/MC-Origins/reference/source/beta-1.7.3/server/original/minecraft_server.jar]
[Loaded pc from file:/home/tnazep/My%20Stuff/Dev/MC-Origins/reference/source/beta-1.7.3/server/original/minecraft_server.jar]
[Loaded cd from file:/home/tnazep/My%20Stuff/Dev/MC-Origins/reference/source/beta-1.7.3/server/original/minecraft_server.jar]
[Loaded ad from file:/home/tnazep/My%20Stuff/Dev/MC-Origins/reference/source/beta-1.7.3/server/original/minecraft_server.jar]
[Loaded op from file:/home/tnazep/My%20Stuff/Dev/MC-Origins/reference/source/beta-1.7.3/server/original/minecraft_server.jar]
[Loaded java.lang.Math$RandomNumberGeneratorHolder from /usr/lib/jvm/java-8-openjdk/jre/lib/rt.jar]
[Loaded y from file:/home/tnazep/My%20Stuff/Dev/MC-Origins/reference/source/beta-1.7.3/server/original/minecraft_server.jar]
[Loaded oa from file:/home/tnazep/My%20Stuff/Dev/MC-Origins/reference/source/beta-1.7.3/server/original/minecraft_server.jar]
2026-09-09 11:29:53 [INFO] Preparing spawn area: 40%
[Loaded sun.reflect.generics.parser.SignatureParser from /usr/lib/jvm/java-8-openjdk/jre/lib/rt.jar]
[Loaded sun.reflect.generics.tree.Tree from /usr/lib/jvm/java-8-openjdk/jre/lib/rt.jar]
[Loaded sun.reflect.generics.tree.TypeTree from /usr/lib/jvm/java-8-openjdk/jre/lib/rt.jar]
[Loaded sun.reflect.generics.tree.FormalTypeParameter from /usr/lib/jvm/java-8-openjdk/jre/lib/rt.jar]
[Loaded sun.reflect.generics.tree.TypeArgument from /usr/lib/jvm/java-8-openjdk/jre/lib/rt.jar]
[Loaded sun.reflect.generics.tree.ReturnType from /usr/lib/jvm/java-8-openjdk/jre/lib/rt.jar]
[Loaded sun.reflect.generics.tree.TypeSignature from /usr/lib/jvm/java-8-openjdk/jre/lib/rt.jar]
[Loaded sun.reflect.generics.tree.BaseType from /usr/lib/jvm/java-8-openjdk/jre/lib/rt.jar]
[Loaded sun.reflect.generics.tree.FieldTypeSignature from /usr/lib/jvm/java-8-openjdk/jre/lib/rt.jar]
[Loaded sun.reflect.generics.tree.SimpleClassTypeSignature from /usr/lib/jvm/java-8-openjdk/jre/lib/rt.jar]
[Loaded sun.reflect.generics.tree.ClassTypeSignature from /usr/lib/jvm/java-8-openjdk/jre/lib/rt.jar]
[Loaded sun.reflect.generics.tree.Signature from /usr/lib/jvm/java-8-openjdk/jre/lib/rt.jar]
[Loaded sun.reflect.generics.tree.ClassSignature from /usr/lib/jvm/java-8-openjdk/jre/lib/rt.jar]
[Loaded java.lang.reflect.ParameterizedType from /usr/lib/jvm/java-8-openjdk/jre/lib/rt.jar]
2026-09-09 11:29:54 [INFO] Preparing spawn area: 61%
2026-09-09 11:29:55 [INFO] Preparing spawn area: 81%
2026-09-09 11:29:56 [INFO] Preparing start region for level 1
[Loaded jv from file:/home/tnazep/My%20Stuff/Dev/MC-Origins/reference/source/beta-1.7.3/server/original/minecraft_server.jar]
[Loaded pe from file:/home/tnazep/My%20Stuff/Dev/MC-Origins/reference/source/beta-1.7.3/server/original/minecraft_server.jar]
[Loaded lj from file:/home/tnazep/My%20Stuff/Dev/MC-Origins/reference/source/beta-1.7.3/server/original/minecraft_server.jar]
[Loaded ed from file:/home/tnazep/My%20Stuff/Dev/MC-Origins/reference/source/beta-1.7.3/server/original/minecraft_server.jar]
2026-09-09 11:29:56 [INFO] Preparing spawn area: 8%
2026-09-09 11:29:57 [INFO] Preparing spawn area: 20%
2026-09-09 11:29:58 [INFO] Preparing spawn area: 32%
2026-09-09 11:29:59 [INFO] Preparing spawn area: 40%
2026-09-09 11:30:00 [INFO] Preparing spawn area: 52%
2026-09-09 11:30:02 [INFO] Preparing spawn area: 61%
2026-09-09 11:30:03 [INFO] Preparing spawn area: 73%
2026-09-09 11:30:04 [INFO] Preparing spawn area: 85%
2026-09-09 11:30:05 [INFO] Preparing spawn area: 93%
2026-09-09 11:30:06 [INFO] Done (13577832851ns)! For help, type "help" or "?"
[Loaded af from file:/home/tnazep/My%20Stuff/Dev/MC-Origins/reference/source/beta-1.7.3/server/original/minecraft_server.jar]
[Loaded cz from file:/home/tnazep/My%20Stuff/Dev/MC-Origins/reference/source/beta-1.7.3/server/original/minecraft_server.jar]
[Loaded ba from file:/home/tnazep/My%20Stuff/Dev/MC-Origins/reference/source/beta-1.7.3/server/original/minecraft_server.jar]
[Loaded bp from file:/home/tnazep/My%20Stuff/Dev/MC-Origins/reference/source/beta-1.7.3/server/original/minecraft_server.jar]
[Loaded hh from file:/home/tnazep/My%20Stuff/Dev/MC-Origins/reference/source/beta-1.7.3/server/original/minecraft_server.jar]
[Loaded java.io.EOFException from /usr/lib/jvm/java-8-openjdk/jre/lib/rt.jar]
[Loaded hs from file:/home/tnazep/My%20Stuff/Dev/MC-Origins/reference/source/beta-1.7.3/server/original/minecraft_server.jar]
[Loaded iv from file:/home/tnazep/My%20Stuff/Dev/MC-Origins/reference/source/beta-1.7.3/server/original/minecraft_server.jar]
[Loaded hy from file:/home/tnazep/My%20Stuff/Dev/MC-Origins/reference/source/beta-1.7.3/server/original/minecraft_server.jar]
[Loaded l from file:/home/tnazep/My%20Stuff/Dev/MC-Origins/reference/source/beta-1.7.3/server/original/minecraft_server.jar]
[Loaded km from file:/home/tnazep/My%20Stuff/Dev/MC-Origins/reference/source/beta-1.7.3/server/original/minecraft_server.jar]
[Loaded a from file:/home/tnazep/My%20Stuff/Dev/MC-Origins/reference/source/beta-1.7.3/server/original/minecraft_server.jar]
[Loaded db from file:/home/tnazep/My%20Stuff/Dev/MC-Origins/reference/source/beta-1.7.3/server/original/minecraft_server.jar]
[Loaded fm from file:/home/tnazep/My%20Stuff/Dev/MC-Origins/reference/source/beta-1.7.3/server/original/minecraft_server.jar]
[Loaded v from file:/home/tnazep/My%20Stuff/Dev/MC-Origins/reference/source/beta-1.7.3/server/original/minecraft_server.jar]
[Loaded nm from file:/home/tnazep/My%20Stuff/Dev/MC-Origins/reference/source/beta-1.7.3/server/original/minecraft_server.jar]
[Loaded dc from file:/home/tnazep/My%20Stuff/Dev/MC-Origins/reference/source/beta-1.7.3/server/original/minecraft_server.jar]
[Loaded gm from file:/home/tnazep/My%20Stuff/Dev/MC-Origins/reference/source/beta-1.7.3/server/original/minecraft_server.jar]
[Loaded eo from file:/home/tnazep/My%20Stuff/Dev/MC-Origins/reference/source/beta-1.7.3/server/original/minecraft_server.jar]
[Loaded fd from file:/home/tnazep/My%20Stuff/Dev/MC-Origins/reference/source/beta-1.7.3/server/original/minecraft_server.jar]
[Loaded gq from file:/home/tnazep/My%20Stuff/Dev/MC-Origins/reference/source/beta-1.7.3/server/original/minecraft_server.jar]
[Loaded im from file:/home/tnazep/My%20Stuff/Dev/MC-Origins/reference/source/beta-1.7.3/server/original/minecraft_server.jar]
[Loaded mk from file:/home/tnazep/My%20Stuff/Dev/MC-Origins/reference/source/beta-1.7.3/server/original/minecraft_server.jar]
[Loaded hu from file:/home/tnazep/My%20Stuff/Dev/MC-Origins/reference/source/beta-1.7.3/server/original/minecraft_server.jar]
[Loaded if from file:/home/tnazep/My%20Stuff/Dev/MC-Origins/reference/source/beta-1.7.3/server/original/minecraft_server.jar]
[Loaded cc from file:/home/tnazep/My%20Stuff/Dev/MC-Origins/reference/source/beta-1.7.3/server/original/minecraft_server.jar]
[Loaded ls from file:/home/tnazep/My%20Stuff/Dev/MC-Origins/reference/source/beta-1.7.3/server/original/minecraft_server.jar]
[Loaded gf from file:/home/tnazep/My%20Stuff/Dev/MC-Origins/reference/source/beta-1.7.3/server/original/minecraft_server.jar]
[Loaded nt from file:/home/tnazep/My%20Stuff/Dev/MC-Origins/reference/source/beta-1.7.3/server/original/minecraft_server.jar]
[Loaded jz from file:/home/tnazep/My%20Stuff/Dev/MC-Origins/reference/source/beta-1.7.3/server/original/minecraft_server.jar]
[Loaded ef from file:/home/tnazep/My%20Stuff/Dev/MC-Origins/reference/source/beta-1.7.3/server/original/minecraft_server.jar]
[Loaded la from file:/home/tnazep/My%20Stuff/Dev/MC-Origins/reference/source/beta-1.7.3/server/original/minecraft_server.jar]
[Loaded mr from file:/home/tnazep/My%20Stuff/Dev/MC-Origins/reference/source/beta-1.7.3/server/original/minecraft_server.jar]
[Loaded lw from file:/home/tnazep/My%20Stuff/Dev/MC-Origins/reference/source/beta-1.7.3/server/original/minecraft_server.jar]
[Loaded lh from file:/home/tnazep/My%20Stuff/Dev/MC-Origins/reference/source/beta-1.7.3/server/original/minecraft_server.jar]
[Loaded ju from file:/home/tnazep/My%20Stuff/Dev/MC-Origins/reference/source/beta-1.7.3/server/original/minecraft_server.jar]
[Loaded kn from file:/home/tnazep/My%20Stuff/Dev/MC-Origins/reference/source/beta-1.7.3/server/original/minecraft_server.jar]
[Loaded io from file:/home/tnazep/My%20Stuff/Dev/MC-Origins/reference/source/beta-1.7.3/server/original/minecraft_server.jar]
[Loaded nc from file:/home/tnazep/My%20Stuff/Dev/MC-Origins/reference/source/beta-1.7.3/server/original/minecraft_server.jar]
[Loaded li from file:/home/tnazep/My%20Stuff/Dev/MC-Origins/reference/source/beta-1.7.3/server/original/minecraft_server.jar]
[Loaded cs from file:/home/tnazep/My%20Stuff/Dev/MC-Origins/reference/source/beta-1.7.3/server/original/minecraft_server.jar]
[Loaded oq from file:/home/tnazep/My%20Stuff/Dev/MC-Origins/reference/source/beta-1.7.3/server/original/minecraft_server.jar]
[Loaded mn from file:/home/tnazep/My%20Stuff/Dev/MC-Origins/reference/source/beta-1.7.3/server/original/minecraft_server.jar]
[Loaded fw from file:/home/tnazep/My%20Stuff/Dev/MC-Origins/reference/source/beta-1.7.3/server/original/minecraft_server.jar]
[Loaded hw from file:/home/tnazep/My%20Stuff/Dev/MC-Origins/reference/source/beta-1.7.3/server/original/minecraft_server.jar]
[Loaded ke from file:/home/tnazep/My%20Stuff/Dev/MC-Origins/reference/source/beta-1.7.3/server/original/minecraft_server.jar]
[Loaded fe from file:/home/tnazep/My%20Stuff/Dev/MC-Origins/reference/source/beta-1.7.3/server/original/minecraft_server.jar]
[Loaded gr from file:/home/tnazep/My%20Stuff/Dev/MC-Origins/reference/source/beta-1.7.3/server/original/minecraft_server.jar]
[Loaded id from file:/home/tnazep/My%20Stuff/Dev/MC-Origins/reference/source/beta-1.7.3/server/original/minecraft_server.jar]
[Loaded ja from file:/home/tnazep/My%20Stuff/Dev/MC-Origins/reference/source/beta-1.7.3/server/original/minecraft_server.jar]
[Loaded ms from file:/home/tnazep/My%20Stuff/Dev/MC-Origins/reference/source/beta-1.7.3/server/original/minecraft_server.jar]
[Loaded ix from file:/home/tnazep/My%20Stuff/Dev/MC-Origins/reference/source/beta-1.7.3/server/original/minecraft_server.jar]
[Loaded pv from file:/home/tnazep/My%20Stuff/Dev/MC-Origins/reference/source/beta-1.7.3/server/original/minecraft_server.jar]
2026-09-09 11:30:06 [INFO] CONSOLE: Stopping the server..
2026-09-09 11:30:06 [INFO] Stopping server
2026-09-09 11:30:06 [INFO] Saving chunks
[Loaded java.util.zip.Deflater from /usr/lib/jvm/java-8-openjdk/jre/lib/rt.jar]
[Loaded mg from file:/home/tnazep/My%20Stuff/Dev/MC-Origins/reference/source/beta-1.7.3/server/original/minecraft_server.jar]
[Loaded java.io.RandomAccessFile$1 from /usr/lib/jvm/java-8-openjdk/jre/lib/rt.jar]
2026-09-09 11:30:06 [INFO] Saving chunks
[Loaded java.util.IdentityHashMap$IdentityHashMapIterator from /usr/lib/jvm/java-8-openjdk/jre/lib/rt.jar]
[Loaded java.util.IdentityHashMap$KeyIterator from /usr/lib/jvm/java-8-openjdk/jre/lib/rt.jar]
